-- MySQL dump 10.13  Distrib 5.7.24, for osx11.1 (x86_64)
--
-- Host: localhost    Database: banking_db
-- ------------------------------------------------------
-- Server version	9.1.0

/*!40101 SET @OLD_CHARACTER_SET_CLIENT=@@CHARACTER_SET_CLIENT */;
/*!40101 SET @OLD_CHARACTER_SET_RESULTS=@@CHARACTER_SET_RESULTS */;
/*!40101 SET @OLD_COLLATION_CONNECTION=@@COLLATION_CONNECTION */;
/*!40101 SET NAMES utf8 */;
/*!40103 SET @OLD_TIME_ZONE=@@TIME_ZONE */;
/*!40103 SET TIME_ZONE='+00:00' */;
/*!40014 SET @OLD_UNIQUE_CHECKS=@@UNIQUE_CHECKS, UNIQUE_CHECKS=0 */;
/*!40014 SET @OLD_FOREIGN_KEY_CHECKS=@@FOREIGN_KEY_CHECKS, FOREIGN_KEY_CHECKS=0 */;
/*!40101 SET @OLD_SQL_MODE=@@SQL_MODE, SQL_MODE='NO_AUTO_VALUE_ON_ZERO' */;
/*!40111 SET @OLD_SQL_NOTES=@@SQL_NOTES, SQL_NOTES=0 */;

--
-- Table structure for table `account`
--

DROP TABLE IF EXISTS `account`;
/*!40101 SET @saved_cs_client     = @@character_set_client */;
/*!40101 SET character_set_client = utf8 */;
CREATE TABLE `account` (
  `account_number` varchar(50) NOT NULL,
  `account_type` varchar(50) DEFAULT NULL,
  `routing_number` varchar(50) DEFAULT NULL,
  `customer_id` int DEFAULT NULL,
  `branch_id` int DEFAULT NULL,
  `balance` decimal(15,2) DEFAULT NULL,
  `created_date` date DEFAULT NULL,
  `international_swift_code` varchar(15) DEFAULT NULL,
  `over_draft` tinyint(1) DEFAULT NULL,
  `low_bal` tinyint(1) DEFAULT NULL,
  PRIMARY KEY (`account_number`),
  KEY `branch_id` (`branch_id`),
  KEY `customer_id` (`customer_id`),
  CONSTRAINT `account_ibfk_1` FOREIGN KEY (`branch_id`) REFERENCES `branch` (`branch_id`),
  CONSTRAINT `account_ibfk_2` FOREIGN KEY (`customer_id`) REFERENCES `customer` (`customer_id`)
) ENGINE=InnoDB DEFAULT CHARSET=utf8mb4 COLLATE=utf8mb4_0900_ai_ci;
/*!40101 SET character_set_client = @saved_cs_client */;

--
-- Dumping data for table `account`
--

LOCK TABLES `account` WRITE;
/*!40000 ALTER TABLE `account` DISABLE KEYS */;
INSERT INTO `account` VALUES ('ACMZ65256394325853','Checking','045588286',113,8,5288.32,'2021-01-03','TRRKGBEKU4U',0,0),('ACTS83117943687364','Growth','046472359',180,2,2727.04,'2023-11-12','QWVUGBBVG7Z',1,1),('AERC82975924021185','Checking','068398372',151,8,4932.42,'2020-07-30','FHXZGBV8LRQ',0,1),('AGQR79278403151913','Savings','089318535',81,2,5813.87,'2021-12-07','VRUZGB7V',1,1),('AHCQ80330383768104','Checking','090361047',107,8,6421.53,'2024-09-15','AMGXGBIF',0,0),('AHTV54913292076866','Checking','024503787',150,9,2619.98,'2023-05-26','LSXEGBMTPEG',0,0),('ALFX85778684209744','Checking','040437170',70,9,9966.85,'2024-02-05','JREIGBEY',0,1),('AMYR29246081692516','Savings','123808817',62,2,7187.51,'2023-04-19','VDPVGB3TEED',1,0),('AQKA59365758336584','Savings','096188910',127,3,8346.55,'2021-12-23','TANCGBED',1,1),('ARSQ00495480400215','Savings','020432328',12,3,3884.31,'2024-10-27','WDYGGBKA',0,0),('ASPS02297534257877','Checking','060569976',186,2,1022.25,'2024-09-20','FBGDGB4T',0,0),('ATCE85335859122730','Growth','010723270',108,7,687.20,'2022-08-19','AXOKGBQFEE6',0,0),('AUHT86617901758141','Savings','045425491',137,3,8061.48,'2020-11-11','OGIGGBVWO7L',1,0),('AVEY89876079943096','Checking','065271654',175,4,3505.64,'2021-03-07','TIHMGB4V',1,0),('AVKK86740982453931','Growth','069262863',80,10,8522.52,'2023-05-11','NNNSGB0YB6M',1,1),('AVVV33264247206517','Growth','122379622',169,6,2799.99,'2023-11-05','EMJPGBFSEEY',0,0),('AWER14493800905793','Growth','038232329',73,3,248.57,'2021-03-23','NNAUGBPD',1,0),('AYKF85191087436569','Savings','126824704',170,3,1579.13,'2023-04-29','GSGJGBVQ',0,1),('BBOQ51549950504229','Savings','105022608',97,1,6342.52,'2022-10-28','IOSIGBGNCWY',1,0),('BBXP07553879748851','Growth','036507344',2,8,7682.87,'2022-09-11','OJPQGBB3QYA',0,1),('BCWE09949976951473','Growth','043017856',83,5,3167.84,'2024-04-07','XDQEGBGC',0,0),('BDIA31139919870558','Checking','076717631',44,1,8728.69,'2024-03-02','FIOTGBZ2',0,1),('BGHF70344771702355','Growth','042174295',119,7,923.81,'2022-12-20','VPJVGBQE8Z6',0,0),('BJDA63830237010200','Checking','061078233',22,6,6894.08,'2024-08-17','XXYYGBX0PQZ',0,0),('BJFX32617490782950','Savings','122931235',184,2,9656.92,'2020-07-14','AZTPGBFZ',1,1),('BLBC79885207403337','Growth','012577709',125,5,8974.53,'2021-06-15','ZCRRGBRM',1,0),('BLJW42362717154746','Checking','074381878',121,7,9354.85,'2021-01-23','CKQYGBZF59J',1,0),('BNLA43221666139668','Savings','021976618',140,2,2050.23,'2022-01-23','XTFXGBQT',0,1),('BNPY33107547759415','Checking','015116756',9,9,4135.60,'2022-10-13','TUPCGBJMU3J',0,1),('BPZZ85114927678466','Growth','128506486',59,6,3593.74,'2023-07-19','QPNYGB5DRRS',1,1),('BRDD14385438841831','Growth','114018852',16,8,6421.71,'2020-03-06','KCTWGBM17L6',1,0),('BVCT12682038056194','Savings','095326087',161,10,9788.10,'2020-08-21','YVKPGBXU',0,0),('BVFY02376513317054','Savings','025702943',155,5,3000.08,'2021-12-22','YCUMGBGX',0,0),('BVRY60899618853195','Savings','020723215',37,10,8447.71,'2022-12-07','QVCLGB2B',1,0),('BWFW33946527918060','Growth','075444280',112,7,308.66,'2020-05-27','UCEIGB2Z',0,1),('BZCP66201647520595','Growth','089638778',141,1,7105.57,'2023-10-09','CFBPGBNP',0,1),('CDFI91499127061642','Growth','117145845',126,10,243.10,'2021-11-10','VCEJGBMDTG1',0,0),('CDHG28465183651207','Growth','100191356',200,1,6413.16,'2024-08-19','SRJOGB8GJ0C',0,1),('CDJO56509180821082','Growth','058850480',33,7,6761.72,'2021-10-22','JXGUGBZM',1,1),('CDSC55950660545236','Checking','067636983',114,3,2641.97,'2023-04-27','VATJGB0C88F',0,1),('CEJP45263490187779','Savings','012470437',46,9,2251.56,'2020-11-27','LFLJGBQWBZD',1,0),('CFAA14870046198687','Checking','040200886',189,8,5189.64,'2020-12-16','SHANGBBEL3M',0,0),('CFWN21350075604701','Savings','044460091',78,5,252.12,'2024-10-24','HENHGBNX',0,1),('CGLB55417814270847','Growth','081822825',23,8,469.78,'2021-03-19','FWDLGBMSFGR',1,1),('CGWK74240433456425','Growth','127631420',187,5,9307.52,'2021-05-05','HFKDGBLXR62',1,1),('CHJG63328243322782','Savings','080507510',60,5,5882.98,'2020-11-30','UZVZGBJMVVX',0,0),('CHRC34177015270970','Checking','072590807',20,5,533.56,'2022-05-18','ELSDGB9C',1,0),('CIGC42450150941923','Growth','107715722',71,7,1266.04,'2024-03-20','KGOWGBVF',0,1),('CIHV73508419780756','Savings','118104759',119,7,9443.84,'2022-12-20','VPJVGBQE8Z6',0,0),('CIKO41563273383071','Checking','098865859',147,8,4035.28,'2022-12-06','JMEQGB5IUHL',1,1),('CIMJ70489554319283','Checking','126936511',171,8,1805.78,'2024-07-07','TRKNGBHBV8Y',0,0),('CKZU03180660384707','Growth','100913217',159,4,7994.87,'2022-12-25','DRYFGB3F17D',0,0),('CLPO29883108354337','Checking','115523951',193,1,6331.42,'2020-08-21','KXPSGB3N9WP',1,0),('CMRK20970900761520','Checking','073675844',111,6,6426.05,'2021-12-11','PKGHGBYR',0,0),('CMSL33797754336073','Growth','073095288',166,2,4877.95,'2024-02-10','NUEYGB1MZ35',1,1),('CNGO73804800513934','Checking','096624461',180,2,8238.97,'2023-11-12','QWVUGBBVG7Z',0,0),('CQEK29415179210688','Growth','030590195',133,5,1569.26,'2025-01-06','LZHIGBXBL1T',1,1),('CRDV12042238025509','Checking','065022191',129,10,9762.86,'2024-11-02','HJNXGB29LUT',1,1),('CSCA59490756256373','Growth','105567448',97,1,3882.25,'2022-10-28','IOSIGBGNCWY',0,1),('CTHU87420721998479','Checking','036406283',163,4,7131.19,'2020-08-27','HRGPGBEF',1,1),('CTJF82281456086934','Growth','083386068',122,3,6527.24,'2022-02-23','UJWAGB2Z',0,1),('CTWC45754969087324','Savings','090657049',126,10,3270.41,'2021-11-10','VCEJGBMDTG1',1,0),('CVNE01352115408434','Savings','110485476',42,8,2304.36,'2020-04-17','QUTHGBQMTY6',0,1),('CZCF35765273100899','Checking','065860764',152,3,3086.33,'2024-09-12','WUPMGBWC',0,1),('CZQB66737727942888','Checking','053790451',174,1,295.62,'2020-07-11','XUTXGBDMC84',1,1),('DCLC44226470525425','Growth','100425417',121,7,7249.21,'2021-01-23','CKQYGBZF59J',0,0),('DCNU81152980627658','Checking','021784363',116,3,3283.25,'2024-07-22','GJRYGBHT',1,0),('DEYY19900533208323','Checking','123996826',8,9,8603.88,'2024-08-10','BFTLGB46',0,0),('DHEV04179222827232','Checking','112861409',131,2,4159.82,'2021-05-20','BGYGGBYAYG7',0,0),('DHGO97460443004432','Checking','053972075',178,2,1802.70,'2020-05-24','BATMGB43',1,0),('DHJW48128921869080','Checking','035711869',105,10,9634.45,'2023-04-27','BMNOGBS8DAJ',1,0),('DIUA94201740425371','Checking','012315013',10,10,5955.02,'2022-01-22','QCTRGB5K',0,1),('DMTN40040689927054','Checking','117872503',54,1,4051.78,'2023-09-09','VFWAGB5EGWI',1,1),('DNUS15085727436400','Savings','079366474',24,3,7356.95,'2021-04-30','IFMKGBJS',1,1),('DOJA61856834415487','Growth','094776447',131,2,5121.54,'2021-05-20','BGYGGBYAYG7',0,1),('DOYQ42370260460709','Savings','053439453',108,7,6166.20,'2022-08-19','AXOKGBQFEE6',1,1),('DPZM13935738023926','Growth','062148829',38,10,7246.16,'2022-10-16','MABUGBDB',0,0),('DQCU83053786168401','Savings','075676731',122,3,4701.93,'2022-02-23','UJWAGB2Z',0,1),('DRHZ40212341005842','Savings','116244352',199,7,8926.67,'2024-09-20','LVMVGBR9',0,0),('DRMJ65166137785072','Savings','020220886',153,3,8639.41,'2022-05-11','HCESGBR2',1,0),('DRVD40071981023139','Checking','013327372',98,1,2128.53,'2021-05-21','UGGHGBLA',1,1),('DSOM92784021112009','Growth','020492478',151,8,1647.64,'2020-07-30','FHXZGBV8LRQ',1,0),('DWAT28761542072206','Savings','081905933',136,1,5865.13,'2023-11-27','JSEQGBOQYGV',0,1),('DXAX50859466468173','Savings','030380758',113,8,2895.22,'2021-01-03','TRRKGBEKU4U',0,0),('DYOB04652810438552','Checking','084551054',79,10,2335.65,'2021-04-16','XBKUGBOX',0,0),('DYWM71692889720508','Checking','031616269',19,5,489.01,'2022-09-26','QSXPGBWW3R5',1,0),('EAES29550771050160','Checking','017939588',97,1,859.27,'2022-10-28','IOSIGBGNCWY',0,1),('EAEU85646900751672','Growth','129299190',56,10,2902.34,'2021-04-24','JCNTGBGMAIO',1,0),('EAXN08038490016730','Growth','011307048',88,6,1227.22,'2023-01-26','IVZJGBOP',1,0),('ECEV22709848571899','Growth','062107488',106,9,9325.56,'2022-11-07','MMPFGBVLV7Y',0,0),('EEZG01971314687753','Checking','102356979',11,5,3585.24,'2023-06-16','SGZZGBNR',0,0),('EFAB88715439079746','Savings','097155133',186,2,8262.08,'2024-09-20','FBGDGB4T',1,1),('EFEO04735200743697','Growth','068890621',161,10,4166.34,'2020-08-21','YVKPGBXU',1,0),('EFMT71223648282194','Checking','049937943',109,9,5781.45,'2021-08-14','WREZGBX7',0,1),('EHDZ06534809965426','Growth','061819609',65,2,621.58,'2022-12-26','MECXGB5H',0,1),('EITU04577077275840','Savings','127872069',8,9,8897.30,'2024-08-10','BFTLGB46',1,0),('EIVN75019412016967','Savings','045425530',63,3,2003.60,'2023-10-27','AKJXGBGB103',1,0),('ELTH88413986072468','Savings','121219259',150,9,7426.07,'2023-05-26','LSXEGBMTPEG',1,0),('ENLZ76419007641527','Checking','122926156',67,2,676.93,'2022-10-03','BSRXGBQ1OUF',1,0),('ERKR19206855973180','Growth','038390339',60,5,5891.18,'2020-11-30','UZVZGBJMVVX',0,0),('EROH86076447190358','Growth','020066817',90,7,6482.31,'2021-01-24','RPADGBODAEN',1,1),('ERQJ50896336949925','Checking','011382157',64,8,1401.27,'2022-01-09','MSKAGBMEHTY',1,1),('EVVO88465501893055','Savings','076373130',34,7,6247.12,'2024-12-19','FOWJGB1XZZ1',1,1),('EWPR05075212935446','Growth','052505809',128,9,2385.31,'2020-10-13','OKJAGB6S74E',1,1),('EXFP33593932138701','Savings','099218065',179,10,3121.85,'2020-01-30','OFAFGB1E',0,0),('EXIH36653259676378','Savings','103603676',77,9,9898.10,'2023-05-06','EKPXGB0DXJA',0,0),('EXJZ35540998998873','Growth','019347880',176,9,2145.59,'2021-02-26','JLZDGBV9Z87',1,1),('EYHY67641287047679','Checking','057313779',127,3,5982.68,'2021-12-23','TANCGBED',0,0),('FAZH85594051324897','Savings','120094909',90,7,7403.67,'2021-01-24','RPADGBODAEN',0,1),('FCFU62209989013699','Growth','026501910',58,1,3110.50,'2021-09-28','LPZXGBDW1PO',0,0),('FEXF58773667499158','Growth','092891201',39,6,2847.67,'2020-02-22','HWSIGB1C',0,0),('FHGV81610773124713','Checking','040497534',183,7,5024.09,'2020-05-30','CIMWGB07',0,0),('FICJ39865985203601','Growth','024807548',54,1,4122.82,'2023-09-09','VFWAGB5EGWI',0,0),('FIXF39629873731387','Savings','067123137',101,3,1403.32,'2022-12-11','HNDJGBBOKCS',0,0),('FJAQ39468086470116','Checking','035120201',6,3,326.77,'2022-02-04','EHGFGBKI',1,0),('FJBT94492585005715','Savings','044252319',39,6,5637.29,'2020-02-22','HWSIGB1C',1,0),('FMOR76967058252493','Checking','038623394',184,2,6298.70,'2020-07-14','AZTPGBFZ',1,0),('FOQP92502802607332','Checking','123490173',45,7,4477.34,'2020-11-08','DEDRGBPUWHV',1,1),('FROX19153747237267','Checking','117446188',68,6,6801.87,'2022-03-25','ZZFLGBUWIKF',1,0),('FRUP77439917707541','Growth','030194261',167,8,4939.37,'2023-06-29','AKIAGBRV2C7',0,0),('FSDP75861979047237','Savings','105430559',35,2,623.38,'2024-12-20','XLSJGBNKJZ5',0,1),('FUHM02363503411812','Growth','078663042',48,7,8424.19,'2024-12-10','ZNIKGB6PX8L',0,0),('FUSK64577263982781','Savings','027590881',88,6,6815.84,'2023-01-26','IVZJGBOP',0,1),('FWAW13661427004246','Checking','023675373',55,5,165.89,'2023-12-21','DOGRGBW29KG',1,1),('FWIY60651400857154','Checking','033617619',101,3,9057.36,'2022-12-11','HNDJGBBOKCS',0,0),('FXNE26218955044269','Growth','043570429',120,8,8332.50,'2023-11-25','XIGNGBQ2',1,0),('FYGE44880829470050','Checking','047695355',164,8,5577.94,'2021-01-16','QDHPGB7A',0,0),('FYIQ58534252567628','Savings','054082935',13,9,5143.75,'2020-03-07','UZIBGB2NXL7',0,1),('GACJ50487291832856','Growth','080499440',77,9,9176.90,'2023-05-06','EKPXGB0DXJA',0,0),('GDUH21947164273715','Savings','081459780',123,8,7374.97,'2022-11-03','ZOTEGB0S7H5',0,0),('GEIL53997187372460','Savings','028808886',198,1,2604.51,'2023-04-07','IQZCGB8E95F',0,0),('GGYS40953846412402','Savings','118696500',64,8,1483.06,'2022-01-09','MSKAGBMEHTY',1,1),('GIAF53589784506053','Savings','030815401',165,8,2255.93,'2022-11-19','KEEWGBGWQN9',0,0),('GOBQ80910664698004','Checking','037089913',153,3,2852.43,'2022-05-11','HCESGBR2',1,0),('GRVO22679111362797','Savings','064350945',146,7,4675.53,'2023-01-30','PRKNGBLO',0,0),('GSKH17600605833476','Checking','114842918',65,2,6500.16,'2022-12-26','MECXGB5H',0,1),('GSMF01427690589417','Checking','025487080',198,1,8686.06,'2023-04-07','IQZCGB8E95F',0,1),('GSQB49135093972331','Savings','033654339',15,2,4452.48,'2024-01-07','OAHKGBYG2RU',1,1),('GUVA34794251536964','Checking','038037168',136,1,5252.95,'2023-11-27','JSEQGBOQYGV',1,0),('GVED64825450309694','Checking','117807714',161,10,9502.67,'2020-08-21','YVKPGBXU',1,0),('GVGF59919386862293','Checking','092950304',165,8,5127.25,'2022-11-19','KEEWGBGWQN9',0,1),('GVSY03776731419322','Growth','024452126',104,7,8309.79,'2024-11-29','NCHQGBBK',0,1),('GXKM45013745799651','Growth','043594900',32,2,7935.80,'2021-11-12','KZPSGBLD',0,1),('GXUA42863984036718','Checking','057505859',90,7,6344.67,'2021-01-24','RPADGBODAEN',0,1),('GYHY21230846382980','Savings','052242104',93,3,1262.49,'2020-03-20','GBHPGBRTP9T',1,1),('HBQY69445661549571','Growth','026859675',177,7,4337.72,'2023-01-15','SUAKGBT5',1,1),('HCNK92323412153390','Growth','039408440',190,4,1455.60,'2023-02-18','UFVRGBGQ85K',0,1),('HDHH63632335058142','Checking','015522890',34,7,2399.54,'2024-12-19','FOWJGB1XZZ1',1,0),('HETX47336535429593','Checking','029236949',77,9,3634.41,'2023-05-06','EKPXGB0DXJA',0,1),('HICV73536873078489','Growth','104908587',7,3,4446.43,'2023-01-11','KRLTGBZ6',0,1),('HIHM09338167381647','Checking','065646425',47,5,201.01,'2021-09-29','AFRMGBALAMH',1,0),('HIIU61507741291409','Checking','088110103',138,1,7336.26,'2024-06-20','GLJBGBL4',1,1),('HIWJ39041344052076','Checking','034979149',71,7,5770.59,'2024-03-20','KGOWGBVF',1,1),('HJKM23241381185111','Growth','029089112',5,4,4343.61,'2024-05-28','FDALGBAJUHD',1,0),('HMQQ92498851973177','Growth','094368350',130,9,7746.58,'2020-11-01','DBUPGBDSLKN',1,0),('HMQU24328635797516','Growth','035900434',173,10,566.64,'2020-03-11','ERZYGBL84G5',1,0),('HNLN84412681626841','Checking','061059838',200,1,9335.88,'2024-08-19','SRJOGB8GJ0C',0,0),('HOJP19965687747313','Growth','030631135',172,5,7080.29,'2020-07-05','NYULGB53B1V',0,1),('HOYP78881858240926','Checking','022334851',17,7,7242.03,'2021-08-25','MZNKGBBBEIQ',0,0),('HPJR95978961798426','Savings','090610730',131,2,9162.84,'2021-05-20','BGYGGBYAYG7',0,1),('HPYZ97511155838614','Savings','102943829',16,8,1213.88,'2020-03-06','KCTWGBM17L6',0,0),('HQHI43225111107582','Savings','106585717',82,5,6861.01,'2024-07-14','VWQMGBBTO3H',0,1),('HSDF20668624508428','Growth','056259533',36,6,7798.09,'2024-04-27','EIRHGBEW',0,1),('HSRU47803837325278','Savings','027985399',67,2,735.16,'2022-10-03','BSRXGBQ1OUF',0,0),('HTIL80014362504434','Savings','096411425',84,10,9795.76,'2022-10-18','MNPQGB9W',1,1),('HUHS52526387367209','Growth','051652355',145,5,7287.86,'2023-08-07','WRKSGBS6TID',0,0),('HUNC20866663042892','Savings','082095567',162,5,7926.85,'2023-11-22','IYKPGBNL9U8',1,0),('HWAM71946623214382','Savings','127193175',1,2,4157.81,'2020-03-15','HKAHGBVR',1,1),('HWIB50837841983444','Growth','037551849',19,5,7079.35,'2022-09-26','QSXPGBWW3R5',0,1),('HWOM45674305886023','Checking','025277627',168,2,5876.74,'2020-01-30','ONZXGB1TNHP',1,0),('HXJO09839710950965','Savings','120758449',94,2,3973.50,'2021-07-02','UIQHGB99XLW',0,0),('HXQM20323825641870','Savings','098103595',38,10,213.11,'2022-10-16','MABUGBDB',0,1),('HZHR01735679215414','Growth','082567150',143,5,7595.38,'2024-05-27','CTBRGBTJ',1,1),('HZPN98262889427885','Growth','028594514',117,2,3379.47,'2022-05-31','IBOBGBXBAU1',0,0),('IATX96204141415508','Savings','018140583',95,8,9650.61,'2020-07-18','HMUOGBIPO8W',0,1),('IBLR39334906492902','Savings','037330662',130,9,1811.80,'2020-11-01','DBUPGBDSLKN',1,1),('ICOT20062022362131','Growth','020911483',28,10,9180.53,'2023-07-22','CDHYGBJEDN5',1,0),('ICQU03349519858395','Checking','071745491',125,5,1766.33,'2021-06-15','ZCRRGBRM',0,1),('IDHJ60601448783929','Growth','034580305',41,10,1107.79,'2023-09-27','FIZUGBHL',1,1),('IETS02063336930519','Savings','082168892',28,10,5784.43,'2023-07-22','CDHYGBJEDN5',0,1),('IFZL07480494127884','Checking','026940212',60,5,3821.67,'2020-11-30','UZVZGBJMVVX',1,0),('IGBW81746548316990','Savings','016461785',5,4,4956.18,'2024-05-28','FDALGBAJUHD',0,1),('IGEF74463729214091','Checking','114623603',169,6,6965.78,'2023-11-05','EMJPGBFSEEY',0,1),('IHIT35993327411447','Growth','076874642',84,10,8207.67,'2022-10-18','MNPQGB9W',0,0),('IKDZ98375868533883','Growth','027912100',182,1,9967.00,'2023-02-15','PPMBGBKB',1,1),('IKHA04693930095442','Growth','127816009',55,5,2767.25,'2023-12-21','DOGRGBW29KG',0,0),('IKUT32344863187650','Checking','083883121',73,3,6752.62,'2021-03-23','NNAUGBPD',0,1),('ILNB87665334421299','Growth','126013230',31,3,6135.96,'2023-05-07','TVJIGB9Q',1,1),('IMKD28726790199139','Growth','038559808',139,10,3569.38,'2024-10-17','KUTRGBBNK2C',1,1),('INLD94025398093063','Checking','101912372',128,9,2293.00,'2020-10-13','OKJAGB6S74E',1,0),('INTB46342865656993','Growth','121863773',78,5,5474.50,'2024-10-24','HENHGBNX',0,1),('IONF90499153925076','Savings','088603607',125,5,6634.94,'2021-06-15','ZCRRGBRM',0,1),('IPYU92487158766493','Checking','068116376',195,5,2088.88,'2020-08-07','CMQNGB2LIO3',1,0),('ISDL88077554008797','Checking','024810823',50,6,7007.88,'2022-07-26','VHRCGB83',0,1),('ISMR52709200822382','Savings','119029956',180,2,5320.55,'2023-11-12','QWVUGBBVG7Z',0,1),('ISVX06082057891805','Checking','044709325',145,5,5722.53,'2023-08-07','WRKSGBS6TID',1,0),('IVAC78910095468831','Savings','026366210',189,8,7325.13,'2020-12-16','SHANGBBEL3M',0,0),('IVYL00083222907528','Growth','115285862',144,1,6579.35,'2022-05-07','BSYHGBM0',1,0),('IWWM31255192780090','Growth','064882497',198,1,4170.57,'2023-04-07','IQZCGB8E95F',1,0),('IYFP89684968386668','Growth','015170569',46,9,1065.70,'2020-11-27','LFLJGBQWBZD',0,0),('IYKA65936274327458','Checking','053167107',190,4,5821.24,'2023-02-18','UFVRGBGQ85K',0,0),('JAQN26478224097105','Growth','097930442',175,4,2630.33,'2021-03-07','TIHMGB4V',1,0),('JCFY45768625021206','Savings','011370635',57,2,2765.04,'2021-07-15','DZDGGBG1',1,1),('JCJV28900233350118','Growth','056318254',168,2,6232.28,'2020-01-30','ONZXGB1TNHP',0,0),('JCNH33616280962541','Savings','126464025',53,5,9823.40,'2023-10-31','MPOBGBQO',0,0),('JGDQ37130894727678','Growth','052063888',163,4,3635.73,'2020-08-27','HRGPGBEF',0,0),('JGDY38780143129729','Savings','072928518',176,9,8725.02,'2021-02-26','JLZDGBV9Z87',0,0),('JGUY49143661103614','Checking','107887692',148,2,1719.58,'2022-07-21','SDVTGB7B',1,1),('JHAL16001372236413','Growth','042033459',91,2,9236.20,'2024-05-24','JJOOGBSVXOV',0,1),('JLDC78989778709573','Checking','047748396',69,7,8327.23,'2021-07-13','JWWSGBG8',0,0),('JLEQ21417142904397','Savings','111678334',144,1,5209.45,'2022-05-07','BSYHGBM0',1,0),('JLGB72210351822099','Growth','091793261',149,1,3990.76,'2022-01-18','HPDDGBGG',1,1),('JLRH37710811658053','Savings','071317926',9,9,4943.17,'2022-10-13','TUPCGBJMU3J',1,1),('JMCR13854923112721','Checking','094503393',149,1,3180.90,'2022-01-18','HPDDGBGG',1,0),('JMZB71385427542741','Savings','055879804',70,9,6280.90,'2024-02-05','JREIGBEY',1,1),('JNXE53448941875968','Growth','111766107',10,10,4259.54,'2022-01-22','QCTRGB5K',0,0),('JOLR34641506173424','Checking','049202209',46,9,7564.43,'2020-11-27','LFLJGBQWBZD',1,0),('JOXL06923298033412','Growth','078762532',13,9,9935.58,'2020-03-07','UZIBGB2NXL7',0,1),('JPDX04070154714867','Checking','047113332',40,6,1415.01,'2022-11-09','UGXMGBH9',0,0),('JPGD74273434689134','Checking','098620094',154,7,6095.41,'2024-09-12','QRTBGBH0GFS',1,0),('JPSB61080740510515','Growth','060246545',81,2,6495.95,'2021-12-07','VRUZGB7V',1,1),('JRYS28214499804466','Growth','119687068',137,3,449.36,'2020-11-11','OGIGGBVWO7L',1,0),('JTEX22457206624873','Savings','087551527',185,3,8027.06,'2023-02-08','LJWPGBE5S16',1,1),('JTZT75797385034051','Checking','119068412',104,7,853.80,'2024-11-29','NCHQGBBK',0,1),('JUOQ63089651687062','Savings','121538558',143,5,8297.08,'2024-05-27','CTBRGBTJ',0,1),('JUSS01910665957124','Checking','104014989',91,2,4844.24,'2024-05-24','JJOOGBSVXOV',0,1),('JVPC75079276659617','Savings','112732305',96,7,2100.05,'2021-09-19','JSYZGBN2GI3',0,1),('JWHZ61986142779868','Checking','017935029',99,5,9116.40,'2020-06-22','UGWIGBWA',1,1),('JWMG95278703758746','Checking','038477278',2,8,6577.41,'2022-09-11','OJPQGBB3QYA',0,1),('JWQH08687201855709','Checking','054206517',78,5,7350.80,'2024-10-24','HENHGBNX',0,0),('JXGG37755451610697','Checking','054720129',134,9,6730.98,'2022-01-21','CMPVGB78',0,0),('JXGK20854269522262','Growth','066274744',181,8,8854.52,'2024-11-05','TBSZGB5OVT9',1,0),('JYEL60921520416002','Savings','070232811',10,10,4778.14,'2022-01-22','QCTRGB5K',0,0),('JYJG16503274361699','Savings','028453118',187,5,9445.68,'2021-05-05','HFKDGBLXR62',1,1),('KCIQ66414360394614','Savings','091842756',17,7,5971.97,'2021-08-25','MZNKGBBBEIQ',1,1),('KCQN66425010246318','Savings','114328429',41,10,5654.36,'2023-09-27','FIZUGBHL',0,0),('KGPI29667220488422','Savings','123416102',147,8,5129.06,'2022-12-06','JMEQGB5IUHL',0,0),('KGZF26053435917935','Growth','103689865',37,10,4944.98,'2022-12-07','QVCLGB2B',0,0),('KHBW94645322452254','Checking','057534095',5,4,3865.67,'2024-05-28','FDALGBAJUHD',1,0),('KJWD01708630809016','Checking','105501682',172,5,9023.98,'2020-07-05','NYULGB53B1V',0,0),('KKXD78102270328629','Checking','062720250',24,3,3833.53,'2021-04-30','IFMKGBJS',1,0),('KLBC50878451883475','Growth','012531211',157,5,5378.27,'2022-10-21','EBACGB4S',0,0),('KMWL85794308003026','Growth','099582843',21,7,8867.73,'2024-02-17','OXQPGBPCYAP',1,1),('KNVD21845677300317','Growth','029325656',197,4,9588.77,'2023-08-09','QZGCGBXQBHG',1,1),('KOWM59952080649542','Checking','099507365',102,1,8104.71,'2023-11-20','FQCMGBMO',1,1),('KPBI32008228864833','Savings','096069521',151,8,511.94,'2020-07-30','FHXZGBV8LRQ',1,0),('KSIE07675627296615','Growth','107692065',109,9,975.03,'2021-08-14','WREZGBX7',1,0),('KSNW36098954471749','Checking','057271646',38,10,8878.99,'2022-10-16','MABUGBDB',0,0),('KSYR02763794692472','Savings','057001531',109,9,6978.74,'2021-08-14','WREZGBX7',1,0),('KVWP97121466836426','Growth','035744726',8,9,995.56,'2024-08-10','BFTLGB46',1,1),('KXLV83872814782564','Growth','090953921',150,9,5122.07,'2023-05-26','LSXEGBMTPEG',1,1),('KYON09489240818726','Growth','015484093',129,10,4610.64,'2024-11-02','HJNXGB29LUT',1,0),('KYTH30864593658272','Savings','020838663',138,1,529.95,'2024-06-20','GLJBGBL4',1,1),('KYTL24007917518365','Growth','065861718',103,1,9963.06,'2020-03-21','IBZHGBDUVY1',1,1),('LALE45423839695236','Growth','021348521',99,5,7778.59,'2020-06-22','UGWIGBWA',0,0),('LBYR41365491547840','Growth','057718455',62,2,3153.65,'2023-04-19','VDPVGB3TEED',0,1),('LDIY64929396234253','Checking','049699757',89,2,5722.72,'2023-05-18','KWLLGB17V3R',1,1),('LEDI54881231419932','Growth','091194064',4,8,7916.63,'2020-06-14','QWGKGBWX',0,0),('LFVZ32100929880767','Savings','037560843',26,7,3759.53,'2023-09-22','KLVAGB8L',1,0),('LGWT73075898442063','Checking','024589264',1,2,7915.60,'2020-03-15','HKAHGBVR',1,0),('LHLU76680560703795','Checking','011251835',126,10,356.82,'2021-11-10','VCEJGBMDTG1',0,0),('LHOU08491408434945','Savings','094823125',21,7,9661.21,'2024-02-17','OXQPGBPCYAP',1,0),('LHRE13323227645232','Checking','015618306',81,2,4393.07,'2021-12-07','VRUZGB7V',0,0),('LHVU78330607174746','Savings','027171145',56,10,3048.76,'2021-04-24','JCNTGBGMAIO',1,1),('LIRN68411199410965','Savings','036383283',168,2,5152.95,'2020-01-30','ONZXGB1TNHP',0,0),('LIZZ73900485616883','Checking','103306164',85,4,240.15,'2023-01-04','OTCPGBAT5PO',0,1),('LMYR59865864160962','Savings','030723603',44,1,8731.28,'2024-03-02','FIOTGBZ2',0,1),('LNEQ25006787326640','Savings','010445710',200,1,7812.02,'2024-08-19','SRJOGB8GJ0C',1,1),('LOTG86858327507027','Growth','066454823',100,1,3423.44,'2024-10-12','RXAXGBP3TLE',1,1),('LOUH60365380592576','Savings','021318496',160,3,6199.96,'2020-11-07','UOFZGBVN',0,0),('LPRA94445764168591','Checking','111825349',39,6,1859.33,'2020-02-22','HWSIGB1C',0,1),('LPUS98552530499753','Savings','039559412',73,3,2162.95,'2021-03-23','NNAUGBPD',0,0),('LQFF39623276088625','Growth','036161405',162,5,9812.38,'2023-11-22','IYKPGBNL9U8',1,0),('LQHD23543888536655','Growth','021441004',101,3,1643.63,'2022-12-11','HNDJGBBOKCS',0,1),('LQSZ23559639372483','Growth','118736839',6,3,933.76,'2022-02-04','EHGFGBKI',1,1),('LSAH75721272780388','Checking','113175055',27,3,691.01,'2022-06-21','CQWGGB36',0,0),('LSBL95886809569906','Savings','013301165',89,2,9828.09,'2023-05-18','KWLLGB17V3R',0,1),('LUWV58638242248026','Checking','103770693',191,6,4028.78,'2023-10-24','ADDNGB9EY06',1,1),('LZHP51345461706942','Growth','024994477',18,3,5843.84,'2022-01-10','CZRFGBQ3',1,0),('MAZT62922975307641','Growth','041332397',195,5,4382.56,'2020-08-07','CMQNGB2LIO3',1,0),('MCLS23519289054874','Checking','010135198',156,1,4358.61,'2021-02-18','VZIQGBOJ',0,0),('MEVF78227378184211','Growth','054219067',102,1,4093.47,'2023-11-20','FQCMGBMO',1,1),('MGNC46098723633121','Growth','044848024',186,2,8853.70,'2024-09-20','FBGDGB4T',1,1),('MGTA28576705814174','Checking','027275805',86,8,889.62,'2021-01-19','ATAJGBX2IOT',1,1),('MHZA99326056317400','Checking','102387252',196,1,1533.75,'2022-10-25','WQMLGBCRSZL',1,1),('MIAV59165549138636','Checking','127898030',35,2,6946.69,'2024-12-20','XLSJGBNKJZ5',0,0),('MIMH67311135409530','Growth','101269203',160,3,6744.37,'2020-11-07','UOFZGBVN',1,0),('MJRZ24455991375733','Growth','062640893',179,10,5500.51,'2020-01-30','OFAFGB1E',0,0),('MKPB07035719886447','Savings','032040627',152,3,6524.88,'2024-09-12','WUPMGBWC',1,0),('MKUK84318746346588','Savings','106414422',132,4,8003.50,'2022-12-05','SYSOGB5FKTK',0,0),('MLAF37448983107381','Savings','057012009',173,10,7486.40,'2020-03-11','ERZYGBL84G5',0,1),('MLPR69565010815302','Savings','040047955',107,8,4792.87,'2024-09-15','AMGXGBIF',1,0),('MLQR90124772151444','Checking','088458645',61,1,8041.91,'2022-02-03','KVLLGBO84JI',0,1),('MNPQ24193551724144','Checking','035079433',124,5,120.99,'2021-08-17','BDHRGBJM',0,1),('MOIH98109089830683','Checking','094477364',13,9,2687.97,'2020-03-07','UZIBGB2NXL7',1,1),('MOJT50322246821710','Savings','074779341',105,10,2318.51,'2023-04-27','BMNOGBS8DAJ',1,1),('MPZD88275906833183','Growth','060681320',194,8,4198.08,'2023-11-18','OOXUGB7V',1,0),('MRAY37504680063497','Checking','020730033',84,10,4297.63,'2022-10-18','MNPQGB9W',0,0),('MRYJ09183700635086','Checking','021576131',37,10,8246.11,'2022-12-07','QVCLGB2B',1,1),('MSOT98598728398388','Savings','040391818',178,2,2342.14,'2020-05-24','BATMGB43',1,0),('MSUY94886315677853','Savings','091950428',20,5,1607.51,'2022-05-18','ELSDGB9C',0,1),('MTRB62566988420891','Growth','028551586',61,1,2784.54,'2022-02-03','KVLLGBO84JI',1,0),('MUHL50965406472924','Savings','114337708',110,4,1785.51,'2024-08-12','CLDUGBX7',1,0),('MVDU75594555080110','Growth','076566222',142,2,3257.33,'2020-07-02','LSADGBPJ',0,0),('MWTQ84698741652831','Checking','053328140',122,3,1434.94,'2022-02-23','UJWAGB2Z',1,0),('MXKO81766165742605','Growth','118850647',170,3,6272.16,'2023-04-29','GSGJGBVQ',0,1),('MXRX77971531883039','Savings','110241296',43,9,3125.73,'2023-05-06','BYFJGB7P',0,0),('MYBW74969826776938','Growth','124594874',132,4,9163.09,'2022-12-05','SYSOGB5FKTK',1,0),('MZTR08944324526026','Savings','080476214',61,1,2373.27,'2022-02-03','KVLLGBO84JI',1,1),('NAQW36298292363157','Checking','068833358',53,5,3274.91,'2023-10-31','MPOBGBQO',1,0),('NBHG49096477811385','Savings','032411803',169,6,4529.20,'2023-11-05','EMJPGBFSEEY',1,1),('NCBK37481377955484','Savings','110630904',85,4,4473.84,'2023-01-04','OTCPGBAT5PO',1,0),('NCVB51592224176745','Checking','100207347',133,5,1862.86,'2025-01-06','LZHIGBXBL1T',0,0),('NDGV55887906366039','Checking','082093093',49,7,2235.37,'2020-02-19','RAFPGBFQKNK',1,0),('NEAB87615878329478','Growth','109081111',86,8,8854.24,'2021-01-19','ATAJGBX2IOT',1,1),('NFSD21917936926695','Savings','060147181',124,5,7885.27,'2021-08-17','BDHRGBJM',0,1),('NGJG72709898248064','Growth','103868822',199,7,5408.16,'2024-09-20','LVMVGBR9',1,0),('NGNV14908657351495','Growth','092300006',52,3,8299.95,'2021-03-26','ZVFEGBWACDJ',1,0),('NHNP24091510388483','Savings','052450381',166,2,7408.64,'2024-02-10','NUEYGB1MZ35',1,1),('NJTL19410725323901','Savings','052193965',50,6,6385.08,'2022-07-26','VHRCGB83',0,1),('NJYQ46619827256465','Checking','105954899',199,7,3539.13,'2024-09-20','LVMVGBR9',0,1),('NQGN72373435667153','Growth','120230006',47,5,9134.24,'2021-09-29','AFRMGBALAMH',1,1),('NQQK39777587776794','Growth','059909152',183,7,4912.93,'2020-05-30','CIMWGB07',0,1),('NRNH27252164708847','Savings','106978845',103,1,6527.68,'2020-03-21','IBZHGBDUVY1',1,0),('NTXX88555761512700','Checking','095168601',26,7,422.15,'2023-09-22','KLVAGB8L',1,1),('NUPU93515560199175','Checking','024375520',112,7,921.20,'2020-05-27','UCEIGB2Z',1,0),('NUSR85510761299831','Checking','063699759',123,8,2160.06,'2022-11-03','ZOTEGB0S7H5',0,0),('NWYN70826886386523','Savings','084389899',191,6,4562.29,'2023-10-24','ADDNGB9EY06',0,0),('NXGL05059677997003','Savings','025152920',58,1,2853.39,'2021-09-28','LPZXGBDW1PO',0,0),('NYCV00276372494038','Savings','103541589',102,1,3856.00,'2023-11-20','FQCMGBMO',0,0),('NYZD47955244825736','Savings','057547927',7,3,3882.63,'2023-01-11','KRLTGBZ6',1,1),('NZBJ59688697851432','Growth','074442429',50,6,8890.82,'2022-07-26','VHRCGB83',0,0),('OAWD60076223218911','Checking','081994274',188,1,8358.68,'2024-11-16','ZRSJGBPVT7F',1,1),('ODDM04235623248621','Savings','089965441',36,6,2157.83,'2024-04-27','EIRHGBEW',1,0),('ODVM57079855253945','Checking','110261289',139,10,3452.19,'2024-10-17','KUTRGBBNK2C',0,0),('OHZH85162742776294','Growth','103784391',156,1,1473.16,'2021-02-18','VZIQGBOJ',1,0),('OITO76217111043111','Checking','125891880',52,3,9238.99,'2021-03-26','ZVFEGBWACDJ',0,1),('OIZJ74794200511740','Savings','087945971',68,6,8025.50,'2022-03-25','ZZFLGBUWIKF',0,0),('OJAP29204047776256','Savings','072544840',4,8,1259.24,'2020-06-14','QWGKGBWX',1,0),('OJSX37368876473498','Growth','038925351',12,3,5546.49,'2024-10-27','WDYGGBKA',1,0),('OKMZ47071562520549','Growth','081983955',43,9,7158.88,'2023-05-06','BYFJGB7P',1,0),('OKWO94277358947774','Checking','033843108',115,4,8101.92,'2020-08-06','ZZNOGBC1WNA',1,1),('OMNC36246968507885','Savings','048848279',11,5,7419.10,'2023-06-16','SGZZGBNR',1,0),('OMNF77954990526999','Growth','063681725',29,10,8727.44,'2021-05-02','OLEOGBKM',0,1),('OMQB36812397838328','Checking','116003056',15,2,296.93,'2024-01-07','OAHKGBYG2RU',0,0),('OMUG31662097093903','Checking','041323296',25,3,7187.09,'2020-05-29','XGOFGBY7',0,0),('ONZA24001337295639','Savings','067809370',66,2,7327.20,'2021-12-02','ODSUGBIK',0,1),('OPMT58803707991876','Growth','123123398',124,5,5839.92,'2021-08-17','BDHRGBJM',1,0),('OQIS47585630979344','Checking','029822298',74,3,3556.79,'2024-04-02','NOHIGB7LBVC',0,0),('OSIZ56185829231297','Savings','108529108',31,3,4057.62,'2023-05-07','TVJIGB9Q',0,0),('OSUW56047372728100','Savings','124098118',183,7,590.27,'2020-05-30','CIMWGB07',0,0),('OUFB55031960811642','Growth','014256219',92,1,9220.71,'2020-06-12','CYKFGBWY',1,0),('OVDV78284470474721','Checking','046051770',87,3,2823.88,'2024-04-02','BBSDGBHIOIQ',1,1),('OVTQ84478746498114','Savings','038885378',47,5,1327.68,'2021-09-29','AFRMGBALAMH',1,0),('OVYS51922568590905','Checking','108377677',166,2,8891.56,'2024-02-10','NUEYGB1MZ35',0,1),('OWQS09528587501626','Savings','090598700',128,9,2504.23,'2020-10-13','OKJAGB6S74E',0,1),('OWYZ59912875767629','Savings','072626108',25,3,2298.70,'2020-05-29','XGOFGBY7',1,1),('OXQU19164895009050','Savings','078954450',120,8,5148.52,'2023-11-25','XIGNGBQ2',1,0),('OXTR16925472552489','Checking','022794941',30,9,1063.57,'2023-06-17','RQDWGBE6',1,1),('OXWX34457289478922','Savings','074047235',49,7,9347.29,'2020-02-19','RAFPGBFQKNK',1,1),('OZQM43103554778384','Checking','109249199',16,8,3306.56,'2020-03-06','KCTWGBM17L6',0,0),('PAFC93864213212451','Growth','033821227',136,1,6072.69,'2023-11-27','JSEQGBOQYGV',1,1),('PAIB47561891489605','Checking','116657729',29,10,7404.17,'2021-05-02','OLEOGBKM',1,1),('PAOB62043753379440','Checking','068179245',18,3,2362.56,'2022-01-10','CZRFGBQ3',1,1),('PBZR89875210674150','Checking','092517462',177,7,8471.27,'2023-01-15','SUAKGBT5',1,1),('PCXN68133324003341','Savings','103796910',177,7,5113.90,'2023-01-15','SUAKGBT5',1,0),('PESJ46803134430737','Checking','012002070',141,1,4712.93,'2023-10-09','CFBPGBNP',1,0),('PFKZ94416792211430','Savings','064574666',75,8,3522.33,'2022-01-02','ZOEVGB9A',0,1),('PGNM72920611922994','Savings','081304848',18,3,5553.69,'2022-01-10','CZRFGBQ3',0,1),('PHLD93049928548000','Growth','105404747',135,2,5096.51,'2020-05-10','EYIHGB63',0,0),('PJFU73607059304782','Checking','018167155',4,8,7230.20,'2020-06-14','QWGKGBWX',1,0),('PKRS43818424293300','Growth','012544871',153,3,9173.65,'2022-05-11','HCESGBR2',0,1),('PLWJ42992099278953','Checking','018550212',170,3,6498.29,'2023-04-29','GSGJGBVQ',1,1),('PMWZ61994802223599','Checking','129950992',33,7,9812.27,'2021-10-22','JXGUGBZM',1,0),('PNNM30660259352588','Savings','055276766',193,1,9328.32,'2020-08-21','KXPSGB3N9WP',0,0),('POJT26234771642790','Checking','105249805',197,4,4603.26,'2023-08-09','QZGCGBXQBHG',1,0),('POUJ68726371364254','Growth','128294675',72,3,1738.84,'2021-07-04','COLNGB90',1,0),('PVEO04953081181171','Growth','085655315',127,3,3311.88,'2021-12-23','TANCGBED',0,1),('PWFH41329814167241','Savings','104424443',52,3,2157.71,'2021-03-26','ZVFEGBWACDJ',0,0),('PYTM25637646073822','Growth','029661718',82,5,8410.59,'2024-07-14','VWQMGBBTO3H',1,0),('QAWD81070159142918','Savings','050110681',99,5,8838.67,'2020-06-22','UGWIGBWA',0,0),('QBMU25088810113010','Growth','084863661',107,8,3292.51,'2024-09-15','AMGXGBIF',1,0),('QCSI32078912667150','Savings','033415824',23,8,3900.30,'2021-03-19','FWDLGBMSFGR',1,1),('QCZD82123296778111','Growth','073788870',66,2,8959.11,'2021-12-02','ODSUGBIK',0,0),('QDKE65976983662384','Checking','098828294',88,6,8719.37,'2023-01-26','IVZJGBOP',0,0),('QFBQ16339506508750','Growth','113996988',111,6,3325.69,'2021-12-11','PKGHGBYR',0,0),('QFXF41338635470438','Savings','088484758',6,3,9614.08,'2022-02-04','EHGFGBKI',0,0),('QHKD95366642943845','Growth','104113288',189,8,5065.20,'2020-12-16','SHANGBBEL3M',1,1),('QHMY94998834897408','Checking','032877340',162,5,2478.77,'2023-11-22','IYKPGBNL9U8',1,1),('QMDE09433215301189','Savings','103400905',91,2,100.58,'2024-05-24','JJOOGBSVXOV',1,0),('QMHL22777003384835','Savings','052833898',40,6,6029.59,'2022-11-09','UGXMGBH9',1,0),('QMIT89530397241771','Savings','016215850',115,4,1312.48,'2020-08-06','ZZNOGBC1WNA',0,1),('QNOA84556937650500','Growth','031592202',14,1,5975.56,'2022-08-27','OUGOGBPAY0E',0,0),('QOPF46905207268086','Growth','060887179',70,9,2524.25,'2024-02-05','JREIGBEY',0,1),('QPXS39001007104201','Checking','025155723',93,3,5094.67,'2020-03-20','GBHPGBRTP9T',1,1),('QQBH35905792760043','Growth','087591778',93,3,273.02,'2020-03-20','GBHPGBRTP9T',0,0),('QRYJ95491132290382','Growth','052166455',76,6,7320.66,'2021-01-31','BULEGBES',1,0),('QSLT20829207215950','Savings','084613400',158,9,1411.20,'2020-06-06','NHBGGBZA',1,1),('QUFF39362867331812','Checking','120336638',76,6,680.34,'2021-01-31','BULEGBES',0,0),('QVQX14668181661458','Growth','125170310',9,9,1867.28,'2022-10-13','TUPCGBJMU3J',1,0),('QYBJ26516789928572','Growth','098150263',53,5,4350.67,'2023-10-31','MPOBGBQO',0,0),('QYPL32862848497403','Growth','015595403',17,7,1991.81,'2021-08-25','MZNKGBBBEIQ',0,0),('RBIA45355910622459','Savings','043713493',175,4,5592.51,'2021-03-07','TIHMGB4V',0,0),('REEV68358013543514','Checking','098876864',182,1,5521.04,'2023-02-15','PPMBGBKB',0,1),('RGOE92503425151607','Growth','068243647',1,2,4701.19,'2020-03-15','HKAHGBVR',0,0),('RGPM40505909731736','Checking','064941370',57,2,9999.54,'2021-07-15','DZDGGBG1',0,1),('RHUY73299659939886','Savings','022207991',19,5,9060.74,'2022-09-26','QSXPGBWW3R5',1,1),('RIBP73876898961096','Savings','023231131',33,7,8473.31,'2021-10-22','JXGUGBZM',0,0),('RICN46466029074774','Checking','090808380',59,6,2654.28,'2023-07-19','QPNYGB5DRRS',0,0),('RIDF91687009887882','Savings','039804992',142,2,149.90,'2020-07-02','LSADGBPJ',0,1),('RJHN79227606228723','Growth','098212619',51,3,7061.42,'2020-04-07','RIXSGBQL',1,0),('RLNM63634105354140','Savings','084641702',156,1,6231.89,'2021-02-18','VZIQGBOJ',0,1),('RNCK94153225830988','Savings','117404191',188,1,1680.60,'2024-11-16','ZRSJGBPVT7F',1,1),('RPJT99716847187741','Savings','080854085',45,7,108.16,'2020-11-08','DEDRGBPUWHV',1,1),('RQOJ34977081614956','Savings','125584838',72,3,2441.77,'2021-07-04','COLNGB90',0,0),('RQQA00135428942579','Checking','016441899',82,5,4655.93,'2024-07-14','VWQMGBBTO3H',0,1),('RQZS93949722260815','Checking','034987607',142,2,6450.33,'2020-07-02','LSADGBPJ',1,1),('RTBL35225277610793','Checking','104464500',43,9,676.16,'2023-05-06','BYFJGB7P',0,1),('RVNX91472489369219','Growth','026867418',154,7,7319.01,'2024-09-12','QRTBGBH0GFS',1,0),('RXNP38105466294817','Checking','054559565',100,1,9236.53,'2024-10-12','RXAXGBP3TLE',1,0),('SAJS70877840481832','Savings','076650620',87,3,288.21,'2024-04-02','BBSDGBHIOIQ',0,1),('SCHV51644534392877','Savings','064321877',14,1,3653.77,'2022-08-27','OUGOGBPAY0E',0,0),('SDMY83170223075043','Growth','037150088',152,3,1372.60,'2024-09-12','WUPMGBWC',1,0),('SDRB81727303451755','Growth','039679156',95,8,4249.95,'2020-07-18','HMUOGBIPO8W',1,1),('SEBJ92357183666735','Checking','068285061',120,8,900.21,'2023-11-25','XIGNGBQ2',0,0),('SEUE22763737869866','Savings','106329342',86,8,790.01,'2021-01-19','ATAJGBX2IOT',0,0),('SFBU81841725013138','Savings','041034682',157,5,9490.49,'2022-10-21','EBACGB4S',1,1),('SHJZ70400715189101','Checking','125566173',80,10,8726.50,'2023-05-11','NNNSGB0YB6M',1,0),('SIRN13375446557437','Savings','042452438',54,1,5799.27,'2023-09-09','VFWAGB5EGWI',1,1),('SJNS54735812679469','Savings','121234111',117,2,4228.06,'2022-05-31','IBOBGBXBAU1',1,1),('SJUC95554154012269','Growth','053984348',15,2,8221.23,'2024-01-07','OAHKGBYG2RU',0,0),('SKDJ62843418728383','Savings','094389135',190,4,1918.41,'2023-02-18','UFVRGBGQ85K',1,1),('SNBY51149827996181','Growth','106901524',94,2,709.66,'2021-07-02','UIQHGB99XLW',1,1),('SOSU31976959869670','Checking','026399672',185,3,9791.03,'2023-02-08','LJWPGBE5S16',1,0),('SRPL02444902647997','Savings','055234342',98,1,2341.30,'2021-05-21','UGGHGBLA',0,0),('SSEG55615940638640','Checking','043950308',32,2,3549.90,'2021-11-12','KZPSGBLD',0,1),('STFB65560625501743','Checking','029916861',12,3,231.17,'2024-10-27','WDYGGBKA',1,1),('STQI58743807354689','Checking','080563787',51,3,4293.20,'2020-04-07','RIXSGBQL',0,1),('SUCY52171565480494','Growth','066646644',67,2,5822.89,'2022-10-03','BSRXGBQ1OUF',1,0),('SUWR84368223119449','Growth','057717304',40,6,8717.89,'2022-11-09','UGXMGBH9',0,1),('SVKU12454189219163','Savings','068613060',69,7,3058.49,'2021-07-13','JWWSGBG8',1,0),('SVNP43268148455720','Growth','036892392',192,2,9283.90,'2024-05-01','HQAAGBDV',1,1),('SWQV88657466696111','Growth','126707122',74,3,9169.96,'2024-04-02','NOHIGB7LBVC',0,0),('SWXK70359191456259','Growth','090081398',140,2,3173.92,'2022-01-23','XTFXGBQT',1,1),('SXYF20669534484099','Growth','053825889',158,9,7062.00,'2020-06-06','NHBGGBZA',0,1),('SYAT86371685295080','Savings','023015328',195,5,3831.29,'2020-08-07','CMQNGB2LIO3',1,1),('SZSP96182212450948','Growth','066820172',68,6,1852.42,'2022-03-25','ZZFLGBUWIKF',1,0),('TAGC25115759709475','Savings','105291248',197,4,6991.73,'2023-08-09','QZGCGBXQBHG',1,0),('TAGH45380189449693','Growth','077401496',24,3,8089.26,'2021-04-30','IFMKGBJS',0,1),('TARY81227397696540','Savings','122230716',116,3,2908.49,'2024-07-22','GJRYGBHT',0,0),('TCSU33834606544677','Checking','082504760',110,4,8819.11,'2024-08-12','CLDUGBX7',0,0),('TDPK03095750740869','Growth','120113482',116,3,3037.77,'2024-07-22','GJRYGBHT',1,0),('TDXN06542861175344','Growth','047925229',196,1,945.91,'2022-10-25','WQMLGBCRSZL',0,1),('TEPX76662894775850','Checking','116187163',95,8,6669.48,'2020-07-18','HMUOGBIPO8W',0,1),('TFHR71135387313631','Savings','122372179',111,6,6060.12,'2021-12-11','PKGHGBYR',1,1),('TFYY02400228289910','Savings','113637645',29,10,910.75,'2021-05-02','OLEOGBKM',1,0),('THLW81575290609896','Checking','015310044',130,9,412.82,'2020-11-01','DBUPGBDSLKN',0,1),('TILQ35532234196592','Checking','120574898',36,6,7458.39,'2024-04-27','EIRHGBEW',0,1),('TJVN61763821512433','Growth','057860426',45,7,2145.77,'2020-11-08','DEDRGBPUWHV',0,1),('TKFE80135755127649','Checking','074297771',176,9,2577.06,'2021-02-26','JLZDGBV9Z87',0,1),('TLPW95660232910900','Savings','063774425',174,1,4885.81,'2020-07-11','XUTXGBDMC84',1,1),('TOXU91648802175495','Growth','086542210',191,6,3291.15,'2023-10-24','ADDNGB9EY06',1,0),('TQVD96125229842511','Growth','037738947',134,9,3183.48,'2022-01-21','CMPVGB78',1,1),('TSWL05708766570433','Savings','068754709',51,3,1418.39,'2020-04-07','RIXSGBQL',0,1),('TWIN02191105693369','Savings','103754509',92,1,1276.45,'2020-06-12','CYKFGBWY',0,1),('TWQX11027497872013','Growth','128330762',113,8,5833.40,'2021-01-03','TRRKGBEKU4U',0,0),('TXEP19136707178028','Savings','123713339',135,2,5918.50,'2020-05-10','EYIHGB63',0,0),('UARD43866028943583','Checking','066281151',58,1,3065.38,'2021-09-28','LPZXGBDW1PO',0,1),('UAVJ64628097440726','Checking','119208256',96,7,7354.56,'2021-09-19','JSYZGBN2GI3',0,1),('UBDL12074431284639','Checking','111759460',108,7,2272.58,'2022-08-19','AXOKGBQFEE6',1,1),('UBMX03638265488609','Checking','026980337',135,2,9799.59,'2020-05-10','EYIHGB63',1,0),('UBZY96689441904209','Checking','015461621',192,2,6283.75,'2024-05-01','HQAAGBDV',0,0),('UCTC20971111479639','Savings','118649719',2,8,881.77,'2022-09-11','OJPQGBB3QYA',0,0),('UDFM32674227008907','Growth','044083504',164,8,5086.16,'2021-01-16','QDHPGB7A',0,0),('UFCS76564823375588','Savings','047015692',106,9,1139.80,'2022-11-07','MMPFGBVLV7Y',1,1),('UGWI83335859652693','Growth','080764845',20,5,2369.47,'2022-05-18','ELSDGB9C',0,1),('UHIB59390361532251','Growth','093771663',27,3,7884.61,'2022-06-21','CQWGGB36',0,0),('UHVA36455245899020','Savings','037563028',114,3,1576.46,'2023-04-27','VATJGB0C88F',1,1),('UIDD39500501458718','Savings','122653940',59,6,3018.31,'2023-07-19','QPNYGB5DRRS',0,1),('UIQE26744145305481','Growth','068763978',171,8,2598.09,'2024-07-07','TRKNGBHBV8Y',1,0),('UJID20444229111568','Growth','115800713',148,2,7758.27,'2022-07-21','SDVTGB7B',0,1),('UKPZ08943209913289','Savings','034485646',134,9,5765.59,'2022-01-21','CMPVGB78',1,0),('UKWC72870864847715','Savings','040847265',145,5,2731.66,'2023-08-07','WRKSGBS6TID',0,0),('UMDF36949814333996','Growth','096717970',146,7,214.16,'2023-01-30','PRKNGBLO',1,1),('UMEW10923027074564','Savings','019998721',48,7,5671.97,'2024-12-10','ZNIKGB6PX8L',1,1),('UMUL74285395770416','Savings','038938212',141,1,2135.23,'2023-10-09','CFBPGBNP',1,1),('UPBR30121964806374','Growth','110214443',25,3,8540.83,'2020-05-29','XGOFGBY7',0,1),('UPCD37057984110446','Checking','018709979',94,2,2294.44,'2021-07-02','UIQHGB99XLW',1,1),('UQUW04992300555442','Savings','097696715',182,1,7810.61,'2023-02-15','PPMBGBKB',0,0),('UTGG82456175445065','Growth','097303192',69,7,6730.87,'2021-07-13','JWWSGBG8',0,1),('UTVB40755189518859','Savings','098260551',159,4,537.22,'2022-12-25','DRYFGB3F17D',0,1),('UTZO93340344706136','Checking','097003311',28,10,8375.51,'2023-07-22','CDHYGBJEDN5',0,0),('UUJB76963877943827','Checking','043440753',118,4,6336.31,'2023-07-14','QTOQGBHIR1U',1,0),('UWUA16496569625538','Savings','094600128',194,8,4994.08,'2023-11-18','OOXUGB7V',0,1),('UXZW46338816500346','Checking','102904554',7,3,9852.88,'2023-01-11','KRLTGBZ6',1,0),('UZGH98189365670021','Savings','118297925',55,5,3318.71,'2023-12-21','DOGRGBW29KG',1,0),('VBCZ14373906156049','Checking','037128159',72,3,7466.84,'2021-07-04','COLNGB90',0,0),('VCSH64912400920721','Checking','071640677',194,8,171.34,'2023-11-18','OOXUGB7V',1,1),('VDPF95977777547385','Checking','094747366',119,7,2440.62,'2022-12-20','VPJVGBQE8Z6',0,0),('VHCB44718103225636','Growth','063550416',44,1,8691.72,'2024-03-02','FIOTGBZ2',0,0),('VKEI98276271969101','Checking','066860239',106,9,7716.85,'2022-11-07','MMPFGBVLV7Y',0,1),('VKVZ17181923545803','Growth','111704871',115,4,6996.31,'2020-08-06','ZZNOGBC1WNA',1,0),('VLSH43189468592535','Checking','026590060',41,10,8664.63,'2023-09-27','FIZUGBHL',0,0),('VLYA60186168811676','Savings','044402635',100,1,367.29,'2024-10-12','RXAXGBP3TLE',0,1),('VMMI97992610527010','Savings','105565453',30,9,9783.48,'2023-06-17','RQDWGBE6',1,0),('VMSM25251096036941','Checking','098035498',140,2,6974.44,'2022-01-23','XTFXGBQT',0,1),('VORC27384385221930','Savings','052722103',22,6,1837.19,'2024-08-17','XXYYGBX0PQZ',1,1),('VPCN38864908488172','Checking','124935750',158,9,1775.89,'2020-06-06','NHBGGBZA',1,1),('VPFZ43529152555061','Checking','040100960',155,5,2742.66,'2021-12-22','YCUMGBGX',1,0),('VPIA41253796154605','Savings','063620249',139,10,2281.53,'2024-10-17','KUTRGBBNK2C',0,1),('VPNS56406826728208','Checking','087422753',167,8,5298.65,'2023-06-29','AKIAGBRV2C7',1,0),('VQSM72660736423540','Growth','114749503',49,7,3613.58,'2020-02-19','RAFPGBFQKNK',1,0),('VRXH98666771606314','Checking','100501593',3,7,3833.32,'2020-01-23','OAUZGBEN9Y8',1,1),('VSPG53813460977167','Growth','127050603',57,2,6165.47,'2021-07-15','DZDGGBG1',0,1),('VTLZ48880367223937','Checking','126017029',103,1,2786.62,'2020-03-21','IBZHGBDUVY1',0,1),('VTOH27711715764873','Savings','054474682',112,7,5682.45,'2020-05-27','UCEIGB2Z',0,0),('VUJA21658700379867','Growth','123370743',22,6,1574.07,'2024-08-17','XXYYGBX0PQZ',1,0),('VWEA62423865273157','Growth','098016543',147,8,8374.73,'2022-12-06','JMEQGB5IUHL',1,1),('VYHC45933960355959','Growth','016541168',118,4,740.56,'2023-07-14','QTOQGBHIR1U',0,1),('VZIO77186178394224','Checking','102972612',179,10,7291.46,'2020-01-30','OFAFGB1E',0,0),('WBVP11609141588926','Growth','058803864',155,5,1478.73,'2021-12-22','YCUMGBGX',1,1),('WDCI14535690224256','Growth','025969304',188,1,3702.12,'2024-11-16','ZRSJGBPVT7F',0,0),('WDLP73158141864316','Checking','123348733',159,4,1392.44,'2022-12-25','DRYFGB3F17D',1,0),('WIKA78284319893799','Growth','028304791',26,7,3387.84,'2023-09-22','KLVAGB8L',1,0),('WIQT24688166136482','Savings','049559952',79,10,2102.88,'2021-04-16','XBKUGBOX',1,0),('WLRK82936755549828','Savings','078100631',76,6,7304.70,'2021-01-31','BULEGBES',1,1),('WNOB77071129745689','Savings','099992598',181,8,9385.02,'2024-11-05','TBSZGB5OVT9',0,0),('WNQL23128636109952','Growth','124683918',105,10,3302.55,'2023-04-27','BMNOGBS8DAJ',0,1),('WNRA07405528389564','Checking','039105154',187,5,1947.08,'2021-05-05','HFKDGBLXR62',1,0),('WNSX56945830432904','Growth','049821059',64,8,7129.88,'2022-01-09','MSKAGBMEHTY',0,1),('WPJM26709256600265','Savings','018341887',118,4,7569.32,'2023-07-14','QTOQGBHIR1U',1,0),('WQZT36648715032883','Savings','125432388',149,1,4169.20,'2022-01-18','HPDDGBGG',0,1),('WRCE86533452782816','Growth','078900996',98,1,7940.21,'2021-05-21','UGGHGBLA',1,1),('WTKI41195416885987','Savings','106653717',172,5,8782.64,'2020-07-05','NYULGB53B1V',1,1),('WTRI53836678196687','Growth','084631343',87,3,9479.70,'2024-04-02','BBSDGBHIOIQ',1,0),('WUKQ72090637864292','Growth','028510721',114,3,2490.32,'2023-04-27','VATJGB0C88F',0,1),('WUMB67013309154264','Savings','053604013',27,3,3732.17,'2022-06-21','CQWGGB36',0,0),('WVWM89748974315507','Savings','011423281',154,7,7803.72,'2024-09-12','QRTBGBH0GFS',1,0),('WZIK31940728836654','Growth','054040948',30,9,4094.20,'2023-06-17','RQDWGBE6',1,0),('WZVG38533610065727','Growth','028908922',123,8,5259.63,'2022-11-03','ZOTEGB0S7H5',1,0),('XAAW02091641528768','Savings','083185104',65,2,7416.29,'2022-12-26','MECXGB5H',1,0),('XADQ61222118809038','Checking','063106116',42,8,6657.61,'2020-04-17','QUTHGBQMTY6',0,0),('XDAP52134182380518','Checking','025916522',14,1,2808.92,'2022-08-27','OUGOGBPAY0E',1,0),('XELA52305431621834','Savings','056154670',133,5,2916.45,'2025-01-06','LZHIGBXBL1T',1,1),('XFHJ40312034383094','Savings','066991658',83,5,4869.84,'2024-04-07','XDQEGBGC',0,1),('XIMA61007934794983','Growth','123888594',79,10,797.83,'2021-04-16','XBKUGBOX',0,1),('XMOO12425438754994','Savings','046609339',171,8,559.15,'2024-07-07','TRKNGBHBV8Y',1,1),('XOFB63764757617956','Checking','107063827',132,4,618.03,'2022-12-05','SYSOGB5FKTK',1,1),('XPWY03917006304209','Checking','128008162',31,3,1221.71,'2023-05-07','TVJIGB9Q',0,1),('XSDT30517251469129','Checking','116055295',117,2,5220.37,'2022-05-31','IBOBGBXBAU1',0,1),('XSSG21900794185663','Growth','073964377',138,1,4556.67,'2024-06-20','GLJBGBL4',1,1),('XVFV73486379012799','Savings','021607314',129,10,2754.44,'2024-11-02','HJNXGB29LUT',0,0),('XYGI90073811497487','Checking','050252989',146,7,1772.36,'2023-01-30','PRKNGBLO',0,1),('XZYY13119612810467','Checking','024493334',23,8,2252.31,'2021-03-19','FWDLGBMSFGR',0,1),('YAWN13053352169666','Savings','050997309',148,2,5925.32,'2022-07-21','SDVTGB7B',1,1),('YDNS82404901541231','Growth','122909872',34,7,2974.21,'2024-12-19','FOWJGB1XZZ1',0,1),('YDVE89899330052191','Checking','092686238',137,3,5712.42,'2020-11-11','OGIGGBVWO7L',1,1),('YEJV85787416988886','Growth','073411257',165,8,1445.58,'2022-11-19','KEEWGBGWQN9',1,0),('YESV10214545552788','Growth','081749908',89,2,9302.64,'2023-05-18','KWLLGB17V3R',0,1),('YHBD51807218811979','Checking','042809418',75,8,6712.26,'2022-01-02','ZOEVGB9A',0,1),('YHIC61767214800096','Checking','105048815',92,1,6474.14,'2020-06-12','CYKFGBWY',1,0),('YKJF32235662029329','Savings','012391383',74,3,531.41,'2024-04-02','NOHIGB7LBVC',0,0),('YKPA63210656533032','Checking','096466360',48,7,6985.36,'2024-12-10','ZNIKGB6PX8L',0,0),('YMGQ20617328399363','Checking','125871444',21,7,1841.33,'2024-02-17','OXQPGBPCYAP',0,1),('YMIJ81975888440963','Growth','119107577',174,1,9797.79,'2020-07-11','XUTXGBDMC84',1,1),('YOOV53458920870912','Savings','105092971',121,7,563.32,'2021-01-23','CKQYGBZF59J',0,0),('YPLA59432437582612','Growth','050628348',42,8,1742.13,'2020-04-17','QUTHGBQMTY6',0,1),('YQAL04598563123766','Checking','051877606',144,1,3428.49,'2022-05-07','BSYHGBM0',0,0),('YRLH80732029524038','Checking','032135901',173,10,5476.32,'2020-03-11','ERZYGBL84G5',0,0),('YRPU96814019068424','Savings','021644775',167,8,7286.76,'2023-06-29','AKIAGBRV2C7',1,1),('YUTT73669552223615','Growth','022948085',3,7,9494.25,'2020-01-23','OAUZGBEN9Y8',1,1),('YXAP03894999800495','Growth','019984337',193,1,6007.76,'2020-08-21','KXPSGB3N9WP',1,0),('YXTA43440773663305','Savings','030324015',192,2,5982.73,'2024-05-01','HQAAGBDV',0,1),('YYDS91809369566910','Checking','100134601',83,5,8648.37,'2024-04-07','XDQEGBGC',0,0),('YYUR36687668045101','Growth','045665976',96,7,3031.15,'2021-09-19','JSYZGBN2GI3',1,0),('ZBVF25391041709292','Savings','068146155',3,7,4380.87,'2020-01-23','OAUZGBEN9Y8',0,1),('ZERS84990104221476','Growth','023977288',35,2,9508.36,'2024-12-20','XLSJGBNKJZ5',0,1),('ZFTQ81631631599969','Savings','046322276',196,1,2601.87,'2022-10-25','WQMLGBCRSZL',0,0),('ZHRR89741549469633','Checking','052711075',160,3,295.96,'2020-11-07','UOFZGBVN',1,0),('ZKBE21629603139279','Savings','027446650',71,7,4775.18,'2024-03-20','KGOWGBVF',1,0),('ZKKB13838459086633','Savings','087857836',32,2,9796.70,'2021-11-12','KZPSGBLD',0,1),('ZKNR70494212029457','Growth','110457637',185,3,619.21,'2023-02-08','LJWPGBE5S16',1,0),('ZLHL89389795806122','Growth','076945568',11,5,8417.71,'2023-06-16','SGZZGBNR',0,1),('ZLTW21007898720295','Growth','035538301',110,4,3082.99,'2024-08-12','CLDUGBX7',0,0),('ZLUV50868435220095','Checking','030629561',63,3,7369.79,'2023-10-27','AKJXGBGB103',1,1),('ZMJA09554326952248','Savings','024130972',163,4,606.54,'2020-08-27','HRGPGBEF',0,1),('ZMXA88064670804391','Growth','116786658',184,2,3784.71,'2020-07-14','AZTPGBFZ',0,1),('ZMYD88495881059003','Growth','044654807',178,2,6152.61,'2020-05-24','BATMGB43',0,1),('ZNKX90505803531055','Checking','076926723',62,2,4981.34,'2023-04-19','VDPVGB3TEED',1,0),('ZPVV30732569233220','Growth','056197925',85,4,9652.10,'2023-01-04','OTCPGBAT5PO',1,0),('ZQOL51003644616283','Savings','090177134',80,10,1169.73,'2023-05-11','NNNSGB0YB6M',1,0),('ZQUN78867396025212','Checking','102092712',157,5,7235.31,'2022-10-21','EBACGB4S',1,0),('ZRTB09010644776840','Savings','074319109',104,7,5924.39,'2024-11-29','NCHQGBBK',1,1),('ZRVR17279818915616','Checking','072341425',66,2,3849.06,'2021-12-02','ODSUGBIK',0,0),('ZTFY18727269757006','Growth','042037675',75,8,4798.24,'2022-01-02','ZOEVGB9A',0,0),('ZWFU64627767230561','Checking','093500232',143,5,2550.31,'2024-05-27','CTBRGBTJ',0,1),('ZWHO49971087053368','Growth','111392665',63,3,1254.65,'2023-10-27','AKJXGBGB103',1,1),('ZYFL56656687272132','Savings','092135475',164,8,2587.81,'2021-01-16','QDHPGB7A',0,1),('ZZGM35900837511547','Checking','092310821',56,10,195.25,'2021-04-24','JCNTGBGMAIO',0,0),('ZZKF25768283640934','Checking','038337936',181,8,2789.20,'2024-11-05','TBSZGB5OVT9',0,1);
/*!40000 ALTER TABLE `account` ENABLE KEYS */;
UNLOCK TABLES;

--
-- Table structure for table `address`
--

DROP TABLE IF EXISTS `address`;
/*!40101 SET @saved_cs_client     = @@character_set_client */;
/*!40101 SET character_set_client = utf8 */;
CREATE TABLE `address` (
  `address_id` int NOT NULL AUTO_INCREMENT,
  `line1` varchar(100) DEFAULT NULL,
  `line2` varchar(100) DEFAULT NULL,
  `city` varchar(75) DEFAULT NULL,
  `state` varchar(50) DEFAULT NULL,
  `postal` varchar(50) DEFAULT NULL,
  `country` varchar(75) DEFAULT NULL,
  PRIMARY KEY (`address_id`)
) ENGINE=InnoDB AUTO_INCREMENT=51 DEFAULT CHARSET=utf8mb4 COLLATE=utf8mb4_0900_ai_ci;
/*!40101 SET character_set_client = @saved_cs_client */;

--
-- Dumping data for table `address`
--

LOCK TABLES `address` WRITE;
/*!40000 ALTER TABLE `address` DISABLE KEYS */;
INSERT INTO `address` VALUES (1,'13151 Wood Via Suite 870','Suite 414','North Sarahaven','Idaho','41752','France'),(2,'55715 Andrade Crest','Suite 595','Youngside','Oregon','05292','New Caledonia'),(3,'1228 Key Motorway Suite 208','Apt. 235','Christianmouth','Kansas','01485','Jordan'),(4,'26466 Clifford View Apt. 349','Apt. 324','Port Patrick','Illinois','82338','Mongolia'),(5,'29247 Phillip Villages Suite 164','Apt. 791','Port Katherinebury','Minnesota','75073','Gambia'),(6,'8947 Nicole Land','Apt. 175','Susanton','Louisiana','06158','Comoros'),(7,'350 Williams Shoals Suite 097','Suite 414','Williamschester','North Dakota','03993','Croatia'),(8,'48579 Jessica Grove Apt. 300','Suite 811','Dianafort','New York','79732','Saint Martin'),(9,'2089 Ingram Port','Apt. 350','Williamport','Idaho','67695','South Georgia and the South Sandwich Islands'),(10,'74127 Joseph Causeway Apt. 400','Apt. 624','New Christine','Kansas','28205','Solomon Islands'),(11,'54909 Koch Light Apt. 078','Apt. 252','New Oscarfurt','Louisiana','83510','Anguilla'),(12,'74624 Woods Highway Apt. 282','Apt. 999','Joyceport','Utah','91255','Saint Helena'),(13,'2444 Laura Lakes','Apt. 373','South Lawrencebury','Maine','88856','Venezuela'),(14,'136 Ethan Shoal Apt. 142','Suite 893','Cathyhaven','New York','79585','British Virgin Islands'),(15,'80458 William Fall','Apt. 963','North Derek','Washington','92054','Belarus'),(16,'867 Johnson Hill Suite 244','Apt. 186','Nicholsonstad','Massachusetts','91164','Uruguay'),(17,'15524 Rodriguez Trace','Apt. 906','North Jerry','Connecticut','81508','Lebanon'),(18,'63982 Clark Ferry Apt. 939','Apt. 732','Nicholasberg','Nevada','85995','Estonia'),(19,'742 Morgan Crescent','Suite 444','Martinezstad','New Jersey','18938','Sri Lanka'),(20,'493 Rodriguez Tunnel Apt. 401','Suite 030','North April','Rhode Island','23791','Thailand'),(21,'17381 Ronald Place','Suite 568','Port Melindaville','Utah','74870','Brunei Darussalam'),(22,'830 Robert Trace','Suite 403','Scotthaven','Colorado','73083','Mexico'),(23,'0776 Chase Parks','Apt. 108','Hugheschester','South Dakota','57282','Jamaica'),(24,'6928 Alexander Bridge','Apt. 621','Port Ryan','Wisconsin','24511','Cayman Islands'),(25,'0220 Williams Rapids Apt. 649','Suite 758','Rachelside','Idaho','20149','Samoa'),(26,'3607 Park Views Apt. 173','Apt. 095','Vasquezmouth','Idaho','31436','Jamaica'),(27,'47062 Payne Vista','Suite 673','Gomezton','Nebraska','53278','Comoros'),(28,'223 Heather Causeway','Suite 599','Jessicatown','Vermont','50099','Belarus'),(29,'02018 Hull Lock Apt. 110','Suite 264','Zunigafort','Utah','23344','Swaziland'),(30,'6455 Griffin Roads','Apt. 840','Jessicamouth','Oklahoma','10307','Saudi Arabia'),(31,'260 Lee Square','Suite 799','West Karenport','Missouri','36572','Guadeloupe'),(32,'9886 Dana Lake','Apt. 862','South Felicia','Arkansas','13559','Zimbabwe'),(33,'51479 Mclean Ports Apt. 633','Apt. 943','Shermanview','Rhode Island','01581','Honduras'),(34,'2001 Bailey Dam','Suite 257','Sandrahaven','Texas','59001','Micronesia'),(35,'35080 Bryan Bridge','Apt. 599','Michelleton','South Dakota','24124','Spain'),(36,'644 Michael Vista','Apt. 803','Shelleyhaven','Louisiana','15682','Falkland Islands (Malvinas)'),(37,'79291 Mccoy Skyway','Apt. 547','Ortizton','Iowa','03643','Pakistan'),(38,'0733 Maynard Harbor','Suite 526','Krauseside','Louisiana','65898','Netherlands Antilles'),(39,'60533 Thomas Viaduct','Suite 428','Murphyville','Arkansas','28083','Martinique'),(40,'8695 Harris Park Suite 146','Suite 915','Hoganville','Hawaii','51710','Madagascar'),(41,'220 White Land','Apt. 306','Anthonytown','Maine','10833','Jordan'),(42,'2284 Cassandra Lake Suite 421','Apt. 354','Jenniferview','California','39821','Samoa'),(43,'2253 Duke Ridges','Apt. 949','South Andrea','New Mexico','14093','Niue'),(44,'7749 Eric Mill','Suite 756','East Jasonfort','New Hampshire','62822','Mozambique'),(45,'4791 Fletcher Summit Suite 848','Suite 279','East Christine','Louisiana','81782','New Zealand'),(46,'015 Traci Meadows Suite 880','Suite 888','Reillyport','Oklahoma','68146','Maldives'),(47,'35588 Juan Mountains Apt. 964','Suite 572','Joshuaville','Tennessee','87948','Armenia'),(48,'81776 John Knoll','Apt. 309','Port Kimberlymouth','Rhode Island','48814','Heard Island and McDonald Islands'),(49,'8846 Martinez Extension','Apt. 735','Tanyaberg','Kentucky','83066','Sudan'),(50,'483 Todd Ridges Apt. 105','Apt. 796','Lake Sheri','Washington','94849','United Kingdom');
/*!40000 ALTER TABLE `address` ENABLE KEYS */;
UNLOCK TABLES;

--
-- Table structure for table `branch`
--

DROP TABLE IF EXISTS `branch`;
/*!40101 SET @saved_cs_client     = @@character_set_client */;
/*!40101 SET character_set_client = utf8 */;
CREATE TABLE `branch` (
  `branch_id` int NOT NULL AUTO_INCREMENT,
  `address_id` int DEFAULT NULL,
  `branch_name` varchar(50) DEFAULT NULL,
  `branch_phone` varchar(25) DEFAULT NULL,
  PRIMARY KEY (`branch_id`),
  KEY `address_id` (`address_id`),
  CONSTRAINT `branch_ibfk_1` FOREIGN KEY (`address_id`) REFERENCES `address` (`address_id`)
) ENGINE=InnoDB AUTO_INCREMENT=11 DEFAULT CHARSET=utf8mb4 COLLATE=utf8mb4_0900_ai_ci;
/*!40101 SET character_set_client = @saved_cs_client */;

--
-- Dumping data for table `branch`
--

LOCK TABLES `branch` WRITE;
/*!40000 ALTER TABLE `branch` DISABLE KEYS */;
INSERT INTO `branch` VALUES (1,40,'Brianatown Branch','516-980-0530x22462'),(2,42,'Territon Branch','+1-849-567-8978'),(3,30,'Brownmouth Branch','+1-529-494-9069'),(4,45,'Griffithtown Branch','6268759524'),(5,6,'Janiceville Branch','745.946.3984'),(6,6,'Juliehaven Branch','+1-420-415-6301x813'),(7,24,'Kristaburgh Branch','+1-430-598-6057x9191'),(8,1,'Ryanton Branch','(303)998-0865'),(9,23,'Heatherchester Branch','2504439669'),(10,8,'Michaelland Branch','001-481-518-5900');
/*!40000 ALTER TABLE `branch` ENABLE KEYS */;
UNLOCK TABLES;

--
-- Table structure for table `customer`
--

DROP TABLE IF EXISTS `customer`;
/*!40101 SET @saved_cs_client     = @@character_set_client */;
/*!40101 SET character_set_client = utf8 */;
CREATE TABLE `customer` (
  `customer_id` int NOT NULL AUTO_INCREMENT,
  `first_name` varchar(50) DEFAULT NULL,
  `middle_name` varchar(50) DEFAULT NULL,
  `last_name` varchar(50) DEFAULT NULL,
  `email` varchar(50) DEFAULT NULL,
  `phone` varchar(25) DEFAULT NULL,
  `address_id` int DEFAULT NULL,
  PRIMARY KEY (`customer_id`),
  KEY `address_id` (`address_id`),
  CONSTRAINT `customer_ibfk_1` FOREIGN KEY (`address_id`) REFERENCES `address` (`address_id`)
) ENGINE=InnoDB AUTO_INCREMENT=201 DEFAULT CHARSET=utf8mb4 COLLATE=utf8mb4_0900_ai_ci;
/*!40101 SET character_set_client = @saved_cs_client */;

--
-- Dumping data for table `customer`
--

LOCK TABLES `customer` WRITE;
/*!40000 ALTER TABLE `customer` DISABLE KEYS */;
INSERT INTO `customer` VALUES (1,'Marvin','Vincent','Arnold','marnold@yahoo.com','6247980096',36),(2,'Timothy','Jessica','Bell','tbell@gmail.com','530-941-2753',21),(3,'Katherine','Rebecca','Thompson','kthompson@gmail.com','592.652.1169x61267',26),(4,'Christopher','Sarah','Colon','ccolon@yahoo.com','001-364-948-3201x465',13),(5,'John','Kelly','Hernandez','jhernandez@aol.com','001-216-390-5945x28900',10),(6,'Joseph','James','Carter','jcarter@gmail.com','+1-652-288-6684',32),(7,'Nathaniel','Scott','Carter','ncarter@gmail.com','3899487653',49),(8,'Linda','Matthew','Peterson','lpeterson@aol.com','+1-985-787-6923x76494',49),(9,'Lisa','Lisa','Montes','lmontes@aol.com','991.201.1179x847',30),(10,'Juan','Dana','Neal','jneal@gmail.com','(631)676-2627',44),(11,'Johnny','Amanda','Morton','jmorton@yahoo.com','553.490.8336x691',46),(12,'Larry','Jessica','Young','lyoung@gmail.com','(760)612-8726x08125',24),(13,'Lawrence','Nicole','Sanders','lsanders@aol.com','5096303844',38),(14,'Timothy','Haley','Myers','tmyers@yahoo.com','4928771104',1),(15,'Scott','Alexis','Foster','sfoster@yahoo.com','507-522-2780x8319',47),(16,'Stephanie','Sarah','Stone','sstone@yahoo.com','334-869-5282x9859',29),(17,'Debbie','James','Morris','dmorris@aol.com','+1-720-697-1742x81965',6),(18,'Megan','Michael','Henry','mhenry@gmail.com','001-955-525-3712x5235',15),(19,'Johnny','Shannon','Lawrence','jlawrence@aol.com','662-398-7022x560',6),(20,'Crystal','Meghan','Smith','csmith@gmail.com','6363209281',31),(21,'Alyssa','Sara','Ryan','aryan@gmail.com','(992)767-4000x0229',3),(22,'Miguel','Marcus','Torres','mtorres@yahoo.com','479.559.6722',20),(23,'Jason','Andrew','Weaver','jweaver@aol.com','+1-201-436-3822',21),(24,'Eric','Mark','Kent','ekent@gmail.com','396-328-5649x04187',34),(25,'Kathleen','Robert','Price','kprice@gmail.com','366-297-4189',17),(26,'Rita','Luis','Burke','rburke@gmail.com','001-832-557-8625',38),(27,'Thomas','Michael','Brewer','tbrewer@aol.com','001-749-215-1437x1780',28),(28,'Jennifer','Angel','Winters','jwinters@aol.com','356.495.3764x404',32),(29,'James','Rachael','Blanchard','jblanchard@yahoo.com','306.620.3997x9823',11),(30,'Christopher','Brian','Norman','cnorman@yahoo.com','827.872.0675x70827',12),(31,'Justin','Cody','Reed','jreed@yahoo.com','+1-776-498-2833x104',44),(32,'Cynthia','Jacob','Nicholson','cnicholson@yahoo.com','503-275-9357x643',48),(33,'Maria','Francisco','Zuniga','mzuniga@aol.com','5135657301',33),(34,'Brenda','Shawn','Adams','badams@aol.com','345.857.4220x85849',46),(35,'Susan','Melanie','Henderson','shenderson@yahoo.com','277-616-0415',34),(36,'Anthony','Douglas','Martinez','amartinez@yahoo.com','324.277.1970x372',8),(37,'Reginald','Gary','Evans','revans@gmail.com','(354)203-3378',43),(38,'Eric','Madison','Riley','eriley@aol.com','291.208.8209',48),(39,'Kenneth','Ethan','Fisher','kfisher@yahoo.com','001-770-237-3730',42),(40,'Michael','Andrew','Sanchez','msanchez@gmail.com','323.929.6863',5),(41,'Valerie','Jasmine','Jones','vjones@yahoo.com','781.370.6817',3),(42,'Jason','Christian','Jones','jjones@aol.com','7825724377',37),(43,'Melanie','Deborah','Foster','mfoster@aol.com','(738)335-7668x292',26),(44,'Kathleen','Kathleen','Mcclain','kmcclain@gmail.com','939.465.0483x3080',1),(45,'Kathryn','Traci','Miller','kmiller@gmail.com','+1-319-217-4666x482',22),(46,'Roger','Alicia','Cervantes','rcervantes@yahoo.com','(839)331-3852',5),(47,'Lauren','Kimberly','Hubbard','lhubbard@gmail.com','001-597-827-0091x252',38),(48,'Robin','Alexis','Miller','rmiller@gmail.com','(340)241-0843x94129',48),(49,'Dustin','Mark','Burton','dburton@gmail.com','(567)956-7850x822',40),(50,'Joshua','Olivia','Bryant','jbryant@yahoo.com','+1-407-832-6985x887',44),(51,'James','Beverly','Campbell','jcampbell@yahoo.com','001-485-877-3012x8698',39),(52,'Alexa','Elizabeth','Lee','alee@gmail.com','+1-768-580-8073x3322',31),(53,'Amber','Stephanie','Young','ayoung@yahoo.com','730-473-9605',41),(54,'Steve','Kathleen','Barrett','sbarrett@gmail.com','588-554-6600x75882',36),(55,'Pamela','Anthony','Anderson','panderson@gmail.com','599-656-7215',28),(56,'Michael','Gail','Hunt','mhunt@aol.com','869.919.8475x269',41),(57,'Jacob','Brandon','Jones','jjones@yahoo.com','+1-562-343-5566x2126',37),(58,'Timothy','Jessica','Cherry','tcherry@yahoo.com','(883)995-2840',39),(59,'Wendy','Damon','Sullivan','wsullivan@aol.com','(569)694-9374x2901',12),(60,'Garrett','Daniel','Sanchez','gsanchez@gmail.com','219-692-1997',11),(61,'Melissa','Michael','Velasquez','mvelasquez@gmail.com','+1-799-743-8540x4841',24),(62,'Kara','Robert','Bell','kbell@aol.com','895-795-7544',28),(63,'Matthew','James','Castro','mcastro@aol.com','(759)386-6717x058',1),(64,'Kyle','Joseph','Fernandez','kfernandez@aol.com','273-292-4692x9558',50),(65,'Stacy','Mark','Paul','spaul@aol.com','(374)299-0892x64656',45),(66,'Adam','Savannah','Long','along@yahoo.com','001-526-479-7302',42),(67,'Rebecca','Heather','Pearson','rpearson@aol.com','001-721-766-7908',42),(68,'Angela','Christopher','Warren','awarren@yahoo.com','+1-279-952-6939x2044',43),(69,'Ethan','Mary','Daniel','edaniel@aol.com','(409)561-5598x3334',13),(70,'Cathy','Allison','Vaughn','cvaughn@aol.com','628.699.3802x1291',22),(71,'Heather','Jason','Gordon','hgordon@gmail.com','(500)676-6198x31354',9),(72,'Charles','Roger','Drake','cdrake@aol.com','(346)559-9543x288',3),(73,'Amber','Amy','Hanson','ahanson@aol.com','001-243-509-8624x5216',50),(74,'Juan','Mary','Gardner','jgardner@aol.com','(917)996-4688x20631',15),(75,'Angelica','Gary','Baker','abaker@gmail.com','982.794.6703',5),(76,'Travis','William','Crosby','tcrosby@yahoo.com','6622614484',10),(77,'Mary','Gina','Morgan','mmorgan@aol.com','965-319-4923',5),(78,'Sylvia','Tom','Perez','sperez@aol.com','444.777.0375x744',28),(79,'Luis','Molly','Ford','lford@gmail.com','425-217-1804',7),(80,'Jeffrey','Joseph','Gallagher','jgallagher@yahoo.com','001-999-921-8978',10),(81,'Anna','Ivan','Molina','amolina@gmail.com','924-887-8747',13),(82,'Cindy','Joseph','Taylor','ctaylor@aol.com','411.390.4100',22),(83,'Robert','Tyrone','Ellis','rellis@gmail.com','418.378.7726x88773',41),(84,'Tina','Angela','Nicholson','tnicholson@aol.com','998.499.3247',3),(85,'Sheryl','Shawn','Jenkins','sjenkins@gmail.com','920.346.7131x087',18),(86,'Brooke','Bradley','Torres','btorres@aol.com','656-478-9736x426',23),(87,'Paul','Travis','Giles','pgiles@aol.com','(247)706-4363x351',9),(88,'Wendy','Kenneth','Salas','wsalas@aol.com','(476)928-6036x1996',26),(89,'Julia','Ana','Petersen','jpetersen@gmail.com','001-961-758-0024x412',5),(90,'William','Stacie','James','wjames@yahoo.com','001-847-261-3158',28),(91,'Sharon','Eric','Jones','sjones@gmail.com','+1-960-747-8808x4475',25),(92,'Julie','Christopher','Williams','jwilliams@aol.com','715-461-8087x137',48),(93,'Brianna','William','Cooper','bcooper@aol.com','812-900-5254',28),(94,'Hannah','Tara','Kelly','hkelly@gmail.com','603.961.7569',36),(95,'Abigail','Joshua','Caldwell','acaldwell@gmail.com','461-295-3710',33),(96,'Mark','Michael','Wright','mwright@gmail.com','7312730952',42),(97,'Danielle','Marcus','Henderson','dhenderson@gmail.com','424.390.5709x0628',11),(98,'Kelly','Matthew','Price','kprice@aol.com','+1-228-204-0994x385',49),(99,'Carolyn','Kristen','Lewis','clewis@aol.com','597-939-5884x6768',9),(100,'Stephen','Natalie','Wood','swood@aol.com','4679459390',33),(101,'Melissa','Christopher','Lee','mlee@aol.com','748.892.1291',49),(102,'Michael','Jill','Carson','mcarson@aol.com','430-863-3734x71048',14),(103,'Jason','Troy','White','jwhite@yahoo.com','(471)861-9999x12519',45),(104,'Joseph','Karen','Davis','jdavis@aol.com','564-997-1820',15),(105,'Tiffany','Kimberly','Palmer','tpalmer@gmail.com','001-298-945-8204x068',10),(106,'Ashley','Katie','Decker','adecker@aol.com','+1-948-374-2371x22462',23),(107,'Jennifer','Jeremiah','Calhoun','jcalhoun@yahoo.com','001-969-253-6427x98380',18),(108,'Larry','Sean','Miller','lmiller@yahoo.com','823.811.6284x5977',42),(109,'Michael','Brittany','Stevenson','mstevenson@yahoo.com','885-756-9779x12576',28),(110,'Benjamin','Randy','Orr','borr@gmail.com','001-570-763-9318x9048',9),(111,'Kenneth','Michael','Cross','kcross@yahoo.com','5166048581',8),(112,'Jaime','Alyssa','Buck','jbuck@gmail.com','+1-616-820-4818',32),(113,'Maria','Ashley','Ramirez','mramirez@yahoo.com','001-231-617-6992x5644',30),(114,'Kelly','Kayla','Baxter','kbaxter@yahoo.com','349.501.3201x8400',29),(115,'David','Austin','Ray','dray@yahoo.com','(410)254-7960x671',40),(116,'Colleen','Joann','Martin','cmartin@gmail.com','001-702-817-3587',22),(117,'Cynthia','Travis','Lopez','clopez@yahoo.com','203-421-1569x1510',7),(118,'Kristy','Amanda','Thompson','kthompson@yahoo.com','001-790-495-8942',21),(119,'Jennifer','Michael','Diaz','jdiaz@yahoo.com','2354657009',46),(120,'Kristin','Michael','Espinoza','kespinoza@aol.com','(394)530-5779x9974',16),(121,'Angel','Amanda','Rivera','arivera@gmail.com','(217)254-9563',40),(122,'Lisa','Meghan','Hunt','lhunt@yahoo.com','913.821.1078x2130',30),(123,'Lucas','Juan','White','lwhite@aol.com','001-446-530-6302',38),(124,'Daniel','Pamela','Harris','dharris@yahoo.com','915-407-5593x20114',15),(125,'Renee','Jeffrey','Jones','rjones@gmail.com','+1-249-965-5216x5288',32),(126,'Christopher','Scott','Wang','cwang@aol.com','(866)417-9376',37),(127,'Sydney','Sara','Newman','snewman@gmail.com','(466)344-7726',28),(128,'Randy','Scott','Becker','rbecker@gmail.com','(294)941-6629',29),(129,'Patricia','Michelle','Erickson','perickson@gmail.com','462.732.4632x1401',3),(130,'Brian','Heather','Golden','bgolden@aol.com','(552)727-8590x45713',33),(131,'Leslie','John','Weber','lweber@gmail.com','938.839.4244x1273',8),(132,'Lucas','Jennifer','Smith','lsmith@yahoo.com','727.352.7815x48675',7),(133,'Amy','Scott','Orr','aorr@gmail.com','679.266.5574x46181',40),(134,'Nicholas','Rickey','Norris','nnorris@yahoo.com','(216)294-3214x195',44),(135,'Christopher','Diane','Hill','chill@aol.com','(264)393-1177',9),(136,'Joann','Sheri','Smith','jsmith@yahoo.com','001-630-649-3930x9543',27),(137,'Lori','Tracy','Kent','lkent@gmail.com','(789)686-0165x8741',48),(138,'Tina','Michael','Wilson','twilson@gmail.com','(617)983-6543',30),(139,'Cynthia','Anthony','Franco','cfranco@yahoo.com','(973)874-1391',43),(140,'Paige','Renee','Wolfe','pwolfe@yahoo.com','001-386-753-3213x973',50),(141,'Kiara','Charles','Carter','kcarter@aol.com','431-553-3599',28),(142,'Marc','Erica','Lester','mlester@gmail.com','001-409-841-9275x21971',31),(143,'Alfred','Timothy','Byrd','abyrd@aol.com','+1-651-908-6020',13),(144,'David','Daniel','Petty','dpetty@yahoo.com','+1-511-769-1516',9),(145,'Jessica','Michael','Brown','jbrown@yahoo.com','534.622.1609x8212',36),(146,'Jenna','Greg','Roth','jroth@aol.com','001-251-472-7037',17),(147,'Rachael','Kayla','Sanders','rsanders@gmail.com','+1-531-924-2495',5),(148,'Jennifer','William','Leach','jleach@aol.com','001-321-356-8183',41),(149,'Luis','Cameron','Phelps','lphelps@yahoo.com','568-934-6127x908',34),(150,'Amy','Eric','Fields','afields@aol.com','+1-723-618-2417x70254',12),(151,'Dale','Richard','Wilson','dwilson@gmail.com','(531)640-3716',17),(152,'Sarah','Chad','Turner','sturner@aol.com','4959332428',50),(153,'Kenneth','Andrea','Villegas','kvillegas@aol.com','+1-952-847-5078x9163',38),(154,'Johnathan','Donald','Decker','jdecker@gmail.com','947-749-9012',13),(155,'Sharon','Elizabeth','Carter','scarter@aol.com','562-326-9115x63730',36),(156,'Erin','Lindsey','Ayala','eayala@gmail.com','+1-448-821-5954x9688',28),(157,'John','Kimberly','Dougherty','jdougherty@gmail.com','261-828-1048x98989',10),(158,'Krista','Ann','Johnson','kjohnson@gmail.com','606-647-1089x86807',15),(159,'Sean','Michael','Wong','swong@gmail.com','(816)389-5728x07879',44),(160,'Michael','Lisa','Ferguson','mferguson@gmail.com','867-756-0378x362',50),(161,'Mikayla','William','Kim','mkim@yahoo.com','+1-328-317-8225x2649',44),(162,'Victoria','Sandra','Wallace','vwallace@aol.com','493.430.2557',10),(163,'Kristin','Michael','Watson','kwatson@aol.com','001-250-362-6238x568',13),(164,'Sharon','Tammy','Lowery','slowery@yahoo.com','(853)246-9206',11),(165,'Linda','Lucas','Johnson','ljohnson@gmail.com','484.729.1876',4),(166,'Rebecca','Jamie','Brown','rbrown@yahoo.com','(324)335-6773x8985',6),(167,'Diamond','Richard','Hall','dhall@aol.com','+1-594-670-8581x068',13),(168,'Lauren','Tim','Schultz','lschultz@aol.com','(415)659-0047',40),(169,'Robert','Jill','Horn','rhorn@gmail.com','774-985-4182x833',45),(170,'Amy','Russell','Jacobs','ajacobs@gmail.com','4764631759',10),(171,'Rodney','Paul','Lewis','rlewis@gmail.com','001-300-333-2510x1206',17),(172,'Ryan','Erica','Taylor','rtaylor@aol.com','532.341.6608',42),(173,'Elizabeth','Betty','Carr','ecarr@yahoo.com','962-715-0331x8737',9),(174,'Sarah','William','Lopez','slopez@gmail.com','7174120340',45),(175,'Eric','Kathy','Rodriguez','erodriguez@gmail.com','001-420-547-3617x3987',40),(176,'Christopher','Cassandra','Gill','cgill@gmail.com','001-983-309-0558x248',28),(177,'Heather','Darlene','Cherry','hcherry@aol.com','(800)335-1778x96155',7),(178,'Crystal','Jennifer','Maddox','cmaddox@yahoo.com','001-862-515-4699x063',47),(179,'Rose','Teresa','King','rking@aol.com','001-662-380-1806x762',7),(180,'Jennifer','Sharon','Miller','jmiller@gmail.com','715-729-8911',35),(181,'Gary','Michelle','Wright','gwright@gmail.com','620-353-1575',23),(182,'Arthur','Jill','Brown','abrown@gmail.com','+1-619-547-8626x7291',7),(183,'Edward','Theresa','Martin','emartin@yahoo.com','001-604-695-8776x62553',6),(184,'David','William','Reyes','dreyes@yahoo.com','001-320-820-7903x7522',10),(185,'Daniel','Jeremy','Hamilton','dhamilton@yahoo.com','(567)991-8911x466',49),(186,'Thomas','Tiffany','Rice','trice@yahoo.com','447-749-1794',13),(187,'Kathryn','Joshua','Hanna','khanna@gmail.com','(983)383-2708',1),(188,'Tiffany','David','Casey','tcasey@yahoo.com','+1-733-776-0883x946',31),(189,'Sharon','Justin','Williams','swilliams@yahoo.com','+1-462-621-1339x1981',25),(190,'Lisa','Melissa','Russell','lrussell@yahoo.com','+1-326-853-3883x347',40),(191,'Daniel','Kristin','Drake','ddrake@aol.com','800-372-8205x7959',20),(192,'Ross','Brian','Medina','rmedina@yahoo.com','(830)459-1307',30),(193,'David','Rachel','Torres','dtorres@yahoo.com','340.788.6060x367',36),(194,'Christina','Carlos','Harper','charper@aol.com','684.451.2448x5043',7),(195,'Kerry','Bryan','Glenn','kglenn@gmail.com','994.710.4334x7136',24),(196,'Shawna','Ricky','Miller','smiller@aol.com','+1-978-569-8579x6164',17),(197,'Bethany','Travis','Harris','bharris@aol.com','(397)502-1219',20),(198,'Kelsey','Brian','Jones','kjones@gmail.com','306-983-7904x7448',48),(199,'Travis','Michelle','Patel','tpatel@aol.com','767-767-7562x5316',36),(200,'Joel','Richard','Gutierrez','jgutierrez@gmail.com','(610)927-8359x0811',15);
/*!40000 ALTER TABLE `customer` ENABLE KEYS */;
UNLOCK TABLES;

--
-- Table structure for table `transaction`
--

DROP TABLE IF EXISTS `transaction`;
/*!40101 SET @saved_cs_client     = @@character_set_client */;
/*!40101 SET character_set_client = utf8 */;
CREATE TABLE `transaction` (
  `transaction_id` int NOT NULL AUTO_INCREMENT,
  `account_id` varchar(50) DEFAULT NULL,
  `amount` decimal(15,2) DEFAULT NULL,
  `date` date DEFAULT NULL,
  `status` varchar(50) DEFAULT NULL,
  `category` varchar(50) DEFAULT NULL,
  `service` varchar(50) DEFAULT NULL,
  `balance_at_time_of` decimal(15,2) DEFAULT NULL,
  PRIMARY KEY (`transaction_id`),
  KEY `account_id` (`account_id`),
  CONSTRAINT `transaction_ibfk_1` FOREIGN KEY (`account_id`) REFERENCES `account` (`account_number`)
) ENGINE=InnoDB AUTO_INCREMENT=401 DEFAULT CHARSET=utf8mb4 COLLATE=utf8mb4_0900_ai_ci;
/*!40101 SET character_set_client = @saved_cs_client */;

--
-- Dumping data for table `transaction`
--

LOCK TABLES `transaction` WRITE;
/*!40000 ALTER TABLE `transaction` DISABLE KEYS */;
INSERT INTO `transaction` VALUES (1,'WPJM26709256600265',134.04,'2025-01-18','Completed','Salary','ATM',3699.15),(2,'LPRA94445764168591',85.20,'2025-01-01','Failed','Shopping','Online',8139.16),(3,'ZZKF25768283640934',527.21,'2025-01-08','Pending','Shopping','Online',3677.13),(4,'LHLU76680560703795',155.69,'2025-01-04','Failed','Salary','Online',7524.39),(5,'OPMT58803707991876',164.15,'2025-01-03','Failed','Investment','In-Branch',5395.23),(6,'BRDD14385438841831',405.20,'2025-01-17','Pending','Utilities','ATM',5677.57),(7,'ICQU03349519858395',992.55,'2025-01-02','Pending','Salary','Online',7643.28),(8,'ZFTQ81631631599969',494.84,'2025-01-21','Failed','Utilities','In-Branch',4681.87),(9,'VKEI98276271969101',979.52,'2025-01-19','Pending','Shopping','ATM',7301.42),(10,'NUSR85510761299831',249.53,'2025-01-10','Pending','Salary','In-Branch',9835.51),(11,'SOSU31976959869670',480.15,'2025-01-09','Completed','Utilities','ATM',9254.54),(12,'KGPI29667220488422',115.93,'2025-01-08','Completed','Utilities','ATM',6170.90),(13,'TXEP19136707178028',142.74,'2025-01-11','Failed','Shopping','Online',8254.48),(14,'QNOA84556937650500',88.37,'2025-01-14','Failed','Shopping','In-Branch',1639.23),(15,'VORC27384385221930',442.41,'2025-01-13','Completed','Investment','ATM',4207.02),(16,'HSRU47803837325278',794.52,'2025-01-05','Completed','Utilities','ATM',589.43),(17,'GXKM45013745799651',454.54,'2025-01-12','Pending','Shopping','Online',5780.27),(18,'MRYJ09183700635086',72.37,'2025-01-13','Pending','Utilities','In-Branch',765.81),(19,'JYJG16503274361699',906.22,'2025-01-04','Pending','Utilities','ATM',8266.28),(20,'WBVP11609141588926',592.53,'2025-01-11','Pending','Salary','ATM',3934.51),(21,'MPZD88275906833183',424.67,'2025-01-19','Failed','Salary','In-Branch',1547.89),(22,'HSDF20668624508428',238.49,'2025-01-13','Failed','Utilities','ATM',4000.91),(23,'ZPVV30732569233220',623.97,'2025-01-22','Failed','Salary','Online',1929.72),(24,'TOXU91648802175495',972.19,'2025-01-17','Failed','Shopping','ATM',6584.65),(25,'PAOB62043753379440',467.89,'2025-01-02','Failed','Investment','Online',5507.52),(26,'OHZH85162742776294',131.23,'2025-01-20','Failed','Investment','In-Branch',9785.84),(27,'TWQX11027497872013',105.63,'2025-01-09','Failed','Investment','ATM',2719.36),(28,'OKMZ47071562520549',505.31,'2025-01-20','Completed','Shopping','ATM',8218.43),(29,'OMQB36812397838328',579.12,'2025-01-20','Completed','Utilities','Online',8317.42),(30,'VCSH64912400920721',239.89,'2025-01-19','Pending','Utilities','In-Branch',1562.03),(31,'LMYR59865864160962',706.84,'2025-01-12','Pending','Investment','Online',3546.83),(32,'FEXF58773667499158',88.46,'2025-01-05','Pending','Utilities','ATM',4374.77),(33,'MEVF78227378184211',888.30,'2025-01-16','Failed','Salary','Online',1002.70),(34,'ERQJ50896336949925',583.41,'2025-01-17','Failed','Shopping','Online',9738.95),(35,'PLWJ42992099278953',41.62,'2025-01-18','Completed','Shopping','In-Branch',4513.29),(36,'HIHM09338167381647',34.34,'2025-01-19','Failed','Salary','Online',6069.79),(37,'DPZM13935738023926',514.89,'2025-01-08','Pending','Utilities','Online',3620.12),(38,'CNGO73804800513934',199.86,'2025-01-14','Completed','Utilities','In-Branch',7717.66),(39,'QFXF41338635470438',700.90,'2025-01-03','Failed','Investment','ATM',7355.35),(40,'DHJW48128921869080',680.13,'2025-01-20','Failed','Utilities','In-Branch',2894.01),(41,'ONZA24001337295639',682.58,'2025-01-10','Completed','Utilities','In-Branch',4102.62),(42,'LIZZ73900485616883',15.24,'2025-01-10','Completed','Investment','ATM',9258.45),(43,'MJRZ24455991375733',568.56,'2025-01-21','Completed','Salary','ATM',408.25),(44,'NHNP24091510388483',174.83,'2025-01-14','Pending','Shopping','Online',4789.66),(45,'TEPX76662894775850',58.88,'2025-01-20','Failed','Investment','Online',7930.16),(46,'YRPU96814019068424',535.92,'2025-01-15','Completed','Utilities','In-Branch',951.54),(47,'VHCB44718103225636',250.40,'2025-01-04','Pending','Salary','In-Branch',6259.13),(48,'PCXN68133324003341',51.86,'2025-01-12','Completed','Utilities','ATM',8859.67),(49,'VMSM25251096036941',584.28,'2025-01-07','Completed','Investment','ATM',142.02),(50,'ISDL88077554008797',465.71,'2025-01-06','Completed','Investment','Online',7084.21),(51,'SVNP43268148455720',741.98,'2025-01-16','Failed','Utilities','In-Branch',8343.75),(52,'PMWZ61994802223599',72.54,'2025-01-04','Pending','Utilities','ATM',1841.37),(53,'ERKR19206855973180',941.39,'2025-01-08','Pending','Investment','In-Branch',9289.95),(54,'MSUY94886315677853',412.88,'2025-01-18','Failed','Shopping','In-Branch',806.24),(55,'YHBD51807218811979',368.58,'2025-01-08','Completed','Utilities','ATM',6223.78),(56,'HMQQ92498851973177',938.70,'2025-01-12','Failed','Utilities','ATM',7770.89),(57,'RPJT99716847187741',323.56,'2025-01-01','Completed','Utilities','In-Branch',960.44),(58,'PVEO04953081181171',656.48,'2025-01-09','Pending','Salary','Online',6306.57),(59,'POJT26234771642790',396.44,'2025-01-08','Failed','Shopping','ATM',1693.38),(60,'ZYFL56656687272132',592.50,'2025-01-04','Failed','Shopping','Online',660.22),(61,'BWFW33946527918060',36.79,'2025-01-16','Pending','Shopping','In-Branch',4852.46),(62,'FROX19153747237267',832.91,'2025-01-16','Pending','Utilities','ATM',3599.10),(63,'RLNM63634105354140',322.49,'2025-01-13','Completed','Shopping','ATM',2802.06),(64,'FUHM02363503411812',125.68,'2025-01-03','Failed','Investment','In-Branch',5744.09),(65,'NDGV55887906366039',450.97,'2025-01-18','Completed','Utilities','Online',7539.54),(66,'UPCD37057984110446',954.67,'2025-01-02','Completed','Salary','In-Branch',8058.12),(67,'UMDF36949814333996',340.13,'2025-01-07','Completed','Investment','In-Branch',6251.03),(68,'QMHL22777003384835',90.30,'2025-01-20','Failed','Utilities','In-Branch',5559.58),(69,'XSSG21900794185663',558.98,'2025-01-01','Failed','Shopping','ATM',3020.58),(70,'GVED64825450309694',381.53,'2025-01-16','Failed','Salary','In-Branch',6736.56),(71,'UGWI83335859652693',924.84,'2025-01-13','Failed','Shopping','In-Branch',8607.13),(72,'MHZA99326056317400',878.29,'2025-01-09','Failed','Salary','Online',7699.27),(73,'MUHL50965406472924',129.09,'2025-01-22','Failed','Investment','In-Branch',4295.56),(74,'DRMJ65166137785072',849.24,'2025-01-13','Pending','Investment','In-Branch',9593.64),(75,'CTHU87420721998479',648.83,'2025-01-03','Pending','Shopping','ATM',5047.46),(76,'EEZG01971314687753',341.80,'2025-01-11','Pending','Salary','ATM',5575.73),(77,'PAIB47561891489605',664.66,'2025-01-10','Failed','Shopping','ATM',9698.96),(78,'YRPU96814019068424',449.60,'2025-01-15','Failed','Shopping','In-Branch',6827.12),(79,'GOBQ80910664698004',61.34,'2025-01-21','Pending','Shopping','ATM',755.95),(80,'DRMJ65166137785072',275.26,'2025-01-17','Pending','Salary','Online',8130.32),(81,'RICN46466029074774',542.54,'2025-01-13','Failed','Investment','ATM',1154.73),(82,'BDIA31139919870558',688.16,'2025-01-16','Completed','Investment','Online',7615.61),(83,'JUSS01910665957124',541.19,'2025-01-22','Pending','Investment','Online',975.80),(84,'KPBI32008228864833',287.97,'2025-01-20','Completed','Salary','ATM',985.93),(85,'MTRB62566988420891',427.07,'2025-01-09','Pending','Salary','In-Branch',8851.51),(86,'SUCY52171565480494',694.02,'2025-01-14','Failed','Utilities','ATM',4631.10),(87,'OWYZ59912875767629',378.57,'2025-01-19','Failed','Investment','In-Branch',2988.16),(88,'RGOE92503425151607',533.81,'2025-01-01','Completed','Investment','Online',51.61),(89,'GVSY03776731419322',757.23,'2025-01-02','Completed','Salary','In-Branch',1275.69),(90,'JXGK20854269522262',226.98,'2025-01-14','Pending','Salary','ATM',1822.78),(91,'MCLS23519289054874',928.46,'2025-01-08','Failed','Investment','ATM',2092.35),(92,'GOBQ80910664698004',14.99,'2025-01-16','Pending','Salary','In-Branch',3749.47),(93,'XADQ61222118809038',703.89,'2025-01-06','Completed','Utilities','Online',6960.57),(94,'IYFP89684968386668',50.54,'2025-01-09','Pending','Utilities','Online',4775.63),(95,'WNOB77071129745689',964.93,'2025-01-21','Completed','Salary','Online',2689.45),(96,'ZKNR70494212029457',267.85,'2025-01-01','Failed','Shopping','Online',5284.10),(97,'OSUW56047372728100',222.35,'2025-01-05','Failed','Salary','In-Branch',4206.55),(98,'DXAX50859466468173',271.96,'2025-01-05','Failed','Utilities','ATM',8457.72),(99,'JPSB61080740510515',862.35,'2025-01-03','Completed','Investment','Online',5216.36),(100,'KSNW36098954471749',354.45,'2025-01-13','Failed','Investment','Online',7383.32),(101,'YESV10214545552788',617.65,'2025-01-11','Completed','Salary','ATM',9397.90),(102,'WRCE86533452782816',779.07,'2025-01-22','Failed','Shopping','In-Branch',9141.63),(103,'CHJG63328243322782',728.61,'2025-01-21','Completed','Shopping','In-Branch',7141.97),(104,'THLW81575290609896',28.19,'2025-01-16','Completed','Shopping','ATM',858.36),(105,'MIMH67311135409530',374.93,'2025-01-13','Failed','Shopping','In-Branch',2527.14),(106,'OVYS51922568590905',78.36,'2025-01-16','Failed','Shopping','In-Branch',5260.09),(107,'PNNM30660259352588',681.20,'2025-01-03','Completed','Utilities','Online',5601.92),(108,'OWYZ59912875767629',982.91,'2025-01-14','Pending','Utilities','In-Branch',8005.49),(109,'NCBK37481377955484',586.52,'2025-01-01','Pending','Utilities','In-Branch',4179.16),(110,'AMYR29246081692516',229.92,'2025-01-14','Pending','Utilities','Online',9445.38),(111,'WQZT36648715032883',299.08,'2025-01-18','Pending','Utilities','Online',625.03),(112,'RQOJ34977081614956',801.18,'2025-01-06','Failed','Investment','ATM',5819.20),(113,'QCZD82123296778111',583.69,'2025-01-17','Failed','Utilities','Online',8301.48),(114,'HCNK92323412153390',869.67,'2025-01-18','Pending','Investment','ATM',1204.76),(115,'JGDY38780143129729',488.09,'2025-01-02','Pending','Utilities','In-Branch',1925.45),(116,'CDJO56509180821082',898.96,'2025-01-17','Failed','Investment','In-Branch',6685.16),(117,'AHTV54913292076866',690.41,'2025-01-17','Completed','Salary','Online',2182.77),(118,'ZNKX90505803531055',754.86,'2025-01-03','Completed','Investment','Online',3541.81),(119,'OUFB55031960811642',395.95,'2025-01-12','Failed','Shopping','Online',5426.77),(120,'RHUY73299659939886',443.91,'2025-01-12','Failed','Shopping','Online',7105.31),(121,'OVDV78284470474721',419.68,'2025-01-16','Pending','Investment','Online',4390.84),(122,'AUHT86617901758141',486.49,'2025-01-16','Pending','Salary','In-Branch',1102.91),(123,'WIQT24688166136482',459.40,'2025-01-11','Pending','Utilities','ATM',1318.19),(124,'KSNW36098954471749',601.82,'2025-01-05','Failed','Utilities','Online',6914.89),(125,'ASPS02297534257877',281.78,'2025-01-22','Pending','Shopping','In-Branch',9198.74),(126,'BRDD14385438841831',413.20,'2025-01-12','Pending','Utilities','Online',4057.34),(127,'LUWV58638242248026',316.96,'2025-01-08','Failed','Investment','In-Branch',3332.37),(128,'PFKZ94416792211430',649.54,'2025-01-11','Failed','Shopping','Online',1514.27),(129,'HOJP19965687747313',839.33,'2025-01-01','Completed','Investment','Online',8547.18),(130,'VRXH98666771606314',958.75,'2025-01-20','Failed','Investment','Online',5340.72),(131,'SWQV88657466696111',439.73,'2025-01-12','Completed','Investment','Online',9792.01),(132,'QAWD81070159142918',573.86,'2025-01-03','Completed','Salary','Online',9520.45),(133,'RHUY73299659939886',78.45,'2025-01-19','Pending','Utilities','Online',1146.67),(134,'BGHF70344771702355',756.37,'2025-01-17','Failed','Investment','ATM',3446.75),(135,'VKEI98276271969101',174.95,'2025-01-02','Failed','Salary','Online',1865.78),(136,'SJUC95554154012269',849.90,'2025-01-03','Pending','Investment','Online',3105.08),(137,'KMWL85794308003026',900.96,'2025-01-07','Completed','Shopping','ATM',5694.31),(138,'EAES29550771050160',506.36,'2025-01-22','Completed','Shopping','Online',4293.49),(139,'NZBJ59688697851432',578.88,'2025-01-19','Failed','Investment','In-Branch',3231.20),(140,'BJFX32617490782950',55.00,'2025-01-07','Completed','Investment','In-Branch',6411.18),(141,'MLQR90124772151444',882.99,'2025-01-15','Pending','Investment','ATM',8319.40),(142,'HWAM71946623214382',739.34,'2025-01-02','Completed','Salary','Online',5044.03),(143,'OWQS09528587501626',552.36,'2025-01-13','Pending','Investment','In-Branch',4245.73),(144,'NCVB51592224176745',509.50,'2025-01-05','Pending','Shopping','Online',6180.67),(145,'JVPC75079276659617',39.07,'2025-01-11','Completed','Utilities','In-Branch',2771.22),(146,'IGEF74463729214091',622.68,'2025-01-17','Pending','Investment','Online',7414.56),(147,'ATCE85335859122730',100.14,'2025-01-07','Pending','Utilities','Online',2769.57),(148,'LQFF39623276088625',951.41,'2025-01-06','Pending','Utilities','ATM',5935.92),(149,'OUFB55031960811642',335.01,'2025-01-08','Pending','Utilities','In-Branch',4994.95),(150,'TLPW95660232910900',429.59,'2025-01-19','Pending','Investment','ATM',9688.50),(151,'QUFF39362867331812',773.11,'2025-01-11','Pending','Salary','In-Branch',3391.13),(152,'CDHG28465183651207',984.05,'2025-01-16','Failed','Shopping','ATM',8693.49),(153,'MOIH98109089830683',341.62,'2025-01-06','Completed','Investment','Online',6168.57),(154,'DQCU83053786168401',395.90,'2025-01-08','Failed','Utilities','ATM',3197.27),(155,'MUHL50965406472924',576.88,'2025-01-03','Completed','Salary','In-Branch',6532.45),(156,'KKXD78102270328629',819.95,'2025-01-22','Pending','Investment','Online',7354.14),(157,'QNOA84556937650500',72.69,'2025-01-09','Failed','Investment','Online',9262.27),(158,'OIZJ74794200511740',380.31,'2025-01-10','Pending','Investment','Online',2393.17),(159,'VMMI97992610527010',783.05,'2025-01-19','Pending','Shopping','Online',4506.45),(160,'UBMX03638265488609',261.10,'2025-01-01','Completed','Salary','Online',7354.74),(161,'PNNM30660259352588',780.13,'2025-01-04','Failed','Salary','In-Branch',1529.42),(162,'JLGB72210351822099',950.27,'2025-01-21','Pending','Investment','ATM',2621.86),(163,'CDFI91499127061642',772.07,'2025-01-10','Failed','Utilities','In-Branch',3047.92),(164,'CZCF35765273100899',735.06,'2025-01-03','Pending','Shopping','Online',37.15),(165,'JTEX22457206624873',47.78,'2025-01-20','Completed','Salary','ATM',4753.06),(166,'MLQR90124772151444',559.72,'2025-01-04','Failed','Shopping','Online',1095.06),(167,'DWAT28761542072206',472.13,'2025-01-07','Pending','Salary','Online',4376.43),(168,'MAZT62922975307641',415.93,'2025-01-20','Failed','Investment','Online',1114.41),(169,'WUKQ72090637864292',701.80,'2025-01-08','Completed','Investment','In-Branch',265.88),(170,'UHVA36455245899020',205.38,'2025-01-07','Failed','Salary','In-Branch',6241.83),(171,'XFHJ40312034383094',864.02,'2025-01-07','Failed','Investment','ATM',638.74),(172,'CTJF82281456086934',476.44,'2025-01-16','Pending','Utilities','In-Branch',8151.10),(173,'OMQB36812397838328',731.51,'2025-01-12','Failed','Shopping','ATM',8539.78),(174,'DQCU83053786168401',775.34,'2025-01-13','Failed','Salary','In-Branch',6870.31),(175,'IKDZ98375868533883',954.83,'2025-01-06','Completed','Investment','Online',9935.00),(176,'LPUS98552530499753',964.20,'2025-01-18','Completed','Investment','ATM',7720.62),(177,'UARD43866028943583',528.11,'2025-01-06','Failed','Utilities','Online',6013.94),(178,'ZKNR70494212029457',235.36,'2025-01-02','Pending','Investment','ATM',6812.96),(179,'UZGH98189365670021',491.71,'2025-01-13','Failed','Investment','ATM',2446.85),(180,'GXKM45013745799651',47.64,'2025-01-02','Pending','Investment','ATM',9436.44),(181,'UAVJ64628097440726',355.05,'2025-01-14','Completed','Shopping','ATM',7275.61),(182,'JTZT75797385034051',117.15,'2025-01-13','Pending','Shopping','In-Branch',4797.85),(183,'KYON09489240818726',790.96,'2025-01-13','Pending','Salary','In-Branch',2646.83),(184,'AUHT86617901758141',935.89,'2025-01-11','Pending','Salary','Online',3767.89),(185,'IYKA65936274327458',54.87,'2025-01-06','Completed','Investment','ATM',538.07),(186,'WTKI41195416885987',210.92,'2025-01-14','Failed','Utilities','In-Branch',3407.49),(187,'BWFW33946527918060',402.24,'2025-01-22','Completed','Investment','Online',527.47),(188,'JGDY38780143129729',677.40,'2025-01-16','Pending','Salary','Online',30.31),(189,'CQEK29415179210688',750.09,'2025-01-06','Completed','Utilities','Online',4648.96),(190,'KSNW36098954471749',237.53,'2025-01-17','Pending','Utilities','ATM',4318.88),(191,'CRDV12042238025509',51.83,'2025-01-17','Completed','Investment','ATM',4471.93),(192,'VCSH64912400920721',24.66,'2025-01-22','Pending','Utilities','Online',4009.59),(193,'MZTR08944324526026',998.92,'2025-01-10','Pending','Utilities','ATM',8733.84),(194,'SUWR84368223119449',42.96,'2025-01-08','Failed','Investment','ATM',683.75),(195,'VTLZ48880367223937',104.06,'2025-01-17','Completed','Investment','Online',2976.71),(196,'CGLB55417814270847',377.61,'2025-01-17','Failed','Shopping','ATM',5621.97),(197,'IGEF74463729214091',528.10,'2025-01-01','Completed','Salary','Online',598.40),(198,'RBIA45355910622459',15.57,'2025-01-14','Completed','Investment','ATM',2040.12),(199,'JCFY45768625021206',318.05,'2025-01-13','Pending','Investment','In-Branch',2215.67),(200,'XADQ61222118809038',597.06,'2025-01-05','Pending','Utilities','ATM',7515.93),(201,'DHGO97460443004432',432.33,'2025-01-16','Pending','Shopping','ATM',5771.53),(202,'PNNM30660259352588',492.85,'2025-01-12','Completed','Investment','In-Branch',4069.07),(203,'KYTL24007917518365',590.25,'2025-01-22','Pending','Utilities','ATM',5842.78),(204,'RBIA45355910622459',98.26,'2025-01-05','Pending','Investment','Online',4185.15),(205,'EROH86076447190358',71.76,'2025-01-07','Completed','Investment','Online',6334.99),(206,'WIKA78284319893799',689.59,'2025-01-18','Pending','Utilities','In-Branch',6524.40),(207,'DMTN40040689927054',276.77,'2025-01-19','Pending','Utilities','In-Branch',3739.09),(208,'RHUY73299659939886',83.85,'2025-01-10','Completed','Investment','In-Branch',9698.08),(209,'UQUW04992300555442',667.31,'2025-01-03','Failed','Utilities','ATM',76.97),(210,'HNLN84412681626841',224.77,'2025-01-14','Failed','Investment','Online',1711.92),(211,'QPXS39001007104201',573.92,'2025-01-07','Completed','Utilities','In-Branch',867.99),(212,'GSMF01427690589417',373.72,'2025-01-01','Failed','Shopping','In-Branch',1173.00),(213,'OMNF77954990526999',195.65,'2025-01-03','Failed','Salary','Online',1616.23),(214,'YMIJ81975888440963',763.97,'2025-01-18','Completed','Shopping','ATM',7134.95),(215,'NQGN72373435667153',273.02,'2025-01-12','Failed','Shopping','Online',8742.04),(216,'NYZD47955244825736',633.94,'2025-01-08','Failed','Salary','In-Branch',7041.87),(217,'FYIQ58534252567628',134.91,'2025-01-06','Pending','Shopping','In-Branch',9335.69),(218,'CDHG28465183651207',680.83,'2025-01-11','Pending','Salary','In-Branch',8140.32),(219,'MXRX77971531883039',12.57,'2025-01-15','Pending','Salary','ATM',2127.74),(220,'BLBC79885207403337',218.84,'2025-01-13','Pending','Salary','ATM',2320.53),(221,'NZBJ59688697851432',687.62,'2025-01-22','Failed','Investment','Online',4943.69),(222,'TILQ35532234196592',271.87,'2025-01-09','Failed','Investment','ATM',5452.67),(223,'AVEY89876079943096',725.53,'2025-01-08','Failed','Salary','In-Branch',6801.46),(224,'STQI58743807354689',678.08,'2025-01-01','Completed','Utilities','In-Branch',9118.09),(225,'BJDA63830237010200',628.12,'2025-01-06','Completed','Salary','ATM',3455.17),(226,'LBYR41365491547840',890.09,'2025-01-04','Pending','Salary','ATM',3586.44),(227,'QHMY94998834897408',56.68,'2025-01-17','Completed','Shopping','In-Branch',5228.93),(228,'GOBQ80910664698004',279.87,'2025-01-08','Completed','Investment','In-Branch',4580.91),(229,'JYJG16503274361699',416.60,'2025-01-06','Completed','Investment','ATM',2863.98),(230,'HSRU47803837325278',653.75,'2025-01-09','Pending','Shopping','ATM',4349.19),(231,'PAIB47561891489605',472.36,'2025-01-22','Pending','Investment','ATM',8166.59),(232,'BBOQ51549950504229',906.48,'2025-01-06','Failed','Shopping','ATM',8016.31),(233,'TFHR71135387313631',148.95,'2025-01-20','Completed','Salary','Online',6011.48),(234,'ZERS84990104221476',726.25,'2025-01-13','Failed','Investment','In-Branch',2200.61),(235,'XVFV73486379012799',162.77,'2025-01-02','Completed','Investment','Online',4925.98),(236,'YKJF32235662029329',255.16,'2025-01-19','Failed','Investment','Online',7488.57),(237,'CEJP45263490187779',73.76,'2025-01-09','Failed','Investment','Online',5167.54),(238,'LDIY64929396234253',129.57,'2025-01-06','Failed','Salary','In-Branch',1566.11),(239,'QMIT89530397241771',707.49,'2025-01-11','Pending','Investment','ATM',1717.91),(240,'SDRB81727303451755',775.37,'2025-01-15','Completed','Shopping','In-Branch',1386.77),(241,'TARY81227397696540',735.52,'2025-01-09','Completed','Salary','ATM',8262.46),(242,'ISVX06082057891805',289.20,'2025-01-17','Failed','Utilities','ATM',4865.03),(243,'ISVX06082057891805',311.41,'2025-01-20','Completed','Salary','In-Branch',8289.92),(244,'NYCV00276372494038',453.60,'2025-01-02','Pending','Utilities','ATM',8791.35),(245,'RHUY73299659939886',120.49,'2025-01-04','Completed','Investment','In-Branch',2428.27),(246,'EFAB88715439079746',210.52,'2025-01-14','Pending','Investment','In-Branch',6358.53),(247,'AUHT86617901758141',840.54,'2025-01-12','Failed','Utilities','ATM',8305.29),(248,'JLRH37710811658053',794.10,'2025-01-20','Pending','Salary','In-Branch',4863.79),(249,'FHGV81610773124713',161.22,'2025-01-10','Failed','Utilities','In-Branch',1270.72),(250,'DOJA61856834415487',738.16,'2025-01-15','Pending','Investment','In-Branch',1340.97),(251,'IPYU92487158766493',530.89,'2025-01-06','Completed','Utilities','ATM',554.24),(252,'POUJ68726371364254',877.25,'2025-01-04','Failed','Salary','Online',8467.50),(253,'JGDY38780143129729',639.76,'2025-01-02','Completed','Utilities','ATM',7801.54),(254,'ILNB87665334421299',474.03,'2025-01-20','Pending','Utilities','Online',9508.11),(255,'WNRA07405528389564',716.23,'2025-01-01','Failed','Salary','In-Branch',7434.01),(256,'DCLC44226470525425',466.66,'2025-01-09','Failed','Utilities','Online',790.18),(257,'CTHU87420721998479',95.26,'2025-01-08','Failed','Utilities','In-Branch',9713.97),(258,'BLBC79885207403337',212.44,'2025-01-17','Completed','Shopping','ATM',7352.15),(259,'IVYL00083222907528',755.60,'2025-01-16','Failed','Shopping','ATM',9227.28),(260,'QNOA84556937650500',73.71,'2025-01-01','Pending','Utilities','Online',5758.73),(261,'JMCR13854923112721',118.00,'2025-01-11','Failed','Salary','In-Branch',2939.16),(262,'GDUH21947164273715',851.73,'2025-01-10','Completed','Investment','In-Branch',3654.22),(263,'MOJT50322246821710',371.82,'2025-01-14','Failed','Investment','In-Branch',1370.41),(264,'EFMT71223648282194',833.67,'2025-01-10','Failed','Investment','ATM',5509.37),(265,'NFSD21917936926695',736.93,'2025-01-20','Pending','Investment','ATM',6568.06),(266,'WDLP73158141864316',878.22,'2025-01-03','Completed','Investment','ATM',9087.54),(267,'LQHD23543888536655',607.63,'2025-01-17','Pending','Salary','ATM',7868.77),(268,'QFBQ16339506508750',440.91,'2025-01-10','Completed','Utilities','In-Branch',3370.77),(269,'KCQN66425010246318',100.23,'2025-01-11','Failed','Shopping','ATM',49.78),(270,'VHCB44718103225636',748.08,'2025-01-04','Failed','Investment','ATM',2882.33),(271,'DHEV04179222827232',980.40,'2025-01-20','Pending','Salary','In-Branch',8923.00),(272,'NJYQ46619827256465',222.16,'2025-01-13','Completed','Utilities','In-Branch',3887.73),(273,'XELA52305431621834',541.94,'2025-01-07','Completed','Investment','ATM',7324.53),(274,'JPDX04070154714867',697.29,'2025-01-02','Completed','Shopping','Online',1350.25),(275,'QQBH35905792760043',668.10,'2025-01-07','Pending','Utilities','In-Branch',6188.21),(276,'OMNF77954990526999',137.29,'2025-01-20','Pending','Investment','Online',4588.43),(277,'FOQP92502802607332',191.40,'2025-01-09','Completed','Salary','In-Branch',7131.87),(278,'RNCK94153225830988',491.19,'2025-01-04','Pending','Shopping','Online',5297.36),(279,'JWMG95278703758746',743.07,'2025-01-06','Failed','Investment','Online',4294.22),(280,'QDKE65976983662384',623.94,'2025-01-21','Completed','Shopping','Online',4687.29),(281,'RQQA00135428942579',614.17,'2025-01-13','Pending','Salary','ATM',925.01),(282,'CDJO56509180821082',679.12,'2025-01-20','Completed','Investment','In-Branch',9873.50),(283,'BBXP07553879748851',795.54,'2025-01-03','Completed','Investment','In-Branch',9458.05),(284,'QHKD95366642943845',239.36,'2025-01-17','Pending','Investment','ATM',9053.76),(285,'VUJA21658700379867',250.43,'2025-01-12','Pending','Utilities','Online',5958.83),(286,'SWXK70359191456259',634.61,'2025-01-09','Completed','Salary','Online',8121.06),(287,'JGDQ37130894727678',284.42,'2025-01-14','Failed','Salary','ATM',5385.25),(288,'MKUK84318746346588',348.93,'2025-01-19','Pending','Investment','Online',7294.91),(289,'MPZD88275906833183',307.58,'2025-01-03','Failed','Shopping','Online',5772.30),(290,'MLQR90124772151444',690.26,'2025-01-01','Failed','Shopping','Online',8056.42),(291,'XADQ61222118809038',998.56,'2025-01-15','Pending','Salary','In-Branch',4197.25),(292,'CVNE01352115408434',116.37,'2025-01-02','Completed','Investment','In-Branch',7986.52),(293,'ZKNR70494212029457',140.74,'2025-01-04','Failed','Salary','In-Branch',6734.39),(294,'NDGV55887906366039',778.67,'2025-01-01','Completed','Salary','In-Branch',7650.74),(295,'JYEL60921520416002',940.43,'2025-01-06','Completed','Salary','Online',1370.36),(296,'OVYS51922568590905',199.32,'2025-01-02','Completed','Shopping','In-Branch',2869.26),(297,'YPLA59432437582612',320.23,'2025-01-10','Completed','Investment','ATM',8997.64),(298,'MUHL50965406472924',304.10,'2025-01-07','Failed','Shopping','In-Branch',843.68),(299,'HWOM45674305886023',768.84,'2025-01-04','Pending','Salary','In-Branch',9363.61),(300,'DNUS15085727436400',70.63,'2025-01-16','Completed','Investment','Online',7068.72),(301,'VZIO77186178394224',621.00,'2025-01-20','Completed','Utilities','In-Branch',2200.09),(302,'HBQY69445661549571',882.69,'2025-01-03','Pending','Shopping','ATM',8038.17),(303,'ZKBE21629603139279',526.05,'2025-01-02','Failed','Salary','ATM',7876.41),(304,'VDPF95977777547385',971.41,'2025-01-22','Pending','Utilities','Online',1782.78),(305,'LALE45423839695236',117.59,'2025-01-07','Completed','Investment','ATM',7069.78),(306,'MSUY94886315677853',653.84,'2025-01-04','Pending','Salary','ATM',224.59),(307,'XIMA61007934794983',107.76,'2025-01-04','Pending','Salary','ATM',9874.55),(308,'EFMT71223648282194',232.95,'2025-01-05','Completed','Salary','Online',554.84),(309,'SYAT86371685295080',988.76,'2025-01-07','Completed','Utilities','ATM',3646.67),(310,'BNLA43221666139668',218.41,'2025-01-10','Completed','Investment','In-Branch',7884.43),(311,'EAEU85646900751672',355.88,'2025-01-19','Completed','Shopping','ATM',1832.93),(312,'KYON09489240818726',874.04,'2025-01-01','Completed','Investment','In-Branch',5859.98),(313,'LMYR59865864160962',557.22,'2025-01-19','Failed','Investment','ATM',3117.86),(314,'CIMJ70489554319283',221.37,'2025-01-12','Failed','Utilities','ATM',3891.15),(315,'WNOB77071129745689',841.89,'2025-01-08','Failed','Shopping','ATM',2055.18),(316,'LQHD23543888536655',291.44,'2025-01-13','Completed','Investment','ATM',1487.63),(317,'TWIN02191105693369',649.77,'2025-01-08','Completed','Shopping','ATM',3714.66),(318,'ISDL88077554008797',461.48,'2025-01-07','Completed','Utilities','In-Branch',2292.76),(319,'VPCN38864908488172',732.54,'2025-01-16','Completed','Utilities','In-Branch',7264.67),(320,'BRDD14385438841831',970.19,'2025-01-22','Completed','Salary','Online',8004.00),(321,'PLWJ42992099278953',777.70,'2025-01-10','Completed','Investment','In-Branch',4102.94),(322,'EXFP33593932138701',947.43,'2025-01-20','Completed','Utilities','ATM',4880.83),(323,'OAWD60076223218911',544.73,'2025-01-16','Completed','Shopping','ATM',6780.28),(324,'UBMX03638265488609',122.00,'2025-01-13','Completed','Salary','ATM',161.56),(325,'WPJM26709256600265',914.27,'2025-01-10','Failed','Utilities','In-Branch',597.32),(326,'RLNM63634105354140',874.02,'2025-01-14','Completed','Shopping','ATM',7805.07),(327,'QBMU25088810113010',771.57,'2025-01-06','Failed','Shopping','ATM',5480.78),(328,'GOBQ80910664698004',520.00,'2025-01-15','Pending','Utilities','In-Branch',9975.92),(329,'FROX19153747237267',258.50,'2025-01-11','Failed','Shopping','Online',8622.74),(330,'TWQX11027497872013',412.19,'2025-01-05','Pending','Utilities','ATM',8571.44),(331,'MUHL50965406472924',59.68,'2025-01-21','Failed','Salary','Online',8631.95),(332,'MWTQ84698741652831',397.07,'2025-01-05','Completed','Salary','Online',9318.41),(333,'TLPW95660232910900',202.47,'2025-01-04','Pending','Salary','ATM',5158.13),(334,'STFB65560625501743',851.45,'2025-01-20','Pending','Investment','In-Branch',1595.62),(335,'OXQU19164895009050',256.39,'2025-01-07','Failed','Utilities','Online',3687.52),(336,'HJKM23241381185111',649.08,'2025-01-11','Completed','Investment','Online',3822.72),(337,'VPIA41253796154605',76.92,'2025-01-14','Failed','Investment','Online',5550.06),(338,'CEJP45263490187779',182.17,'2025-01-02','Failed','Investment','Online',8241.01),(339,'NXGL05059677997003',388.84,'2025-01-11','Completed','Utilities','ATM',3320.00),(340,'IHIT35993327411447',503.23,'2025-01-06','Failed','Investment','In-Branch',2916.34),(341,'HSRU47803837325278',108.16,'2025-01-05','Completed','Investment','Online',9374.41),(342,'AHTV54913292076866',538.41,'2025-01-07','Failed','Utilities','ATM',7002.15),(343,'WNOB77071129745689',672.25,'2025-01-16','Completed','Investment','In-Branch',9124.33),(344,'BPZZ85114927678466',939.98,'2025-01-22','Completed','Utilities','ATM',8912.02),(345,'NUSR85510761299831',173.24,'2025-01-19','Completed','Utilities','ATM',4965.20),(346,'LQSZ23559639372483',592.77,'2025-01-20','Failed','Shopping','Online',5480.30),(347,'UQUW04992300555442',727.09,'2025-01-17','Pending','Investment','In-Branch',2845.25),(348,'WVWM89748974315507',714.01,'2025-01-12','Completed','Investment','In-Branch',134.91),(349,'NUPU93515560199175',973.34,'2025-01-20','Failed','Salary','ATM',2601.57),(350,'VQSM72660736423540',160.04,'2025-01-20','Failed','Investment','Online',4865.42),(351,'PBZR89875210674150',13.36,'2025-01-11','Pending','Investment','Online',7526.23),(352,'KYTL24007917518365',186.08,'2025-01-22','Failed','Salary','In-Branch',8316.23),(353,'JCNH33616280962541',773.34,'2025-01-07','Pending','Investment','Online',3101.44),(354,'IKDZ98375868533883',549.06,'2025-01-10','Completed','Utilities','In-Branch',7144.87),(355,'GOBQ80910664698004',794.15,'2025-01-19','Completed','Utilities','ATM',7911.24),(356,'QCSI32078912667150',681.75,'2025-01-22','Failed','Shopping','In-Branch',1925.70),(357,'UCTC20971111479639',936.14,'2025-01-01','Failed','Salary','ATM',7939.46),(358,'AUHT86617901758141',382.88,'2025-01-04','Completed','Investment','ATM',9511.08),(359,'RQOJ34977081614956',983.81,'2025-01-16','Failed','Salary','Online',1043.12),(360,'IFZL07480494127884',365.71,'2025-01-18','Completed','Investment','Online',3325.53),(361,'TARY81227397696540',781.40,'2025-01-02','Pending','Investment','In-Branch',932.71),(362,'GSKH17600605833476',248.02,'2025-01-01','Pending','Salary','In-Branch',522.28),(363,'WRCE86533452782816',244.04,'2025-01-01','Failed','Shopping','In-Branch',155.35),(364,'PJFU73607059304782',619.57,'2025-01-20','Pending','Utilities','Online',1151.27),(365,'NCVB51592224176745',553.05,'2025-01-19','Pending','Salary','Online',2583.65),(366,'CQEK29415179210688',921.61,'2025-01-22','Completed','Investment','Online',263.71),(367,'LALE45423839695236',421.44,'2025-01-06','Pending','Shopping','Online',5423.43),(368,'BZCP66201647520595',966.96,'2025-01-09','Completed','Investment','In-Branch',6079.05),(369,'WUMB67013309154264',685.09,'2025-01-20','Completed','Investment','Online',905.00),(370,'VDPF95977777547385',475.36,'2025-01-18','Pending','Shopping','ATM',5708.27),(371,'WLRK82936755549828',841.23,'2025-01-06','Pending','Utilities','Online',2611.17),(372,'ARSQ00495480400215',693.77,'2025-01-07','Pending','Investment','In-Branch',1616.82),(373,'CZQB66737727942888',475.23,'2025-01-02','Completed','Utilities','Online',7625.25),(374,'JWQH08687201855709',109.11,'2025-01-19','Failed','Utilities','ATM',6691.71),(375,'SSEG55615940638640',942.60,'2025-01-19','Failed','Investment','ATM',6352.83),(376,'ALFX85778684209744',812.50,'2025-01-08','Completed','Utilities','Online',9123.01),(377,'CDFI91499127061642',131.76,'2025-01-18','Failed','Investment','ATM',8138.26),(378,'XMOO12425438754994',51.42,'2025-01-14','Pending','Shopping','ATM',2677.83),(379,'HZHR01735679215414',226.50,'2025-01-17','Pending','Shopping','Online',6456.96),(380,'WUKQ72090637864292',624.00,'2025-01-08','Completed','Salary','Online',2988.32),(381,'MRAY37504680063497',455.26,'2025-01-12','Completed','Utilities','In-Branch',9887.09),(382,'CIMJ70489554319283',673.36,'2025-01-09','Completed','Shopping','ATM',3658.96),(383,'YPLA59432437582612',621.87,'2025-01-18','Completed','Investment','In-Branch',2722.84),(384,'NCBK37481377955484',985.28,'2025-01-15','Failed','Salary','ATM',5629.04),(385,'ZMJA09554326952248',658.60,'2025-01-20','Completed','Shopping','Online',5126.55),(386,'TSWL05708766570433',347.48,'2025-01-06','Completed','Investment','In-Branch',5731.49),(387,'IETS02063336930519',672.10,'2025-01-09','Failed','Investment','ATM',1976.72),(388,'YKPA63210656533032',125.17,'2025-01-10','Completed','Utilities','ATM',8998.92),(389,'TDPK03095750740869',484.04,'2025-01-10','Failed','Salary','Online',8855.05),(390,'OKMZ47071562520549',904.49,'2025-01-17','Completed','Investment','Online',4712.30),(391,'FICJ39865985203601',805.59,'2025-01-17','Completed','Utilities','ATM',8727.72),(392,'TCSU33834606544677',346.78,'2025-01-10','Completed','Salary','In-Branch',5548.17),(393,'FJBT94492585005715',37.86,'2025-01-03','Completed','Investment','ATM',2017.95),(394,'LALE45423839695236',869.31,'2025-01-18','Completed','Salary','ATM',7124.16),(395,'XADQ61222118809038',349.57,'2025-01-05','Failed','Utilities','In-Branch',2321.86),(396,'AVKK86740982453931',915.44,'2025-01-21','Pending','Salary','Online',3572.81),(397,'BCWE09949976951473',594.63,'2025-01-14','Completed','Investment','Online',2442.27),(398,'JXGK20854269522262',984.74,'2025-01-20','Pending','Utilities','ATM',7113.62),(399,'IYFP89684968386668',106.12,'2025-01-02','Failed','Salary','In-Branch',814.65),(400,'RGPM40505909731736',102.34,'2025-01-10','Completed','Investment','Online',1325.39);
/*!40000 ALTER TABLE `transaction` ENABLE KEYS */;
UNLOCK TABLES;

--
-- Table structure for table `user_auth`
--

DROP TABLE IF EXISTS `user_auth`;
/*!40101 SET @saved_cs_client     = @@character_set_client */;
/*!40101 SET character_set_client = utf8 */;
CREATE TABLE `user_auth` (
  `user_id` varchar(50) NOT NULL,
  `password` varchar(50) DEFAULT NULL,
  `customer_id` int DEFAULT NULL,
  PRIMARY KEY (`user_id`),
  KEY `customer_id` (`customer_id`),
  CONSTRAINT `user_auth_ibfk_1` FOREIGN KEY (`customer_id`) REFERENCES `customer` (`customer_id`)
) ENGINE=InnoDB DEFAULT CHARSET=utf8mb4 COLLATE=utf8mb4_0900_ai_ci;
/*!40101 SET character_set_client = @saved_cs_client */;

--
-- Dumping data for table `user_auth`
--

LOCK TABLES `user_auth` WRITE;
/*!40000 ALTER TABLE `user_auth` DISABLE KEYS */;
INSERT INTO `user_auth` VALUES ('abaker','Kd(2@LfeS$',75),('abrown','*cSr$^EW35',182),('abyrd','(hkRWMSjt0',143),('acaldwell','(K8_gZd83_',95),('adecker','d+Xbyzpy+5',106),('afields','edg9aNlwU)',150),('ahanson','fw1kJBaFr+',73),('ajacobs','s$E04qVwbT',170),('alee','(vKYYMGtm9',52),('along','1^92Yf(k4@',66),('amartinez','elN5(LMyu_',36),('amolina','!7JKzgV^K$',81),('aorr',')gMVNqhyW3',133),('arivera','x98D@8b3a)',121),('aryan','G46PDiot*t',21),('awarren','0L0vRhxe__',68),('ayoung','qU9eSgSW_#',53),('badams','O2N!PW@p_7',34),('bcooper','p0pFk08x_t',93),('bgolden','rbKAblk@%9',130),('bharris','!99^83Bt2P',197),('borr','#3KvzyyAjT',110),('btorres','PTB0G7aY(R',86),('ccolon','b23asbSE&^',4),('cdrake','et(Vxhrt@0',72),('cfranco','cy8&70Vq&#',139),('cgill','n+t_43Ce(S',176),('charper','e1Z!MNq8_i',194),('chill','OK8NZ@h(^c',135),('clewis','CH0FhUo!$6',99),('clopez','0OVpw8ysb)',117),('cmaddox','&@70A%PgUE',178),('cmartin','#$8$Dd*m%Z',116),('cnicholson','*nBoUWDCe6',32),('cnorman','Qr+6oB(e3!',30),('csmith','Xj9MUBim_#',20),('ctaylor','EUuJBKBd&1',82),('cvaughn','(_9neGf7d!',70),('cwang','h#x0GinKn&',126),('dburton','(H2UijlI&0',49),('ddrake','^^UZVr$95W',191),('dhall','86pYRn_v#O',167),('dhamilton','Qv1F#p6n#u',185),('dharris','d7JS$yL0#g',124),('dhenderson','_#KA2ZOsnh',97),('dmorris','@Hl16(FmG!',17),('dpetty','Z7uBCAtB(j',144),('dray','^%^3RuGj^_',115),('dreyes','&Xr6Zu1%6z',184),('dtorres','!3BlmsRk95',193),('dwilson','r@J35KxfEb',151),('eayala','xH8xGCzZ#h',156),('ecarr','ih#50Oef^j',173),('edaniel','C8bVOeZM!t',69),('ekent','XTU8nMleB)',24),('emartin','&3tD0ygat2',183),('eriley','I6P7DxjN^C',38),('erodriguez','s@7*cTsr%B',175),('gsanchez','$7wWxPBf8K',60),('gwright','_d+1CVtV1D',181),('hcherry','H30TdnZfG^',177),('hgordon',')0OKqVMW8M',71),('hkelly',')*19asTaG7',94),('jblanchard','&#j7ADWjCE',29),('jbrown','S#1D3KLu@$',145),('jbryant','%9g!71@q4L',50),('jbuck','SPK4Ex*n%B',112),('jcalhoun','9VrTd@j!(h',107),('jcampbell','$YEaAGIuW3',51),('jcarter','M@jI&0VvnY',6),('jdavis','&Lw8JHfgt4',104),('jdecker','&Ys8)wHkn#',154),('jdiaz','@0TSsQp5jd',119),('jdougherty','LJ&e0kVu+R',157),('jgallagher','@@923DysoE',80),('jgardner','_fFdwAac#6',74),('jgutierrez','(6uXPvPjN(',200),('jhernandez','_Rm&^fAf8K',5),('jjones','0g$w0tAvW$',42),('jjones1','O+(5D^4yFB',57),('jlawrence','@XdXj%WsB4',19),('jleach','!9wlhgXmHa',148),('jmiller','p21HuNjh_(',180),('jmorton','Cc&74eAx)Z',11),('jneal','$xA4S@L428',10),('jpetersen','Anu@10Admz',89),('jreed','*@iJ^!aWi4',31),('jroth','*j(0PfsW5e',146),('jsmith','!9k+C)vW+c',136),('jweaver','_%0DEIbf1w',23),('jwhite','!0ZMTkE1Wu',103),('jwilliams','x64gH)Wzi@',92),('jwinters','#QDmA7U%1A',28),('kbaxter','dQqCW4ha4%',114),('kbell','!UUaR6m)C1',62),('kcarter','!g5LyjW1o_',141),('kcross',')(HM35Eli1',111),('kespinoza','^xLwYHr9I6',120),('kfernandez','c0Ve!yv$*9',64),('kfisher',')2HIqqgyT3',39),('kglenn','bcyO_5UtxR',195),('khanna','(&42$RUjBs',187),('kjohnson','$@2lRfqb_n',158),('kjones','3#30HKm&3c',198),('kmcclain','#N2GeLyj_S',44),('kmiller','8eP4Nqby%C',45),('kprice','QPL3GyAo)3',25),('kprice1','9V#g1W3s9T',98),('kthompson','Fo9oPVsc&X',3),('kthompson1','T!+x(6Tv!Z',118),('kvillegas','+I$VxSzQ$7',153),('kwatson','HQ&%5NPaOH',163),('lford','os3ZjUBq!_',79),('lhubbard','!v4HNtbog9',47),('lhunt','_9DAjzPO^e',122),('ljohnson','z5350Tng^*',165),('lkent','*z&P7Meklm',137),('lmiller','6vd!4Rqng#',108),('lmontes','M^0abXOsKV',9),('lpeterson','H$0Z3A8sOy',8),('lphelps','(kC$!V^lL9',149),('lrussell','Wa(_R3Kfg5',190),('lsanders','^oVPcy4Rf8',13),('lschultz','Bp19+FMN)$',168),('lsmith','ajNNMRqO%7',132),('lweber','St!6CeJoew',131),('lwhite','#)7iIFd_U6',123),('lyoung','*3Mi6&sO#k',12),('marnold','_AE$gyone0',1),('mcarson','^d*Jb0qO@2',102),('mcastro','5+T$e0pi!G',63),('mferguson','e!8InVKJN%',160),('mfoster','Q90JCQx5+x',43),('mhenry','#3GS4TZobc',18),('mhunt','2e@3cCZw^G',56),('mkim','r3N2fcU$)#',161),('mlee','u%w^J8Ntdx',101),('mlester','RwpyfxkN!4',142),('mmorgan','W_U7WzslU&',77),('mramirez','BdS7Ncs5_z',113),('msanchez','z@#5qPqD+&',40),('mstevenson','F2*2k7Fh))',109),('mtorres','xm&1BjC_Zz',22),('mvelasquez','nxdB3ZsYz&',61),('mwright','Y$D#5il(uR',96),('mzuniga','fNCtIYuS&7',33),('ncarter','Do7vaB1E!_',7),('nnorris','vZM&RsmR_8',134),('panderson','!4TK(ltGam',55),('perickson','nSP68DgyB)',129),('pgiles','*3HP%uKB#i',87),('pwolfe','c2IOjtov*e',140),('rbecker','E1H&tG%i_f',128),('rbrown','uYmb51Zt)X',166),('rburke','L!6!M#Vj)y',26),('rcervantes','jnsG8LIvM!',46),('rellis','^0G)Gw(n$^',83),('revans','q9Itjv9N^L',37),('rhorn','!e3%%UGh*P',169),('rjones','X43DSdrQ@h',125),('rking','XODXtDln*2',179),('rlewis','%N8GgPy6v1',171),('rmedina','%XFRA8weJ7',192),('rmiller','#1WkL$s0n1',48),('rpearson',')roORpJpO6',67),('rsanders','^46Vgkkw@Y',147),('rtaylor','@6HA4dNlYd',172),('sbarrett','6Y7#Otki(F',54),('scarter','jZ^j79FuHq',155),('sfoster','l(Q7+IhD3H',15),('shenderson','))#7BULv^H',35),('sjenkins','n%3GI$zl(F',85),('sjones','^*FOlJv%m6',91),('slopez','%wDWdZaq%2',174),('slowery','G27Wrp*61*',164),('smiller','!sV9VJS6N6',196),('snewman','*E@4LYyo4u',127),('spaul','n^W5NjYe5z',65),('sperez','@WOKy_^Ei5',78),('sstone',')4jG0PoMkq',16),('sturner','($7QukGaOi',152),('swilliams','(2)T1w9ol*',189),('swong','Mm5&F4ni!m',159),('swood','_6Pr3mSmzR',100),('tbell','*%RyZl7Ha7',2),('tbrewer','oGRH5IXb(T',27),('tcasey','M$Ho1Jkv8D',188),('tcherry','c(DRYOWy_3',58),('tcrosby','^D6Hc39z+2',76),('tmyers','9rYXY%FV!4',14),('tnicholson','h&3XO&Kj8&',84),('tpalmer','22IH2Ban+3',105),('tpatel','48jvDCts$R',199),('trice','#2ID2aVqdL',186),('twilson','(^M3GIu883',138),('vjones','BIpCx5_i^8',41),('vwallace','a@)s6PgRFQ',162),('wjames','i($1kLlHav',90),('wsalas','w8Rw2wUK!(',88),('wsullivan','%@oO3HeUd#',59);
/*!40000 ALTER TABLE `user_auth` ENABLE KEYS */;
UNLOCK TABLES;
/*!40103 SET TIME_ZONE=@OLD_TIME_ZONE */;

/*!40101 SET SQL_MODE=@OLD_SQL_MODE */;
/*!40014 SET FOREIGN_KEY_CHECKS=@OLD_FOREIGN_KEY_CHECKS */;
/*!40014 SET UNIQUE_CHECKS=@OLD_UNIQUE_CHECKS */;
/*!40101 SET CHARACTER_SET_CLIENT=@OLD_CHARACTER_SET_CLIENT */;
/*!40101 SET CHARACTER_SET_RESULTS=@OLD_CHARACTER_SET_RESULTS */;
/*!40101 SET COLLATION_CONNECTION=@OLD_COLLATION_CONNECTION */;
/*!40111 SET SQL_NOTES=@OLD_SQL_NOTES */;

-- Dump completed on 2025-01-23 14:32:39
