-- MySQL dump 10.13  Distrib 5.7.24, for osx11.1 (x86_64)
--
-- Host: localhost    Database: banking_db
-- ------------------------------------------------------
-- Server version	9.1.0

/*!40101 SET @OLD_CHARACTER_SET_CLIENT=@@CHARACTER_SET_CLIENT */;
/*!40101 SET @OLD_CHARACTER_SET_RESULTS=@@CHARACTER_SET_RESULTS */;
/*!40101 SET @OLD_COLLATION_CONNECTION=@@COLLATION_CONNECTION */;
/*!40101 SET NAMES utf8 */;
/*!40103 SET @OLD_TIME_ZONE=@@TIME_ZONE */;
/*!40103 SET TIME_ZONE='+00:00' */;
/*!40014 SET @OLD_UNIQUE_CHECKS=@@UNIQUE_CHECKS, UNIQUE_CHECKS=0 */;
/*!40014 SET @OLD_FOREIGN_KEY_CHECKS=@@FOREIGN_KEY_CHECKS, FOREIGN_KEY_CHECKS=0 */;
/*!40101 SET @OLD_SQL_MODE=@@SQL_MODE, SQL_MODE='NO_AUTO_VALUE_ON_ZERO' */;
/*!40111 SET @OLD_SQL_NOTES=@@SQL_NOTES, SQL_NOTES=0 */;

--
-- Table structure for table `account`
--

DROP TABLE IF EXISTS `account`;
/*!40101 SET @saved_cs_client     = @@character_set_client */;
/*!40101 SET character_set_client = utf8 */;
CREATE TABLE `account` (
  `account_number` varchar(255) NOT NULL,
  `account_type` varchar(255) DEFAULT NULL,
  `balance` float DEFAULT NULL,
  `branch_id` int DEFAULT NULL,
  `created_date` varchar(255) DEFAULT NULL,
  `customer_id` int DEFAULT NULL,
  `international_swift_code` varchar(255) DEFAULT NULL,
  `low_bal` int DEFAULT NULL,
  `over_draft` bit(1) DEFAULT NULL,
  `routing_number` varchar(255) DEFAULT NULL,
  PRIMARY KEY (`account_number`),
  KEY `branch_id` (`branch_id`),
  KEY `customer_id` (`customer_id`),
  CONSTRAINT `account_ibfk_1` FOREIGN KEY (`branch_id`) REFERENCES `branch` (`branch_id`),
  CONSTRAINT `account_ibfk_2` FOREIGN KEY (`customer_id`) REFERENCES `customer` (`customer_id`)
) ENGINE=InnoDB DEFAULT CHARSET=utf8mb4 COLLATE=utf8mb4_0900_ai_ci;
/*!40101 SET character_set_client = @saved_cs_client */;

--
-- Dumping data for table `account`
--

LOCK TABLES `account` WRITE;
/*!40000 ALTER TABLE `account` DISABLE KEYS */;
INSERT INTO `account` VALUES ('AASI57783835561206','Growth',4185.97,7,'2024-06-30',156,'FHGRGBEH',0,_binary '\0','064490708'),('ABQI35094193571685','Savings',8999.01,6,'2023-10-16',46,'OVFWGB2G',0,_binary '','108011878'),('ABRB07702142214354','Savings',4160.45,2,'2020-07-06',114,'FBSQGB04',0,_binary '','033044457'),('ABTB57258827293366','Savings',6563.32,10,'2020-10-22',9,'YNPWGBMC',0,_binary '\0','121355812'),('ABXL45720195643623','Checking',8364.73,4,'2024-05-20',89,'DZZIGB4TTXG',0,_binary '','127912877'),('ACKO03910038909204','Checking',7781.56,5,'2022-12-26',42,'RMGVGBYL1AM',0,_binary '\0','014468036'),('ACND36357028991614','Growth',8336.5,7,'2024-10-20',41,'OSZXGBDQ',1,_binary '\0','080808358'),('ADFF66504917403592','Growth',9898.97,3,'2021-12-14',31,'BOTLGB2T1P2',1,_binary '','016014569'),('AFEV64689602582909','Checking',2403.46,9,'2021-05-05',183,'HMOUGBPS5AL',0,_binary '','082824822'),('AFXE06711889070152','Checking',6178.41,1,'2024-03-17',168,'ZJHFGBVWVLZ',1,_binary '\0','073607498'),('AHDW34557954082728','Savings',9182.62,7,'2020-03-27',40,'VEXNGBUC2VI',1,_binary '','125991256'),('AHON09571058422149','Growth',684.46,8,'2020-12-14',149,'MTYOGBX4ZTE',1,_binary '','034115521'),('AIYR08560119539024','Growth',8929.23,4,'2020-08-24',198,'XOFMGBOI0U2',0,_binary '\0','099596596'),('AJZQ66902865306588','Checking',4543.2,3,'2021-12-24',141,'OIUZGBBE',0,_binary '\0','098263079'),('AKPA97130499435122','Savings',3434.64,10,'2024-12-14',72,'QKEOGB9U',0,_binary '','048331126'),('APMY75901066527359','Checking',8801.63,10,'2020-07-04',104,'KVPQGBLG056',0,_binary '\0','102940534'),('APRJ42726909337206','Savings',8744.75,10,'2023-07-22',166,'UWSKGBCZ3XK',1,_binary '','096333493'),('ARBP64828864392194','Checking',8032.13,2,'2023-03-28',174,'DPLOGBXKDRD',1,_binary '','031386049'),('ARGN11097086069087','Savings',2359.87,7,'2024-04-09',3,'QDEFGBGX',1,_binary '','119997842'),('ASKR97595053163697','Savings',4698.52,1,'2024-09-29',5,'VKRBGBSI6TB',0,_binary '','120890077'),('ATBH23278926778521','Checking',9713.35,10,'2024-10-15',191,'EUVMGBBXR9J',1,_binary '\0','127870689'),('ATMU99800093585350','Savings',8959,1,'2023-01-23',105,'ORRDGBJF',0,_binary '','082643304'),('AUCU24116232315687','Savings',4683.48,5,'2024-01-05',138,'VFZHGB49',0,_binary '\0','019066763'),('AUTG00874309509208','Checking',327.18,7,'2023-01-26',91,'HMSSGB1N82G',0,_binary '','063108075'),('AVCF22505782162285','Checking',2452.34,10,'2023-07-22',166,'UWSKGBCZ3XK',0,_binary '\0','026920928'),('AWLK14443376016116','Savings',7032.28,7,'2022-03-15',57,'JZAWGBIJRS4',1,_binary '','038596874'),('AWRF58353457417128','Savings',9648.26,4,'2025-01-09',154,'OOLLGBUFCZ5',1,_binary '','049667381'),('AYFY64813860436757','Savings',3371.83,10,'2022-10-26',186,'WDYZGBX6',1,_binary '\0','011055963'),('AYRK04481976843874','Savings',1018.31,4,'2022-06-21',33,'KSEVGBXAZQP',0,_binary '\0','089971477'),('AZBC88617350424512','Savings',1316.6,9,'2021-05-07',163,'AMSFGBZ5',0,_binary '\0','037613156'),('BBIV36807318430162','Growth',1419.99,6,'2020-10-19',193,'DGMFGB0P0B5',0,_binary '\0','080059576'),('BCAN78583855546887','Savings',9396.69,1,'2022-12-16',142,'HAKHGBTCVZA',1,_binary '\0','083327111'),('BHFT25059701285029','Savings',2876.53,1,'2024-10-24',90,'BJPMGB3L2QY',1,_binary '','118502500'),('BHRV85053816362008','Savings',7829.16,6,'2024-09-10',34,'RHXFGBI4',0,_binary '\0','011623214'),('BOTM93535256198106','Checking',346.83,4,'2022-02-03',119,'ETRSGBFV7CD',1,_binary '\0','077382104'),('BPWW56525138438510','Savings',480.02,10,'2023-01-07',178,'CWMJGBGBAH4',1,_binary '\0','116516213'),('BQJW97051432455965','Checking',3130.97,9,'2022-01-09',122,'IXMUGBB4',1,_binary '\0','112926991'),('BQMM02479529101713','Savings',5253.35,6,'2023-07-26',10,'CHFWGB9H',0,_binary '','017961310'),('BSKB74120590025187','Checking',7787.37,1,'2021-11-20',13,'TCJCGBJ5',1,_binary '','048005452'),('BVLY67979866681159','Growth',3975.67,1,'2021-10-19',110,'VIYQGBEM6Y8',0,_binary '','028766012'),('BVQT28484969329473','Checking',6877.75,4,'2023-01-14',51,'YLNNGB771B1',0,_binary '\0','082182878'),('BWRI02207049282260','Savings',9729.93,5,'2021-09-08',44,'FVHUGBG0AZD',0,_binary '\0','035320438'),('BXQR22578421041220','Checking',624.07,9,'2020-07-10',12,'GUDQGBMC',1,_binary '','100243851'),('BYND08832589744452','Checking',170.21,10,'2022-10-26',186,'WDYZGBX6',0,_binary '\0','043721977'),('CAKI41612557211227','Savings',617.41,4,'2020-05-26',25,'OYZDGB2ORHF',1,_binary '','122611539'),('CDYZ22537979221782','Growth',6860.24,10,'2020-07-04',104,'KVPQGBLG056',0,_binary '\0','085587836'),('CGCJ32318420442944','Growth',6092.07,2,'2022-09-08',22,'YFOFGBPH',0,_binary '','050175215'),('CGVT61917020627917','Growth',9393.5,4,'2020-12-24',63,'YVGGGBQ6ZMU',0,_binary '\0','028928892'),('CIHD30554661998991','Savings',9972.5,9,'2021-05-05',183,'HMOUGBPS5AL',0,_binary '\0','045292828'),('CMXI26286496640839','Growth',8851.48,5,'2020-09-21',6,'MHQXGBF2O8N',0,_binary '','066106715'),('COTZ18151878598659','Checking',8625.79,2,'2022-01-11',111,'QAOJGBBY',1,_binary '\0','085571172'),('COWG87914903151903','Growth',7742.98,1,'2024-09-27',143,'BOVVGB4KAUH',1,_binary '\0','058241468'),('CPLQ58690747808567','Savings',8986.73,1,'2023-06-25',62,'TMBBGB7DX97',1,_binary '\0','062632869'),('CPLU31194176442331','Growth',6003.43,5,'2022-08-06',26,'XXHYGB58',0,_binary '\0','080364546'),('CQIJ57803099317202','Savings',1816.32,2,'2020-06-09',112,'DMGVGB4X27E',0,_binary '','120556926'),('CTCY06781238528633','Growth',2872.6,9,'2021-08-26',159,'WVMOGBHC',0,_binary '','063964439'),('CULP78270711269420','Savings',4984.34,10,'2020-01-26',32,'GJCFGBL1',1,_binary '','092890066'),('CUUD86924487660372','Savings',5942.06,4,'2020-10-18',125,'GAWDGBHN',1,_binary '','098428995'),('CVVB09449569320724','Checking',2233.65,6,'2023-07-26',10,'CHFWGB9H',1,_binary '','065751394'),('CWRA33049717966093','Savings',4501.76,10,'2021-09-12',98,'VCGCGB2L',0,_binary '\0','081471098'),('CWTY78998028678915','Savings',7906.18,5,'2022-12-26',42,'RMGVGBYL1AM',1,_binary '','125925390'),('CXDU67980771979113','Checking',4907.5,5,'2022-02-19',157,'WBIEGBSB',0,_binary '\0','051463586'),('CXFP43722077476811','Growth',2186.09,9,'2021-05-07',163,'AMSFGBZ5',1,_binary '','072757051'),('CXYT09648689520725','Growth',4351.87,8,'2024-09-30',60,'WZARGBWIWPD',1,_binary '','076325887'),('CZKU94868709256990','Growth',4467.61,3,'2022-07-08',146,'APUWGBE9',1,_binary '','044260699'),('CZZI46670591696841','Checking',8100.98,5,'2022-11-25',135,'KMZUGBS4',0,_binary '','015977872'),('DAAG26529363633128','Checking',1810.61,2,'2023-04-03',66,'CGTPGBQ7YCS',0,_binary '','086444525'),('DBJH06646873221842','Savings',3161.27,2,'2021-03-14',116,'EGOWGBYQCMR',1,_binary '','032284616'),('DBOL83536223357915','Checking',9298.54,8,'2024-09-10',126,'EBUCGBOK',0,_binary '','086561589'),('DDCG36001208578615','Savings',427.71,4,'2024-01-11',99,'IMIJGBRVARS',1,_binary '','092280650'),('DDKS29273878227619','Checking',6632.57,8,'2022-09-18',139,'XTXOGBV880A',1,_binary '\0','093891637'),('DDLF77946766858520','Savings',6651.96,1,'2022-03-25',123,'ZXDXGBAMHJN',1,_binary '','025574838'),('DEDQ48320974774997','Checking',9895.72,7,'2024-06-30',156,'FHGRGBEH',0,_binary '','043391747'),('DIKB11389179705882','Checking',1912.83,9,'2023-03-09',144,'IOLQGBYW',1,_binary '\0','019932583'),('DJGE32079424360272','Savings',8203.15,4,'2023-12-04',16,'IOCUGB57IGL',1,_binary '\0','051303659'),('DJJR74855414417146','Checking',3525.33,5,'2023-03-22',160,'ZOIEGBRSLJF',0,_binary '','017675347'),('DJRY37327992780578','Growth',5297.91,10,'2022-10-26',186,'WDYZGBX6',1,_binary '\0','081612255'),('DJXQ12207209152455','Savings',4315.13,4,'2023-04-30',88,'SVAZGB2G',1,_binary '\0','072519639'),('DLES40518840773932','Growth',2297.6,7,'2022-04-08',182,'CICEGBND',1,_binary '','080821814'),('DLRT31996899169321','Growth',4840.33,10,'2022-10-23',28,'YJFDGBT3',0,_binary '\0','027844168'),('DMIG46600874485255','Growth',5271.39,5,'2022-02-01',21,'KUVCGBUXBWH',1,_binary '','071672991'),('DNGM25959450772636','Savings',3859.25,3,'2021-11-15',59,'LQLFGBSRMZG',0,_binary '\0','033836209'),('DOBL51435826443977','Growth',3221.86,6,'2023-08-01',172,'GKTYGBBX',0,_binary '','026928836'),('DOLB68076262172256','Savings',9869.03,7,'2022-05-06',68,'IRRHGBLT1FI',0,_binary '\0','010101960'),('DOYQ60310819828280','Savings',2506.91,5,'2024-12-04',55,'SVVZGBOR',0,_binary '','116864813'),('DQKZ08798079224068','Growth',2246.38,8,'2024-11-13',130,'HWSRGBZM5N6',0,_binary '','106853591'),('DRQG26342988137066','Savings',1996.2,9,'2020-11-26',195,'EATRGBW9',1,_binary '','022752718'),('DSBP35375101734534','Savings',8389.74,7,'2022-05-27',20,'ELDAGBB8',1,_binary '','126609385'),('DUQQ82688042773941','Savings',746.46,8,'2022-11-05',155,'BLXWGBQ2',1,_binary '\0','122945506'),('DVFE33767491861596','Savings',8884.68,5,'2022-10-25',171,'YHVQGBH5',1,_binary '','049753761'),('DVGT74607027834684','Growth',4457.94,8,'2022-11-05',155,'BLXWGBQ2',1,_binary '\0','059982519'),('DVTA61529664442881','Growth',6083.55,1,'2024-11-09',77,'VHLRGB5C',0,_binary '\0','118298759'),('DVUX14198090793596','Checking',5879.62,5,'2022-02-01',21,'KUVCGBUXBWH',0,_binary '\0','037931951'),('DXDL03744117186858','Growth',8118.08,10,'2023-11-03',152,'IJZOGBEN',0,_binary '','063610592'),('DXVI98275978913520','Growth',5248.28,7,'2021-01-22',18,'JSJVGBJ8IUI',0,_binary '\0','089556180'),('DYPC16962723228321','Growth',771.75,6,'2022-10-08',128,'NDQOGBJZ',1,_binary '\0','018126989'),('EAFK79716580049731','Growth',2448.59,2,'2023-03-21',81,'RNWZGBT5UGC',0,_binary '','111660481'),('EAXV10556170156628','Savings',714.66,8,'2024-09-10',126,'EBUCGBOK',0,_binary '\0','108987711'),('EBUD52523029608041','Checking',9948.46,8,'2023-05-17',83,'HQMGGB73OGK',0,_binary '','079545169'),('EDKH36255780503560','Savings',3236.75,5,'2023-03-22',160,'ZOIEGBRSLJF',0,_binary '','108658257'),('EELD05726099495868','Checking',1358.36,4,'2023-04-30',88,'SVAZGB2G',0,_binary '\0','076095638'),('EEYO00241131181620','Growth',5655.22,3,'2020-03-06',189,'CYLNGBPA1OA',0,_binary '\0','037281083'),('EFNH99512967632322','Checking',6260.02,4,'2024-06-27',175,'ELWAGBNK',1,_binary '\0','068536671'),('EGMW70817743102481','Checking',4372.77,8,'2020-12-14',149,'MTYOGBX4ZTE',0,_binary '','054456309'),('EGSO34805387408816','Growth',7388.99,1,'2024-03-17',168,'ZJHFGBVWVLZ',0,_binary '\0','063510634'),('EIBO53038057167310','Growth',4268.82,10,'2020-01-26',32,'GJCFGBL1',1,_binary '','076571958'),('EJOY92441065684597','Savings',674.61,1,'2022-09-17',69,'VKVYGB9M4CD',0,_binary '','114262637'),('EJZE01544498753091','Checking',6392.26,10,'2023-11-03',152,'IJZOGBEN',1,_binary '','013143307'),('EKHM00977393022827','Savings',7386.97,7,'2024-10-20',41,'OSZXGBDQ',0,_binary '\0','114871507'),('EMJE36024336554116','Growth',8385.33,1,'2022-10-31',106,'LTZDGBRMAWM',1,_binary '','038529977'),('EMVG35133677972524','Growth',6298.35,6,'2022-12-01',43,'PFVZGBCU',0,_binary '','033636933'),('EOBD74630414290515','Checking',1611.53,10,'2022-09-29',67,'RHRRGB5DBAA',0,_binary '','112813392'),('EOPC65907227036717','Growth',7245.01,8,'2022-08-13',136,'EETSGBCC',0,_binary '','015494371'),('EPRS42966373591478','Checking',668.89,5,'2021-01-20',24,'ZFZKGBUH',0,_binary '','027766204'),('ERFZ00851771107888','Savings',8384.47,8,'2021-05-19',190,'NRLJGBPATQT',1,_binary '','110433664'),('ETVC25311432463129','Growth',1160.36,9,'2025-01-18',181,'RMVSGBP4',0,_binary '\0','081360950'),('EURK22266217980222','Growth',7988.61,10,'2023-01-07',178,'CWMJGBGBAH4',1,_binary '\0','072207608'),('EUTF00410871734817','Growth',3880.6,8,'2020-08-10',97,'QKVHGBWB',1,_binary '','129885371'),('EUWL73149870905279','Savings',3411.49,9,'2022-08-08',188,'AFYFGBUP',1,_binary '\0','025994777'),('EYFM80431406955203','Checking',3410.66,4,'2020-12-24',63,'YVGGGBQ6ZMU',0,_binary '','032319646'),('EYYJ57035065316024','Savings',7771.13,9,'2021-11-28',36,'YGAMGB01',1,_binary '\0','123817552'),('EZLB80268792239632','Savings',218.15,8,'2020-07-10',87,'QJUNGBYR',0,_binary '','057496421'),('FBIG70827443463821','Savings',3320.78,10,'2020-10-28',196,'KTRGGBK7',1,_binary '','055369107'),('FCNX78449151243866','Checking',4961.28,2,'2022-04-02',86,'CCILGBLC',0,_binary '\0','117244283'),('FCRN75711337322020','Growth',6748.97,6,'2022-06-12',109,'TNYYGBCQ',1,_binary '\0','065467617'),('FIEB75546421328418','Growth',8037.48,1,'2022-02-23',151,'IEDIGBS0YV2',0,_binary '','074337495'),('FIOV15778699380339','Checking',7836.94,4,'2020-01-31',177,'RMJOGBDU',1,_binary '\0','065550391'),('FIPZ87805773566738','Growth',2749.49,1,'2023-01-23',105,'ORRDGBJF',1,_binary '\0','123703129'),('FMWP77253714766545','Checking',7694.64,7,'2024-02-19',73,'OWYVGBHV',1,_binary '\0','126896127'),('FNSR36181866167871','Savings',3440.61,10,'2022-10-27',134,'YIZPGBU4RP4',1,_binary '\0','077638829'),('FNYU06052316546865','Checking',6618.41,5,'2020-05-15',15,'TIXAGBBMQGQ',0,_binary '\0','084324906'),('FPSD49209605176231','Growth',6688.56,6,'2023-05-31',147,'IRCJGBSQCTV',0,_binary '','044918569'),('FSJE27513117997091','Checking',8551.68,5,'2023-08-27',164,'GNJSGBVE',1,_binary '','076445851'),('FSXF14162458499586','Growth',8145.64,6,'2023-10-16',46,'OVFWGB2G',1,_binary '\0','054395965'),('FTJQ71879971029175','Checking',596.35,8,'2024-11-13',130,'HWSRGBZM5N6',1,_binary '','059212357'),('FUDB27608888507030','Savings',3960.65,4,'2022-02-01',45,'FCSSGBOT',1,_binary '\0','073320322'),('FWCU12417671911332','Checking',8694.92,10,'2023-07-28',93,'YWMCGBD8KIT',0,_binary '\0','011824178'),('FXCR61486688293798','Savings',4299.06,5,'2021-01-20',24,'ZFZKGBUH',0,_binary '','031908003'),('FYCE85742278146439','Savings',2752.03,3,'2020-01-27',70,'SBGRGBD8SBK',1,_binary '\0','066700726'),('FYZY01273737623026','Checking',5064.06,7,'2021-10-03',35,'BHRNGBWDXMK',1,_binary '\0','034469785'),('GAIP20905166924912','Growth',7922.93,6,'2023-07-26',10,'CHFWGB9H',1,_binary '','013453851'),('GBPR25206763323723','Checking',4520,7,'2022-03-15',57,'JZAWGBIJRS4',0,_binary '\0','090329814'),('GDWT51633830148255','Checking',2270.54,9,'2021-08-26',159,'WVMOGBHC',1,_binary '','032441970'),('GEGL09884526540377','Checking',3066.11,8,'2020-07-10',87,'QJUNGBYR',0,_binary '\0','058618266'),('GETK30879327839584','Growth',341.56,6,'2024-05-06',179,'YORQGBUG',1,_binary '\0','076283615'),('GFCB96802319915910','Checking',3917.47,2,'2020-07-06',114,'FBSQGB04',1,_binary '','068506795'),('GFNT53377151207395','Growth',1217.62,6,'2020-02-16',71,'OWQHGBHXHBV',0,_binary '\0','128650073'),('GFRL39399497005824','Growth',8530.41,8,'2022-08-19',19,'FPVSGBNA5WF',0,_binary '\0','111761335'),('GHLK44955723298071','Growth',8344.51,3,'2021-11-15',59,'LQLFGBSRMZG',1,_binary '','071719320'),('GIIM43658171669882','Growth',350.33,2,'2024-10-05',102,'LUSTGBV0XDQ',1,_binary '','100899519'),('GIPI67803264124120','Checking',8610.49,8,'2021-06-15',145,'QSOOGBEYZRU',0,_binary '\0','058751097'),('GJJB31141662718291','Growth',3628.9,9,'2025-01-24',39,'QNPCGBILP2M',1,_binary '\0','067264083'),('GKOM23940901216390','Growth',6224.16,5,'2023-08-27',164,'GNJSGBVE',0,_binary '','024672838'),('GKYU87833506962708','Checking',5777.57,4,'2022-01-09',4,'SFCBGBY90LR',1,_binary '\0','111275465'),('GLHA23698936171797','Checking',6009.55,10,'2024-05-23',47,'HDNHGBPW58L',1,_binary '','120256556'),('GMCG65890768121090','Growth',8090.15,10,'2024-03-25',54,'DGDJGBODUQO',1,_binary '','044562821'),('GMUA99398666843813','Growth',4525.26,9,'2024-10-17',82,'JJJEGBKG',0,_binary '','087364455'),('GNDN69583070788969','Growth',543.05,10,'2024-09-06',84,'KMPPGBI5',1,_binary '\0','034616884'),('GODV25484300539231','Checking',9996.5,6,'2022-12-01',43,'PFVZGBCU',0,_binary '','110028244'),('GOXH25043147919634','Growth',6313.3,10,'2023-09-14',129,'BCXYGB25TN8',1,_binary '','010763968'),('GQGW19412506530906','Savings',4288.02,1,'2021-11-20',13,'TCJCGBJ5',1,_binary '\0','048591885'),('GRJV50545072155179','Checking',7743.86,10,'2020-06-16',120,'FSLYGBXD',0,_binary '\0','066871011'),('GSOM29627185155242','Checking',4483.62,4,'2021-02-20',197,'JTNXGBMF',1,_binary '\0','100253964'),('GTPJ46524921928618','Growth',752.06,7,'2021-11-19',194,'AHNRGB19',1,_binary '\0','073046897'),('GTVR00288463766634','Checking',3323.4,5,'2022-10-25',171,'YHVQGBH5',1,_binary '\0','093583673'),('GUVM04452334561012','Savings',6071.2,6,'2023-08-01',172,'GKTYGBBX',1,_binary '\0','019492625'),('GUYB26280427860470','Savings',145.34,5,'2024-03-29',132,'KBJEGB5NRXR',1,_binary '','049260762'),('GWFY34402194156671','Savings',4521.36,4,'2020-12-24',63,'YVGGGBQ6ZMU',1,_binary '','095457176'),('GYCS37825123331002','Growth',2175.62,7,'2022-03-15',57,'JZAWGBIJRS4',1,_binary '','124316308'),('GZSD60722264588592','Growth',5000.9,10,'2024-02-09',79,'ZADEGB2AI06',1,_binary '\0','106220043'),('HAED83075593229838','Savings',5867.33,9,'2020-07-10',12,'GUDQGBMC',0,_binary '\0','102864429'),('HAXT22334230921092','Growth',9042.81,7,'2024-04-09',3,'QDEFGBGX',1,_binary '','035612722'),('HBYY30398436209593','Savings',5428.96,5,'2020-07-18',121,'ZCFTGBVY',1,_binary '','090763836'),('HEAU27292211762530','Growth',576.73,2,'2024-04-02',200,'YGPZGB44',0,_binary '','066363008'),('HFJX92643735543454','Checking',8775.99,10,'2020-10-28',196,'KTRGGBK7',1,_binary '','045862313'),('HHAK52354435789293','Growth',5530.26,1,'2021-11-20',13,'TCJCGBJ5',0,_binary '\0','110608583'),('HHHS03909239637174','Savings',9198.63,5,'2022-11-25',135,'KMZUGBS4',0,_binary '','049638802'),('HIQP95463802544592','Growth',521.52,1,'2024-09-29',5,'VKRBGBSI6TB',1,_binary '','120102671'),('HJXO65180607660312','Growth',3940.6,8,'2023-05-17',83,'HQMGGB73OGK',1,_binary '\0','015405412'),('HKJT71007020305656','Growth',1555.14,3,'2023-03-27',53,'SSGVGBB8ECH',0,_binary '','110987343'),('HLFZ52428581459079','Checking',7358.96,10,'2020-01-26',32,'GJCFGBL1',1,_binary '\0','121354978'),('HMYG08893403618431','Growth',6202.17,1,'2020-01-24',100,'EMKNGB5QLQS',0,_binary '\0','127728294'),('HRKY43797245961815','Growth',1119.44,3,'2021-12-24',141,'OIUZGBBE',0,_binary '','010430916'),('HSXG63108734399854','Savings',2672.12,8,'2024-09-30',60,'WZARGBWIWPD',1,_binary '\0','040675288'),('HVOF78746157211201','Growth',7246.13,9,'2023-03-09',144,'IOLQGBYW',0,_binary '','073877121'),('HVXA20268400661820','Growth',7003.99,7,'2020-07-27',185,'BIEEGBF6',0,_binary '','037480994'),('HWDH39465081083592','Savings',3593.49,10,'2022-10-23',28,'YJFDGBT3',1,_binary '','082665049'),('HWXB73013253916138','Savings',6648.53,4,'2024-03-31',153,'FLFVGBR4C07',0,_binary '','096708183'),('HXVL92163277639542','Savings',9296.92,9,'2023-03-09',144,'IOLQGBYW',1,_binary '\0','061100619'),('HYTK87867330217261','Growth',9031.47,5,'2022-10-22',127,'UUBHGBZE',0,_binary '\0','041053359'),('ICPH30626285864038','Growth',4683.38,2,'2022-07-17',131,'DYVWGBA59MR',1,_binary '\0','095227940'),('ICTZ41685204861644','Savings',9758.39,1,'2021-03-29',76,'MLMFGB89',1,_binary '\0','053177061'),('IDEY21068158308062','Growth',3158.34,4,'2021-02-20',197,'JTNXGBMF',0,_binary '\0','095552327'),('IDYC72094776769660','Checking',467.5,5,'2020-05-11',117,'DDESGBCN3CK',0,_binary '','047670451'),('IEVP83744414114153','Savings',2322,1,'2024-11-09',77,'VHLRGB5C',0,_binary '\0','116714549'),('IFDW36555874140452','Savings',3769.22,2,'2022-01-11',111,'QAOJGBBY',1,_binary '\0','100680061'),('IFXO25519241396218','Savings',7825.95,8,'2022-08-13',136,'EETSGBCC',1,_binary '','011861296'),('IFYJ90611521258706','Growth',4368.59,5,'2021-09-21',7,'WXBWGBKV',0,_binary '\0','074355998'),('IGPN70387475693371','Savings',3174.95,2,'2023-03-28',174,'DPLOGBXKDRD',1,_binary '','051297040'),('IHDH62476722163590','Growth',9945.21,4,'2024-11-18',165,'OSDUGBRT',1,_binary '\0','074638903'),('IIPK45973939439200','Checking',5159.32,9,'2023-08-08',78,'SVLBGBIX',0,_binary '','129930200'),('ILBT10681592497666','Growth',6517.08,4,'2022-04-04',75,'ZCXGGBK0',0,_binary '','018031126'),('ILHF47464733212125','Savings',1822.78,4,'2022-01-09',4,'SFCBGBY90LR',1,_binary '','059202891'),('IMKC10726927176905','Checking',6733.04,4,'2020-10-18',125,'GAWDGBHN',1,_binary '\0','064896014'),('INQM28188898884133','Savings',1796.78,5,'2020-09-21',6,'MHQXGBF2O8N',1,_binary '','030344273'),('IODG31618214140555','Growth',6694.24,7,'2024-02-19',73,'OWYVGBHV',1,_binary '','129123570'),('IOMW73446302037855','Checking',2284.26,7,'2024-10-20',41,'OSZXGBDQ',1,_binary '\0','046091989'),('IONI96308702781316','Growth',7547.47,5,'2024-04-30',65,'UHGDGBG7',0,_binary '\0','020223029'),('IOUW27581642146873','Savings',9443.89,4,'2021-02-20',197,'JTNXGBMF',0,_binary '\0','025467495'),('IPNE01597457522710','Savings',8706.28,8,'2021-06-15',145,'QSOOGBEYZRU',0,_binary '','049980398'),('IQAC88663136112921','Checking',2860.19,10,'2020-08-03',173,'MDGVGBCLTQ9',0,_binary '\0','081687604'),('IQYG29634492682995','Checking',7746.99,4,'2024-09-27',14,'AONWGBKW',0,_binary '','038009714'),('ISRZ73736482769880','Savings',1629.27,3,'2022-07-08',146,'APUWGBE9',0,_binary '','069079360'),('IVNA09571280221461','Checking',188.44,7,'2022-12-15',1,'WZNYGBIR',0,_binary '','033977980'),('IVTJ18777934888336','Savings',1480.24,10,'2024-02-09',79,'ZADEGB2AI06',0,_binary '','023988662'),('IWXV00699657664601','Checking',1714.63,3,'2024-11-19',56,'UHYDGBQS',1,_binary '\0','109969767'),('JBTB39177384669369','Checking',2280.71,4,'2024-03-31',153,'FLFVGBR4C07',0,_binary '','064370938'),('JCMT34032916650058','Growth',5720.6,4,'2022-02-01',45,'FCSSGBOT',1,_binary '','050381177'),('JCZO76544201153808','Savings',2308.48,8,'2024-06-11',137,'BFFRGB8P',0,_binary '','090132658'),('JDCO22276609285260','Checking',6562.17,10,'2021-09-12',98,'VCGCGB2L',1,_binary '\0','026746791'),('JEHT11098141100225','Checking',9179.75,5,'2020-07-18',121,'ZCFTGBVY',1,_binary '','110552927'),('JGCX85509222667266','Growth',8915.69,6,'2024-09-10',34,'RHXFGBI4',0,_binary '\0','067601361'),('JGTQ92266687617233','Checking',1462.05,2,'2020-06-09',112,'DMGVGB4X27E',0,_binary '\0','080556477'),('JGWV61190927076914','Savings',7507.86,7,'2023-03-15',103,'QXWJGBI5',1,_binary '\0','066517919'),('JHDK42917411723363','Growth',2461.82,1,'2021-03-29',76,'MLMFGB89',0,_binary '\0','074503724'),('JIVK38797805787111','Growth',5039.59,2,'2023-04-03',66,'CGTPGBQ7YCS',0,_binary '','124036442'),('JJAR28448685060941','Checking',8913.31,10,'2020-10-22',9,'YNPWGBMC',1,_binary '','036097825'),('JJFG87855309663377','Checking',6869.83,2,'2023-03-21',81,'RNWZGBT5UGC',0,_binary '\0','011642842'),('JLZF92229097508132','Growth',6277.77,5,'2022-10-25',171,'YHVQGBH5',1,_binary '','084386575'),('JPKA22712146105345','Savings',9796.63,2,'2023-04-03',66,'CGTPGBQ7YCS',1,_binary '\0','107999700'),('JRUA40996647107099','Checking',5664.33,7,'2020-03-27',40,'VEXNGBUC2VI',0,_binary '','024225379'),('JSTT61378638933883','Growth',903.36,5,'2024-03-29',132,'KBJEGB5NRXR',0,_binary '','018873546'),('JTEQ63186414549652','Growth',645.42,5,'2022-12-26',42,'RMGVGBYL1AM',1,_binary '','082652285'),('JTET55701974326289','Savings',278.15,1,'2021-08-26',115,'HCBCGBWH4DG',0,_binary '','071860606'),('JTHM95066433750852','Growth',2551,5,'2020-07-18',121,'ZCFTGBVY',0,_binary '','112193986'),('JTQB64382482695936','Savings',9592.32,6,'2020-10-19',193,'DGMFGB0P0B5',0,_binary '\0','064452500'),('JUBF73458088863727','Growth',8942.46,4,'2023-12-04',16,'IOCUGB57IGL',0,_binary '','044718497'),('JVIL11550682662641','Savings',3320.78,6,'2023-05-31',147,'IRCJGBSQCTV',0,_binary '','022539096'),('JVYY40305277936004','Savings',3696.07,1,'2022-10-23',162,'RKDPGBPK',1,_binary '','011176156'),('JXTV36132123641983','Checking',7541.93,9,'2020-05-03',150,'DPUDGBN4QJ9',0,_binary '\0','111634640'),('KAGF07161350195310','Savings',157.48,6,'2023-01-26',187,'MVRCGBYDYYK',1,_binary '\0','024137988'),('KBDZ34896110178397','Growth',6171.59,4,'2020-05-26',25,'OYZDGB2ORHF',1,_binary '\0','108470736'),('KDWH00448530561767','Growth',3062.19,2,'2022-02-22',29,'CXRWGBMEQ0Y',1,_binary '','124971099'),('KEJG60943451407952','Savings',1694.56,10,'2024-08-02',64,'YURQGBERQE0',1,_binary '','014305911'),('KFKA72216767743052','Checking',6535.13,6,'2024-05-06',179,'YORQGBUG',1,_binary '','011636696'),('KJPT98005612753619','Savings',9303.52,2,'2022-04-02',86,'CCILGBLC',1,_binary '\0','032370876'),('KKEW32198843463478','Savings',9297.64,9,'2023-08-08',78,'SVLBGBIX',0,_binary '\0','115891997'),('KLVT08510861743516','Growth',5301.75,8,'2022-09-06',23,'AMJFGBPD',1,_binary '','116053886'),('KNIP79170965821257','Savings',9481.15,6,'2021-10-04',161,'JZLDGB1H',1,_binary '','090067516'),('KONF62958046454314','Growth',7009.94,5,'2021-01-20',24,'ZFZKGBUH',1,_binary '','126989568'),('KPEY90876402860345','Savings',9336.17,3,'2021-12-14',31,'BOTLGB2T1P2',1,_binary '\0','114587529'),('KQAF34938671185773','Growth',4107.56,7,'2022-01-21',52,'KJFEGB92PVL',1,_binary '','116206950'),('KQIT71208656472567','Growth',9841.77,8,'2021-05-19',190,'NRLJGBPATQT',1,_binary '\0','064489968'),('KSKG23266460348396','Savings',3654.82,7,'2021-11-19',194,'AHNRGB19',0,_binary '\0','125011181'),('KUXZ09388165554945','Checking',9177.53,8,'2021-05-19',190,'NRLJGBPATQT',1,_binary '\0','122789966'),('KVEC86877035369013','Growth',3713,7,'2023-07-02',38,'CXXLGBT9',1,_binary '','054830255'),('KWMI02833088176994','Savings',7683.55,10,'2024-07-05',92,'XDWYGB4C',1,_binary '','119002724'),('KWQM32113950412978','Growth',6735.75,7,'2023-03-15',103,'QXWJGBI5',1,_binary '\0','090602421'),('KXIR05936492184189','Savings',2772.47,4,'2024-11-18',165,'OSDUGBRT',0,_binary '','058257614'),('KZUS05794877936233','Growth',2490.82,2,'2022-01-11',111,'QAOJGBBY',1,_binary '\0','113302019'),('LCCB18575810978067','Savings',1670.98,7,'2021-04-26',61,'NHFFGBAI',1,_binary '','104514609'),('LCGF76156058627564','Growth',2748.81,1,'2021-08-26',115,'HCBCGBWH4DG',1,_binary '','079781619'),('LCTC26764551506690','Checking',3756.09,6,'2020-07-05',184,'ZBZHGBJC',0,_binary '\0','069962642'),('LDFF59152600975856','Checking',8377.1,6,'2022-03-23',2,'VXWCGBM2GX4',1,_binary '','084775212'),('LFJN61019877688765','Savings',5967.59,6,'2020-07-05',184,'ZBZHGBJC',0,_binary '','077012704'),('LFJN71159371540616','Growth',6650.78,9,'2020-07-10',12,'GUDQGBMC',1,_binary '','035056003'),('LFTG38337915458965','Savings',721.09,4,'2023-01-14',51,'YLNNGB771B1',0,_binary '','123048376'),('LJHY42153709611838','Growth',4185.01,5,'2022-11-25',135,'KMZUGBS4',0,_binary '\0','088556563'),('LLSP90463486540158','Checking',5913.83,1,'2023-06-25',62,'TMBBGB7DX97',1,_binary '\0','051055486'),('LMZQ41284183296595','Checking',3083.35,4,'2024-02-10',50,'RKJXGBLZHJ8',1,_binary '\0','127774989'),('LNOO72602456563103','Checking',3196.25,6,'2020-02-16',71,'OWQHGBHXHBV',1,_binary '','052332771'),('LNVU56653397066335','Growth',1973.79,2,'2020-06-09',112,'DMGVGB4X27E',1,_binary '\0','035641780'),('LNXM60624435293019','Checking',496.68,5,'2022-10-22',127,'UUBHGBZE',0,_binary '','063880830'),('LNZP24165416356856','Savings',9782.29,9,'2024-02-25',11,'RGYMGB56DXV',1,_binary '','043362789'),('LOVH20651358005016','Savings',2128.81,7,'2022-04-08',182,'CICEGBND',1,_binary '\0','096709234'),('LPAE64408929768087','Checking',2091.4,3,'2021-12-14',31,'BOTLGB2T1P2',1,_binary '','038336131'),('LPJO03349549779906','Growth',2300.35,7,'2020-03-27',40,'VEXNGBUC2VI',1,_binary '','124470516'),('LPSF31479945332112','Savings',1705.61,1,'2022-10-31',106,'LTZDGBRMAWM',0,_binary '','089808919'),('LPZR89064594126693','Savings',2014.79,3,'2024-08-14',167,'YRXYGBGS',0,_binary '\0','101868992'),('LQQV03214634953600','Checking',2197.83,7,'2021-01-22',18,'JSJVGBJ8IUI',1,_binary '\0','010826805'),('LRFP49361113906760','Growth',155.5,4,'2020-01-31',177,'RMJOGBDU',1,_binary '','116322180'),('LRII35048312273053','Growth',4247.08,1,'2022-12-16',142,'HAKHGBTCVZA',0,_binary '\0','077980616'),('LSAS15121928957340','Savings',727.37,2,'2022-11-21',27,'JEXTGBND9ZO',1,_binary '','016549186'),('LSLW27914809897421','Growth',9490.24,2,'2021-03-14',116,'EGOWGBYQCMR',1,_binary '\0','128397187'),('LVEA70305358707045','Checking',3840.4,7,'2023-07-02',38,'CXXLGBT9',0,_binary '','029458248'),('LWHJ49642988159296','Savings',960.58,4,'2022-04-04',75,'ZCXGGBK0',1,_binary '\0','126153912'),('LWZB93421263794471','Growth',7506.2,6,'2020-08-02',49,'NVHDGBSE',0,_binary '','039705525'),('LYEU28612970379581','Growth',3917.94,2,'2023-03-28',174,'DPLOGBXKDRD',0,_binary '','055278146'),('LYFD15282947444220','Checking',8867.08,6,'2022-10-08',128,'NDQOGBJZ',0,_binary '','042612650'),('LYKY68168658015464','Growth',4090.47,5,'2023-02-18',170,'DZGJGB0A15Z',1,_binary '','022958583'),('LYYO11156554778411','Savings',8283.07,2,'2022-09-08',22,'YFOFGBPH',0,_binary '','049556191'),('LZDK67580517206370','Checking',3558.33,8,'2020-08-10',97,'QKVHGBWB',1,_binary '\0','045408395'),('MADN23145233806667','Growth',1723.8,7,'2022-09-19',58,'OYDCGB8FIJQ',0,_binary '','080276223'),('MAYD92933982570174','Growth',6931.21,4,'2022-06-21',33,'KSEVGBXAZQP',1,_binary '\0','010482508'),('MBTB16111236086509','Checking',868.12,4,'2024-11-18',165,'OSDUGBRT',0,_binary '','129108359'),('MGCW36691801371351','Checking',7166.19,3,'2021-11-15',59,'LQLFGBSRMZG',0,_binary '','090847480'),('MHDW41084990810713','Growth',9785.56,10,'2024-08-02',64,'YURQGBERQE0',1,_binary '','028839282'),('MIPR61017156663104','Growth',171.54,4,'2024-01-11',99,'IMIJGBRVARS',0,_binary '\0','092689691'),('MJAS25119497428475','Growth',9011.79,5,'2024-12-04',55,'SVVZGBOR',1,_binary '','033793313'),('MJQQ25181166012793','Savings',4171.28,6,'2022-06-12',109,'TNYYGBCQ',1,_binary '\0','010215487'),('MKXL52670334025303','Savings',3676.69,7,'2020-07-27',185,'BIEEGBF6',1,_binary '\0','011890872'),('MMWW24583204090763','Growth',1383,3,'2022-01-21',124,'WYLTGBA3TB2',0,_binary '\0','048626019'),('MNOX26514015407562','Growth',7820.04,10,'2024-10-15',191,'EUVMGBBXR9J',0,_binary '\0','078838301'),('MOBP18774350653771','Checking',2213.25,4,'2023-12-04',16,'IOCUGB57IGL',0,_binary '\0','083674615'),('MOCT04988020616459','Savings',3218.15,5,'2020-05-11',117,'DDESGBCN3CK',1,_binary '\0','025580495'),('MOET44811179210627','Checking',2970.06,8,'2024-09-30',60,'WZARGBWIWPD',0,_binary '','029628984'),('MRCF59816893193491','Checking',8307.17,2,'2022-11-21',27,'JEXTGBND9ZO',0,_binary '','022994741'),('MTBM97033990682744','Checking',9025.95,10,'2020-12-15',133,'OCELGBPNK5K',0,_binary '','010414738'),('MTDL98696182422465','Growth',5656.48,4,'2024-03-31',153,'FLFVGBR4C07',1,_binary '','047249866'),('MYVD54996725285466','Checking',493.05,2,'2024-10-05',102,'LUSTGBV0XDQ',1,_binary '','118549592'),('MZYO86448848231572','Checking',9674.83,4,'2022-02-01',45,'FCSSGBOT',1,_binary '\0','083648573'),('NAAH01602603977839','Checking',6358.47,7,'2020-07-27',185,'BIEEGBF6',1,_binary '','029785513'),('NAYU14319608459366','Checking',6311.64,10,'2022-10-27',134,'YIZPGBU4RP4',1,_binary '','035336231'),('NEHR08582474565209','Savings',6376.67,3,'2021-05-11',107,'FLDXGBP24QL',0,_binary '','112686493'),('NEPG96597907976334','Growth',5096.95,4,'2020-10-18',125,'GAWDGBHN',1,_binary '\0','106331602'),('NGZS40206754421524','Savings',5094.17,4,'2020-08-24',198,'XOFMGBOI0U2',1,_binary '','064679189'),('NHYU32726608614407','Checking',7361.65,10,'2023-08-25',94,'IPXEGBM480X',0,_binary '\0','059824509'),('NIIX42120137414012','Growth',5959.67,5,'2022-11-25',113,'NUCRGBWO6OV',0,_binary '','055453217'),('NJBI37986596484853','Growth',7384,7,'2023-01-26',91,'HMSSGB1N82G',0,_binary '\0','107838146'),('NKQK77105157961340','Checking',1510.59,9,'2024-12-16',30,'NDKKGB2BRTU',1,_binary '\0','054378380'),('NLMX58747809671684','Savings',2154.99,8,'2024-11-13',130,'HWSRGBZM5N6',1,_binary '','125374213'),('NODG47805199136995','Savings',7045.48,6,'2020-05-05',148,'DINYGBLKHPQ',1,_binary '\0','068753221'),('NPDO35896368650104','Growth',6671.74,10,'2023-07-22',166,'UWSKGBCZ3XK',1,_binary '\0','025136577'),('NQFV18836962271783','Growth',2063.11,3,'2021-05-11',107,'FLDXGBP24QL',0,_binary '','084464167'),('NQSW90712152191437','Savings',786.56,10,'2024-12-02',8,'ZFSZGBY0',1,_binary '','124893135'),('NUMR86794476446692','Checking',781.8,1,'2022-10-31',106,'LTZDGBRMAWM',0,_binary '','104024254'),('NVEM68597777057418','Growth',3297.75,6,'2020-07-05',184,'ZBZHGBJC',1,_binary '\0','109729101'),('NVFS38715694909671','Checking',8666.6,7,'2021-04-26',61,'NHFFGBAI',0,_binary '\0','097964010'),('NWZE11372977655000','Checking',3697.07,1,'2021-10-19',110,'VIYQGBEM6Y8',0,_binary '\0','076702772'),('OASU05433322093938','Checking',6739.51,1,'2024-09-27',143,'BOVVGB4KAUH',0,_binary '\0','026468545'),('OBLE07431462538422','Checking',9100.3,7,'2021-03-10',118,'WFVUGBKS',1,_binary '','048644596'),('OBNR09211627412136','Savings',9987.98,10,'2024-10-15',191,'EUVMGBBXR9J',0,_binary '\0','042864291'),('OBTX63897099956961','Growth',450.58,7,'2022-05-06',68,'IRRHGBLT1FI',1,_binary '','100467488'),('OCTC65321375037145','Savings',7575.19,3,'2020-03-06',189,'CYLNGBPA1OA',1,_binary '\0','052089396'),('ODBF10654466412955','Checking',6405.22,6,'2021-10-04',161,'JZLDGB1H',0,_binary '\0','060830605'),('ODES60289381957990','Savings',4098.33,9,'2022-01-09',122,'IXMUGBB4',0,_binary '\0','053566960'),('ODZW03433255667767','Growth',3730.04,5,'2020-05-15',15,'TIXAGBBMQGQ',0,_binary '','016548035'),('OIJT34794238742182','Savings',3658.07,4,'2024-05-20',89,'DZZIGB4TTXG',0,_binary '\0','057756679'),('OKXQ55938585478316','Checking',9607.84,8,'2022-11-05',155,'BLXWGBQ2',0,_binary '\0','033340177'),('OMGL05433448781353','Checking',6350.14,1,'2022-12-16',142,'HAKHGBTCVZA',1,_binary '\0','121565330'),('ONNU28166389079509','Savings',2412.03,4,'2020-01-31',177,'RMJOGBDU',1,_binary '','116016519'),('ONQT61506101428605','Growth',7617.05,3,'2024-08-14',167,'YRXYGBGS',0,_binary '\0','128794285'),('ORCM02557080292318','Checking',1337.11,1,'2022-10-23',162,'RKDPGBPK',1,_binary '','056056118'),('OTHT62044087832231','Checking',7637.67,2,'2022-09-08',22,'YFOFGBPH',0,_binary '','071183341'),('OVDW92342560843745','Savings',9165.62,7,'2022-12-15',1,'WZNYGBIR',0,_binary '\0','021468812'),('OWFS86416434373778','Savings',9991.23,6,'2020-08-02',49,'NVHDGBSE',0,_binary '\0','036680177'),('OXFA08726508707014','Savings',6625.7,5,'2023-02-18',170,'DZGJGB0A15Z',1,_binary '','073954060'),('OXLN73673699886782','Savings',9601.26,10,'2022-04-19',158,'YFGDGBAK',1,_binary '\0','085154670'),('OZTW31169306559085','Growth',4800.24,10,'2022-03-09',85,'FBNBGB8T',0,_binary '\0','121708278'),('OZWV55851289384824','Checking',5968.07,4,'2020-05-26',25,'OYZDGB2ORHF',0,_binary '\0','101229557'),('PAPV46166827336455','Checking',9938.46,1,'2020-01-24',100,'EMKNGB5QLQS',1,_binary '\0','012016532'),('PBUD85921557845746','Savings',1539.48,10,'2020-07-04',104,'KVPQGBLG056',0,_binary '','021909164'),('PCBP69322158367809','Checking',7735.94,2,'2024-03-24',95,'SDELGBYS',1,_binary '\0','095551593'),('PCDH68031640548983','Savings',7405.99,6,'2022-10-08',128,'NDQOGBJZ',1,_binary '','041783357'),('PGXL73135396032732','Savings',1064.79,1,'2022-09-15',101,'LEFGGB36',0,_binary '\0','046514013'),('PHBU28514963930311','Checking',5199.92,9,'2025-01-24',39,'QNPCGBILP2M',1,_binary '','026552370'),('PIGG50167224537879','Savings',5799.55,5,'2022-02-19',157,'WBIEGBSB',1,_binary '','088291174'),('PIGX26496854040906','Checking',4382.79,5,'2020-09-21',6,'MHQXGBF2O8N',0,_binary '','127094766'),('PIYH95471063778510','Savings',8627.78,10,'2023-08-31',192,'VTOAGB7K4N6',1,_binary '\0','109517384'),('PJPA13651881098999','Growth',1330.17,10,'2024-07-04',169,'WGCGGBJA',0,_binary '','070720763'),('PKOZ50016046616134','Growth',9055.53,10,'2022-08-28',37,'UFJUGBO7TLU',1,_binary '\0','064655158'),('PMMK35627072085883','Checking',939.91,6,'2020-10-19',193,'DGMFGB0P0B5',1,_binary '\0','077095365'),('PNPI60659333563376','Savings',5743.95,5,'2023-11-02',199,'IJFLGBV4',1,_binary '\0','057555317'),('PONQ50282352091107','Growth',3701.73,7,'2021-03-10',118,'WFVUGBKS',0,_binary '\0','075986447'),('POVL25794263344562','Growth',1271.34,8,'2024-06-11',137,'BFFRGB8P',1,_binary '\0','127883951'),('PPIY24211659356251','Savings',8927.16,10,'2022-09-29',67,'RHRRGB5DBAA',1,_binary '\0','117353226'),('PQLD65932023428488','Savings',9973.24,10,'2020-12-15',133,'OCELGBPNK5K',0,_binary '\0','114927503'),('PRNH70111168906766','Checking',2865.32,9,'2024-10-17',82,'JJJEGBKG',0,_binary '\0','048551728'),('PSEW85671212068947','Checking',9096.29,6,'2023-08-01',172,'GKTYGBBX',0,_binary '','116131096'),('PTIS25882360673863','Checking',7460.27,4,'2022-04-04',75,'ZCXGGBK0',1,_binary '','046501123'),('PTOE82571079035076','Checking',9065.63,3,'2024-08-14',167,'YRXYGBGS',0,_binary '','126206652'),('PUDE28801750491175','Growth',1433.94,6,'2022-03-23',2,'VXWCGBM2GX4',1,_binary '\0','075871387'),('PVPY57320995064600','Growth',7073.74,8,'2024-09-10',126,'EBUCGBOK',0,_binary '\0','058612110'),('PXAI83575424316124','Checking',8848.97,9,'2020-11-26',195,'EATRGBW9',1,_binary '\0','040031453'),('PXEL27902231208613','Savings',2630.94,5,'2020-05-15',15,'TIXAGBBMQGQ',1,_binary '\0','110610050'),('PYCE41196510489052','Savings',6798.48,5,'2024-04-30',65,'UHGDGBG7',0,_binary '\0','129227557'),('PYLV77798578599060','Growth',8387.45,10,'2022-04-19',158,'YFGDGBAK',0,_binary '\0','049792230'),('PZDT28682123826777','Savings',6616.9,7,'2024-02-19',73,'OWYVGBHV',1,_binary '','048216924'),('PZGT88312609433952','Growth',4274.6,10,'2023-08-25',94,'IPXEGBM480X',0,_binary '','014224555'),('PZRR70669828106874','Savings',6629.77,1,'2020-05-29',48,'VFEMGBMY',1,_binary '\0','123760418'),('QAHW48419151937131','Savings',9954.36,6,'2024-07-14',108,'FLPCGB8EARA',1,_binary '\0','108558645'),('QBJG52726850082177','Checking',1151.7,1,'2022-03-16',17,'YIBDGB5Q',0,_binary '\0','033325587'),('QGFE87744714591571','Growth',1954.79,10,'2020-12-15',133,'OCELGBPNK5K',1,_binary '\0','061847545'),('QHBW50351895449123','Checking',3363.75,5,'2022-08-06',26,'XXHYGB58',1,_binary '','109880066'),('QHDJ97278657451299','Checking',3422.36,7,'2024-04-09',3,'QDEFGBGX',0,_binary '','100567825'),('QHUV03827820685971','Growth',554.61,9,'2023-07-24',176,'GXHXGBDG',0,_binary '','127001937'),('QIBG23059348246331','Checking',5405.54,5,'2023-02-18',170,'DZGJGB0A15Z',1,_binary '','025267404'),('QICY22880743588684','Growth',9789.06,1,'2022-03-25',123,'ZXDXGBAMHJN',1,_binary '\0','089592128'),('QJBC29271743532979','Growth',5860.65,4,'2024-06-27',175,'ELWAGBNK',1,_binary '\0','016239629'),('QJZO33430965134131','Growth',6398.57,9,'2023-08-08',78,'SVLBGBIX',1,_binary '','056195066'),('QMHG11771940603285','Growth',6265.65,6,'2023-01-26',187,'MVRCGBYDYYK',1,_binary '','113216163'),('QNZO36972310286007','Savings',8279.07,8,'2020-08-10',97,'QKVHGBWB',1,_binary '\0','039664705'),('QOAG84034479107735','Growth',5240.29,6,'2021-10-31',140,'NTMXGBGM',1,_binary '\0','037543381'),('QOFP23492611004189','Growth',9259.64,10,'2020-06-16',120,'FSLYGBXD',1,_binary '\0','064774563'),('QQMS00969337988562','Checking',4112.52,10,'2023-08-31',192,'VTOAGB7K4N6',0,_binary '\0','042719773'),('QQWF78120993663998','Savings',5597.35,10,'2020-08-03',173,'MDGVGBCLTQ9',0,_binary '','013181822'),('QQYA57782163049885','Growth',2260.76,5,'2020-05-11',117,'DDESGBCN3CK',1,_binary '\0','110868569'),('QQZA42902491738136','Savings',5209.8,1,'2024-09-27',143,'BOVVGB4KAUH',1,_binary '\0','117563197'),('QSWS35087658158238','Checking',2341.87,1,'2023-01-23',105,'ORRDGBJF',0,_binary '\0','117537071'),('QTCA25781618292171','Checking',8464.14,1,'2022-02-23',151,'IEDIGBS0YV2',0,_binary '','022991029'),('QUCD24703086178425','Savings',1974.2,5,'2021-12-12',80,'ZRZDGBLY6M7',0,_binary '','060235501'),('QVGZ92289516925365','Growth',999.55,1,'2022-09-17',69,'VKVYGB9M4CD',1,_binary '','028208648'),('QVHG95987333823761','Savings',3971.59,10,'2020-06-16',120,'FSLYGBXD',0,_binary '\0','017329868'),('QVJW79939464092123','Growth',340.13,9,'2021-11-28',36,'YGAMGB01',0,_binary '\0','020492724'),('QVRD13211329950461','Savings',5705.16,1,'2024-03-17',168,'ZJHFGBVWVLZ',1,_binary '','021275526'),('QYXB61748139290743','Savings',3142.88,6,'2022-12-01',43,'PFVZGBCU',0,_binary '\0','063478624'),('QZFG11715842114244','Savings',5503.82,1,'2022-03-16',17,'YIBDGB5Q',0,_binary '','043488430'),('RBRF01109394497566','Growth',6394.28,6,'2024-07-14',108,'FLPCGB8EARA',1,_binary '','025644519'),('RCIR71739844495018','Checking',6727.98,3,'2020-03-06',189,'CYLNGBPA1OA',1,_binary '','048494474'),('RCVY54094276868130','Checking',9348.13,7,'2021-11-19',194,'AHNRGB19',1,_binary '','115149568'),('RFDH14438029579591','Savings',232.5,1,'2022-02-23',151,'IEDIGBS0YV2',0,_binary '\0','038218589'),('RFJZ88198994894176','Growth',7185.08,5,'2022-02-19',157,'WBIEGBSB',1,_binary '','075017086'),('RHKI07426905323206','Checking',5003.95,3,'2023-03-27',53,'SSGVGBB8ECH',0,_binary '\0','020918648'),('RIXP81600961360662','Savings',6355.55,4,'2022-02-03',119,'ETRSGBFV7CD',1,_binary '','129021999'),('RJYM04882116671947','Checking',4443.84,8,'2022-08-19',19,'FPVSGBNA5WF',1,_binary '','098572760'),('RKHB76986948820999','Growth',9867.55,4,'2023-01-14',51,'YLNNGB771B1',1,_binary '\0','044131702'),('RNXT78229982151261','Savings',3016.82,6,'2021-10-31',140,'NTMXGBGM',1,_binary '\0','043263671'),('ROYY31905044638259','Savings',5723.85,4,'2024-09-27',14,'AONWGBKW',1,_binary '\0','105575265'),('RPXK61329953609218','Checking',4662.06,6,'2023-01-26',187,'MVRCGBYDYYK',1,_binary '\0','043866463'),('RQYX64552690658216','Savings',9166.3,5,'2022-08-06',26,'XXHYGB58',0,_binary '\0','090246269'),('RRHJ83367590385090','Checking',1880.41,6,'2020-08-02',49,'NVHDGBSE',1,_binary '\0','033506076'),('RSLD77822743465755','Checking',4591.18,9,'2022-08-08',188,'AFYFGBUP',0,_binary '','114003472'),('RTGZ26832007620125','Checking',6264.92,6,'2023-05-31',147,'IRCJGBSQCTV',1,_binary '\0','027260292'),('RVEG52090923085400','Savings',8740.15,6,'2024-05-06',179,'YORQGBUG',1,_binary '\0','128812691'),('RXDU52821188946335','Growth',965.23,4,'2024-05-20',89,'DZZIGB4TTXG',0,_binary '','038306556'),('RZOV78460173694591','Checking',4461.06,7,'2022-05-06',68,'IRRHGBLT1FI',0,_binary '\0','129392013'),('SBOS32742187337078','Checking',8192.97,10,'2022-10-23',28,'YJFDGBT3',1,_binary '\0','112556044'),('SCEZ78606625660163','Growth',4374.34,5,'2023-11-02',199,'IJFLGBV4',0,_binary '','125463124'),('SCNY80720709475221','Checking',6875,10,'2022-04-19',158,'YFGDGBAK',1,_binary '','066741099'),('SDRR73952785453817','Checking',7858.45,3,'2021-05-11',107,'FLDXGBP24QL',1,_binary '\0','103530192'),('SGAS83475221082933','Checking',8000.6,7,'2023-03-15',103,'QXWJGBI5',0,_binary '\0','122732515'),('SIQJ42350244822789','Checking',6710.37,10,'2023-09-14',129,'BCXYGB25TN8',1,_binary '\0','024413152'),('SJUU80510613284180','Savings',2652.05,9,'2024-10-17',82,'JJJEGBKG',0,_binary '\0','080543600'),('SLEU36782011852271','Checking',5364.26,10,'2024-02-09',79,'ZADEGB2AI06',1,_binary '\0','088110967'),('SLGG77402933992225','Growth',3712.12,10,'2023-08-31',192,'VTOAGB7K4N6',0,_binary '\0','017700364'),('SLWU27350098005436','Savings',3678.18,7,'2024-06-30',156,'FHGRGBEH',1,_binary '\0','073437215'),('SNRU24913602927253','Savings',9460.17,6,'2022-03-23',2,'VXWCGBM2GX4',1,_binary '\0','037426864'),('SOPR57798544429332','Checking',4322.24,5,'2024-03-29',132,'KBJEGB5NRXR',0,_binary '','047808113'),('SRBO10553545858439','Savings',9894.73,9,'2021-08-26',159,'WVMOGBHC',0,_binary '','037439495'),('SSNJ30410620858690','Savings',7544.33,9,'2023-07-24',176,'GXHXGBDG',1,_binary '','058681374'),('STPH52265826884986','Growth',3977.32,2,'2020-07-06',114,'FBSQGB04',1,_binary '','108461800'),('SULR99937435418979','Growth',6358.82,3,'2020-01-27',70,'SBGRGBD8SBK',1,_binary '','035602020'),('SVSJ47870621756526','Checking',2875.8,4,'2024-01-11',99,'IMIJGBRVARS',0,_binary '\0','025861253'),('SVTF46185270724885','Checking',2907.77,5,'2021-09-21',7,'WXBWGBKV',1,_binary '','063889734'),('SWFL96238800894393','Savings',3317.7,9,'2022-05-28',180,'DFZPGBA7',0,_binary '\0','048160274'),('SXMB37013577706941','Growth',7450.86,4,'2024-02-10',50,'RKJXGBLZHJ8',1,_binary '','040653491'),('SXWK00046261391237','Growth',8621.46,7,'2021-04-26',61,'NHFFGBAI',0,_binary '\0','113781889'),('SXYG28026425611955','Savings',8793.95,8,'2023-05-17',83,'HQMGGB73OGK',0,_binary '\0','096568161'),('SYSK15750206710459','Savings',1472.37,2,'2023-03-21',81,'RNWZGBT5UGC',0,_binary '\0','105099521'),('SZIX88746409533831','Growth',2732,3,'2024-11-19',56,'UHYDGBQS',1,_binary '\0','084743228'),('TAVX34181990896142','Checking',7750.33,9,'2024-09-22',74,'UEASGB9LU27',1,_binary '','079037282'),('TAWY37995219397009','Checking',7492.41,10,'2024-07-04',169,'WGCGGBJA',0,_binary '','057668194'),('TCEZ74335985492746','Savings',7464.27,2,'2024-10-05',102,'LUSTGBV0XDQ',0,_binary '','036403930'),('TDEJ08519146669962','Checking',9457.3,7,'2022-01-21',52,'KJFEGB92PVL',1,_binary '','103663687'),('TEJB74856614701192','Checking',1904.22,1,'2020-05-29',48,'VFEMGBMY',1,_binary '','121681405'),('TFPF79047237626633','Savings',9736.28,5,'2023-08-27',164,'GNJSGBVE',0,_binary '\0','020316279'),('THVP20241402333543','Savings',4695.78,10,'2023-09-14',129,'BCXYGB25TN8',0,_binary '\0','110622323'),('TKLY92256413847987','Checking',4457.24,5,'2021-09-08',44,'FVHUGBG0AZD',1,_binary '\0','029804054'),('TLWB52077856933182','Savings',2542.76,10,'2023-11-03',152,'IJZOGBEN',0,_binary '\0','032526112'),('TMSF87283542254862','Savings',4012.74,6,'2020-02-16',71,'OWQHGBHXHBV',1,_binary '','118530666'),('TNYF06617652796248','Savings',8656.12,9,'2025-01-24',39,'QNPCGBILP2M',0,_binary '','118149109'),('TOUJ03059925227571','Growth',1955.25,9,'2020-11-26',195,'EATRGBW9',1,_binary '','126307373'),('TTPA68761495571495','Checking',4195.67,10,'2024-12-02',8,'ZFSZGBY0',1,_binary '\0','033262268'),('TUCZ55894430791961','Savings',2068.65,10,'2022-03-09',85,'FBNBGB8T',0,_binary '','109519913'),('TVGY14608490936698','Growth',1411.68,2,'2022-04-02',86,'CCILGBLC',0,_binary '','012040948'),('TYBX69281030850170','Growth',3615.38,1,'2022-03-16',17,'YIBDGB5Q',0,_binary '\0','060661706'),('TYFD45731954250215','Checking',2072.11,1,'2021-08-26',115,'HCBCGBWH4DG',0,_binary '','019093590'),('TYOV01286875731587','Checking',7032.87,2,'2021-03-14',116,'EGOWGBYQCMR',0,_binary '','081720147'),('UBDX60789217535083','Growth',360.67,8,'2020-07-10',87,'QJUNGBYR',1,_binary '','054254271'),('UCWO70873731121926','Growth',2979.61,6,'2021-10-04',161,'JZLDGB1H',1,_binary '','027699672'),('UCZF63792474353758','Growth',677.08,10,'2024-05-23',47,'HDNHGBPW58L',0,_binary '\0','062684600'),('UEAG78755996303492','Savings',3204.59,10,'2024-09-06',84,'KMPPGBI5',1,_binary '\0','097459156'),('UEPX33785530865624','Checking',2927.93,4,'2022-06-21',33,'KSEVGBXAZQP',0,_binary '','106735570'),('UFGL69230134085202','Growth',2653.98,4,'2024-09-27',14,'AONWGBKW',1,_binary '\0','058904705'),('UGCY90029209346628','Savings',8618.52,7,'2023-07-02',38,'CXXLGBT9',0,_binary '\0','128875256'),('UGTU03289112975462','Growth',6547.68,1,'2022-09-15',101,'LEFGGB36',0,_binary '','075630900'),('UJJO16136533329627','Checking',1261.95,5,'2022-11-25',113,'NUCRGBWO6OV',1,_binary '','115810444'),('UJOB42057442483891','Checking',4998.62,5,'2023-11-02',199,'IJFLGBV4',1,_binary '\0','013840163'),('UJRD73233982961797','Growth',5602.36,4,'2023-04-30',88,'SVAZGB2G',1,_binary '','067850675'),('UOKO29392983181735','Checking',6048.68,10,'2022-03-09',85,'FBNBGB8T',1,_binary '','024357027'),('UOZZ44988666555079','Checking',2061.86,6,'2021-10-31',140,'NTMXGBGM',1,_binary '\0','037510990'),('UPVD36200197503040','Checking',7949.79,5,'2021-12-12',80,'ZRZDGBLY6M7',1,_binary '','014399299'),('UQAL00382937713904','Growth',3836.66,10,'2023-07-28',93,'YWMCGBD8KIT',0,_binary '','059556288'),('URGK04612197269302','Checking',5701.19,4,'2020-08-24',198,'XOFMGBOI0U2',1,_binary '\0','109666633'),('URQH70665544403136','Growth',4342.98,10,'2024-07-05',92,'XDWYGB4C',0,_binary '\0','126316623'),('USGY22009611170139','Growth',7175.02,4,'2025-01-09',154,'OOLLGBUFCZ5',1,_binary '','023144383'),('USYP66013030028005','Savings',3879.54,8,'2020-12-14',149,'MTYOGBX4ZTE',1,_binary '\0','084742151'),('UXRQ54272734177594','Savings',9130.18,10,'2024-07-04',169,'WGCGGBJA',0,_binary '\0','074364316'),('UYWO12330463709585','Growth',902.57,9,'2022-01-09',122,'IXMUGBB4',1,_binary '','049027361'),('UYXL80704113186753','Savings',221.51,10,'2023-08-25',94,'IPXEGBM480X',0,_binary '\0','119688614'),('UZQN99807183470711','Checking',8061.36,8,'2024-06-11',137,'BFFRGB8P',1,_binary '\0','065006298'),('VARW51100229810496','Growth',3010.11,6,'2020-05-05',148,'DINYGBLKHPQ',1,_binary '\0','094690138'),('VAXV61019713026957','Growth',7934.08,2,'2022-11-21',27,'JEXTGBND9ZO',0,_binary '','049090987'),('VCQJ65698981689008','Growth',4447.88,7,'2021-10-03',35,'BHRNGBWDXMK',1,_binary '\0','034233856'),('VFLH69779996260361','Growth',2433.35,10,'2020-10-28',196,'KTRGGBK7',0,_binary '\0','089711336'),('VHNX44358991268819','Checking',6014.27,1,'2024-11-09',77,'VHLRGB5C',0,_binary '\0','055364623'),('VHWC52066514791612','Growth',8517.77,1,'2020-05-29',48,'VFEMGBMY',0,_binary '','102535525'),('VITV47364439724924','Checking',7365.57,2,'2022-07-17',131,'DYVWGBA59MR',1,_binary '\0','032488823'),('VKBS76012514631103','Growth',296.3,1,'2024-10-24',90,'BJPMGB3L2QY',0,_binary '','040517883'),('VKPZ84690687853288','Savings',5772.32,10,'2022-08-28',37,'UFJUGBO7TLU',1,_binary '\0','116910712'),('VLBW10600461572043','Checking',8291.61,9,'2024-02-25',11,'RGYMGB56DXV',0,_binary '','010251917'),('VMID41727208878315','Checking',4110.91,7,'2022-05-27',20,'ELDAGBB8',1,_binary '\0','084106182'),('VMPD95149183071035','Growth',6106.27,8,'2021-06-15',145,'QSOOGBEYZRU',0,_binary '','100100826'),('VNQS49636317787676','Checking',8745.05,4,'2022-08-13',96,'XGRQGB62',1,_binary '\0','110109338'),('VRIO75457709930703','Checking',8783.86,10,'2024-09-06',84,'KMPPGBI5',1,_binary '','058637331'),('VSMH36909053538841','Checking',9859.34,4,'2025-01-09',154,'OOLLGBUFCZ5',0,_binary '','046837525'),('VTCB94085011163181','Growth',3705.51,7,'2022-05-27',20,'ELDAGBB8',1,_binary '\0','031516783'),('VTPC40277401683638','Growth',5951.55,9,'2024-02-25',11,'RGYMGB56DXV',1,_binary '','114879978'),('VWVS51022184805910','Savings',9201.2,9,'2024-09-22',74,'UEASGB9LU27',1,_binary '\0','015908964'),('VZQO77984221701122','Savings',1336.94,2,'2024-03-24',95,'SDELGBYS',0,_binary '\0','032805095'),('VZXT70842837947997','Checking',8219.29,9,'2023-07-24',176,'GXHXGBDG',0,_binary '','084395715'),('VZXX26089602563562','Savings',7466.84,7,'2022-01-21',52,'KJFEGB92PVL',1,_binary '\0','119123742'),('WDUG70794143382139','Savings',9759.14,7,'2021-01-22',18,'JSJVGBJ8IUI',1,_binary '\0','115865936'),('WENA94487423243230','Checking',6742.7,6,'2024-07-14',108,'FLPCGB8EARA',1,_binary '\0','063378630'),('WHGI01316007171660','Savings',1455.09,8,'2022-09-18',139,'XTXOGBV880A',0,_binary '','081334232'),('WIVF67650265781993','Checking',5971.69,1,'2022-09-15',101,'LEFGGB36',1,_binary '','124788473'),('WJKE29911226080604','Savings',3974.91,1,'2021-10-19',110,'VIYQGBEM6Y8',0,_binary '','022508373'),('WJYD41862803278992','Checking',560.96,3,'2022-07-08',146,'APUWGBE9',1,_binary '','047403987'),('WKIA06855970506691','Growth',3668.03,4,'2022-02-03',119,'ETRSGBFV7CD',0,_binary '\0','115062658'),('WMCG66364427469799','Savings',7469.3,7,'2023-01-26',91,'HMSSGB1N82G',0,_binary '\0','113096697'),('WMTB20081058738911','Growth',5248.49,9,'2021-05-05',183,'HMOUGBPS5AL',0,_binary '','038833265'),('WMYB00894802228743','Growth',5765.05,9,'2020-05-03',150,'DPUDGBN4QJ9',0,_binary '\0','039731191'),('WOYT10309677370858','Checking',1059.68,9,'2021-11-28',36,'YGAMGB01',1,_binary '\0','116201418'),('WQSS78025092253631','Savings',142.77,5,'2022-11-25',113,'NUCRGBWO6OV',0,_binary '\0','068081650'),('WQST59754819806658','Checking',3365.99,1,'2024-10-24',90,'BJPMGB3L2QY',0,_binary '\0','051203076'),('WSGU69683567917469','Checking',8751.81,9,'2022-05-28',180,'DFZPGBA7',0,_binary '\0','091207126'),('WTMG33491952331286','Checking',2445.8,3,'2022-01-21',124,'WYLTGBA3TB2',1,_binary '','050896109'),('WTPJ66059617090575','Checking',6922.11,7,'2022-04-08',182,'CICEGBND',1,_binary '','097884242'),('WUCR93646497876797','Growth',5648.81,9,'2022-05-28',180,'DFZPGBA7',0,_binary '','081368499'),('WUDR82751077196279','Savings',5186.23,5,'2022-02-01',21,'KUVCGBUXBWH',1,_binary '\0','086584799'),('WVWM96814268185062','Savings',5176.74,7,'2021-10-03',35,'BHRNGBWDXMK',1,_binary '','097196257'),('WXGL16684904588250','Savings',6567.95,10,'2024-05-23',47,'HDNHGBPW58L',1,_binary '\0','030658558'),('WYLM92160189029707','Checking',9144.56,5,'2024-04-30',65,'UHGDGBG7',0,_binary '\0','124139352'),('XANM90150553662217','Growth',7186.24,7,'2022-12-15',1,'WZNYGBIR',0,_binary '','065429354'),('XBBJ03995867215031','Savings',8090.52,2,'2024-04-02',200,'YGPZGB44',0,_binary '\0','069223239'),('XBOL00710894605501','Checking',6586.4,10,'2022-08-28',37,'UFJUGBO7TLU',1,_binary '','112134042'),('XCAM57161847889610','Growth',8944.75,10,'2024-12-02',8,'ZFSZGBY0',1,_binary '\0','061490824'),('XDCI58190365382478','Savings',195.72,9,'2025-01-18',181,'RMVSGBP4',0,_binary '','010428096'),('XDFX62710814088065','Growth',7202.54,5,'2021-12-12',80,'ZRZDGBLY6M7',1,_binary '','061413364'),('XDMG72825699278503','Checking',8666,9,'2025-01-18',181,'RMVSGBP4',1,_binary '','024649764'),('XDOZ41532233945302','Checking',5185.88,5,'2024-01-05',138,'VFZHGB49',0,_binary '\0','018592665'),('XEQC30176446240139','Growth',5108.99,5,'2021-09-08',44,'FVHUGBG0AZD',1,_binary '','025437836'),('XHRN74546410698595','Savings',1756.47,8,'2022-08-19',19,'FPVSGBNA5WF',1,_binary '','059642503'),('XKKQ53036041942543','Savings',2907.72,4,'2024-02-10',50,'RKJXGBLZHJ8',1,_binary '','115553594'),('XKQJ87734490917561','Growth',985.77,9,'2024-09-22',74,'UEASGB9LU27',1,_binary '','079475336'),('XKVT10212115425608','Savings',6293.07,4,'2022-08-13',96,'XGRQGB62',1,_binary '\0','037026015'),('XNRL55200855743539','Checking',7239.81,2,'2024-04-02',200,'YGPZGB44',1,_binary '\0','088739364'),('XNVM67136169788578','Checking',4973.98,8,'2022-08-13',136,'EETSGBCC',0,_binary '','096910557'),('XNVV62050510730023','Checking',8362.23,10,'2024-03-25',54,'DGDJGBODUQO',0,_binary '\0','017939452'),('XPRS68951923206421','Growth',5625.37,10,'2024-12-14',72,'QKEOGB9U',1,_binary '\0','074560026'),('XQPB64854988690500','Savings',9784.24,9,'2024-12-16',30,'NDKKGB2BRTU',1,_binary '','086004020'),('XRYE00489500995084','Checking',5640.03,10,'2024-12-14',72,'QKEOGB9U',1,_binary '','030375857'),('XUKB02648434774823','Savings',4488.18,2,'2022-07-17',131,'DYVWGBA59MR',1,_binary '\0','125552239'),('XVFO26203221337995','Savings',6889.76,7,'2021-03-10',118,'WFVUGBKS',0,_binary '','040645218'),('XWBE70627665961927','Growth',649.91,10,'2022-09-29',67,'RHRRGB5DBAA',1,_binary '\0','126757185'),('XWPD22203063193088','Growth',8179.93,10,'2022-10-27',134,'YIZPGBU4RP4',0,_binary '\0','057581255'),('XXJW79257316845967','Checking',2187.91,6,'2023-10-16',46,'OVFWGB2G',0,_binary '','106848111'),('XXLN66863883649063','Checking',8638.05,9,'2021-05-07',163,'AMSFGBZ5',1,_binary '\0','102081752'),('XZQR83486860645365','Growth',1485.92,5,'2024-01-05',138,'VFZHGB49',0,_binary '\0','080522485'),('YAOI71722879674830','Checking',7730.5,10,'2024-07-05',92,'XDWYGB4C',1,_binary '','066446323'),('YBBZ26895019900544','Checking',693.29,6,'2020-05-05',148,'DINYGBLKHPQ',0,_binary '\0','029933129'),('YBUV87386180541196','Growth',6286.98,4,'2022-08-13',96,'XGRQGB62',0,_binary '\0','124841255'),('YFEH96594429305196','Checking',4522.25,2,'2022-02-22',29,'CXRWGBMEQ0Y',0,_binary '','105556035'),('YIDF29161678250975','Growth',2780.72,9,'2024-12-16',30,'NDKKGB2BRTU',0,_binary '','126271373'),('YJWJ92948898294841','Savings',864.93,3,'2024-11-19',56,'UHYDGBQS',1,_binary '\0','073868402'),('YKFV55211334589050','Checking',5838.12,10,'2024-08-02',64,'YURQGBERQE0',1,_binary '\0','095973100'),('YKZW36468620079280','Savings',2892.89,10,'2024-03-25',54,'DGDJGBODUQO',1,_binary '\0','048497219'),('YLSQ54349561552085','Checking',535.81,10,'2023-01-07',178,'CWMJGBGBAH4',0,_binary '\0','038936188'),('YMDT04723338249274','Growth',2139.83,4,'2022-01-09',4,'SFCBGBY90LR',0,_binary '\0','099794440'),('YOVP66561041114961','Checking',9713.4,1,'2021-03-29',76,'MLMFGB89',1,_binary '\0','099910473'),('YPUT37621553850616','Growth',873.98,10,'2021-09-12',98,'VCGCGB2L',0,_binary '\0','118307103'),('YQDV23485642384521','Savings',2012.26,3,'2023-03-27',53,'SSGVGBB8ECH',1,_binary '\0','113481312'),('YQPE52364673056061','Checking',4111.26,3,'2020-01-27',70,'SBGRGBD8SBK',0,_binary '\0','053858636'),('YRBX66889372455350','Growth',4521.48,9,'2022-08-08',188,'AFYFGBUP',0,_binary '\0','016375842'),('YVKG91712635856519','Checking',9078.41,1,'2022-09-17',69,'VKVYGB9M4CD',0,_binary '','027853638'),('YVXU34928392785544','Savings',9349.04,4,'2024-06-27',175,'ELWAGBNK',0,_binary '\0','021279250'),('YXIB35634411503403','Checking',9165.13,6,'2022-06-12',109,'TNYYGBCQ',0,_binary '\0','060238155'),('YYTB68799800863132','Savings',3443.2,3,'2022-01-21',124,'WYLTGBA3TB2',1,_binary '\0','082098205'),('YZDF56111589565139','Checking',938.57,5,'2024-12-04',55,'SVVZGBOR',1,_binary '','126969135'),('YZGR25053933014335','Savings',4508.88,9,'2020-05-03',150,'DPUDGBN4QJ9',0,_binary '','076606111'),('YZMG07540615582636','Checking',3357.34,1,'2022-03-25',123,'ZXDXGBAMHJN',0,_binary '\0','097271567'),('ZBBU68599413390311','Growth',2411.03,1,'2022-10-23',162,'RKDPGBPK',0,_binary '','127355560'),('ZBCK36516393402434','Checking',5585.76,7,'2022-09-19',58,'OYDCGB8FIJQ',0,_binary '','046087074'),('ZCGX93361084160143','Savings',4433.56,5,'2021-09-21',7,'WXBWGBKV',1,_binary '\0','037089133'),('ZDCK23323856924085','Checking',6892.05,8,'2022-09-06',23,'AMJFGBPD',1,_binary '','074434877'),('ZECH67365636555695','Growth',5706.59,10,'2020-08-03',173,'MDGVGBCLTQ9',0,_binary '','014992706'),('ZGHH93899381021136','Growth',3240.92,10,'2020-10-22',9,'YNPWGBMC',1,_binary '\0','063828782'),('ZHHX96113454085855','Checking',1926.7,6,'2024-09-10',34,'RHXFGBI4',0,_binary '','111583351'),('ZJGU17296936717186','Growth',7114.59,8,'2022-09-18',139,'XTXOGBV880A',0,_binary '\0','126528819'),('ZJJY25061418295564','Savings',467.49,3,'2021-12-24',141,'OIUZGBBE',0,_binary '\0','071204686'),('ZJXI96697559502899','Growth',7753.03,2,'2024-03-24',95,'SDELGBYS',0,_binary '','048306708'),('ZKRJ89581084338443','Savings',581.08,10,'2023-07-28',93,'YWMCGBD8KIT',1,_binary '\0','057431703'),('ZMOL37475350920460','Savings',5342.3,1,'2020-01-24',100,'EMKNGB5QLQS',0,_binary '\0','106435249'),('ZOJL00747993239392','Savings',5258.86,5,'2022-10-22',127,'UUBHGBZE',0,_binary '\0','068063241'),('ZPLD44306906911667','Savings',1593.2,8,'2022-09-06',23,'AMJFGBPD',0,_binary '\0','077708458'),('ZYFM32256635605575','Checking',4728.96,1,'2024-09-29',5,'VKRBGBSI6TB',0,_binary '','073222983'),('ZYKM84212695237095','Growth',6264.83,1,'2023-06-25',62,'TMBBGB7DX97',0,_binary '\0','124176289'),('ZYRO03117967071630','Savings',3034.56,2,'2022-02-22',29,'CXRWGBMEQ0Y',1,_binary '','012251148'),('ZYTA91712207895547','Savings',311.47,7,'2022-09-19',58,'OYDCGB8FIJQ',1,_binary '\0','066854216'),('ZZGA37180123735791','Growth',9272.43,5,'2023-03-22',160,'ZOIEGBRSLJF',0,_binary '','112757597');
/*!40000 ALTER TABLE `account` ENABLE KEYS */;
UNLOCK TABLES;

--
-- Table structure for table `address`
--

DROP TABLE IF EXISTS `address`;
/*!40101 SET @saved_cs_client     = @@character_set_client */;
/*!40101 SET character_set_client = utf8 */;
CREATE TABLE `address` (
  `address_id` int NOT NULL AUTO_INCREMENT,
  `line1` varchar(255) DEFAULT NULL,
  `line2` varchar(255) DEFAULT NULL,
  `city` varchar(255) DEFAULT NULL,
  `state` varchar(255) DEFAULT NULL,
  `postal` varchar(255) DEFAULT NULL,
  `country` varchar(255) DEFAULT NULL,
  PRIMARY KEY (`address_id`)
) ENGINE=InnoDB AUTO_INCREMENT=51 DEFAULT CHARSET=utf8mb4 COLLATE=utf8mb4_0900_ai_ci;
/*!40101 SET character_set_client = @saved_cs_client */;

--
-- Dumping data for table `address`
--

LOCK TABLES `address` WRITE;
/*!40000 ALTER TABLE `address` DISABLE KEYS */;
INSERT INTO `address` VALUES (1,'823 Turner Route','Apt. 277','New Rhonda','West Virginia','52574','Mauritius'),(2,'3775 Roger Circles','Apt. 509','North Cassandraland','Alaska','23796','Solomon Islands'),(3,'425 Olson Heights','Apt. 376','Jenniferbury','Connecticut','01710','Peru'),(4,'55696 David Spurs Apt. 160','Apt. 799','West Monicaburgh','Delaware','71053','Netherlands Antilles'),(5,'52866 Lloyd Ports','Suite 895','Philipmouth','Montana','95731','Somalia'),(6,'037 Jessica Village','Apt. 315','Howardfurt','Ohio','28200','Barbados'),(7,'43715 Debra Burgs Apt. 127','Apt. 152','Carlsonport','Nebraska','85655','British Indian Ocean Territory (Chagos Archipelago)'),(8,'8787 Amber Coves','Apt. 345','Morrowland','Arkansas','78827','Argentina'),(9,'36667 Johnston Street Suite 483','Suite 459','South Michael','New Mexico','52895','Nauru'),(10,'453 Simon Mission Apt. 301','Suite 153','West Scott','Iowa','98491','Gabon'),(11,'99421 Frazier Hollow Suite 309','Apt. 996','North Crystal','Illinois','05112','United Arab Emirates'),(12,'4738 Smith Bridge','Suite 918','East Jeremiah','Maine','46721','Congo'),(13,'617 Vincent Shoals','Suite 050','Lake Garyland','South Carolina','31713','Zimbabwe'),(14,'3699 Dawn Unions Apt. 160','Suite 821','Kimberlyburgh','Florida','39935','Somalia'),(15,'2835 Gibson Loaf Apt. 422','Apt. 720','Raytown','Michigan','83481','Uzbekistan'),(16,'17235 Nicholas Pike Apt. 050','Apt. 271','South Christopherton','Alabama','66129','Czech Republic'),(17,'995 White Dale Suite 940','Suite 659','Davisshire','Idaho','00718','Cape Verde'),(18,'4815 Floyd Cliffs','Apt. 752','East Michael','North Carolina','39309','Lebanon'),(19,'99103 Ford Ferry','Apt. 078','Christopherview','Virginia','13419','Netherlands'),(20,'8767 Jensen Road','Suite 035','Davidborough','Oregon','96197','Timor-Leste'),(21,'1979 Martin Cliffs Suite 341','Suite 465','Alvaradoside','Indiana','75281','Saint Pierre and Miquelon'),(22,'79191 Anna Orchard Suite 722','Suite 781','Mcdonaldbury','Michigan','21160','Ireland'),(23,'864 Laura Oval','Suite 285','Marcusborough','South Dakota','61471','Cote d\'Ivoire'),(24,'160 Carrie Curve','Apt. 923','West Mary','Oregon','96986','Haiti'),(25,'9688 Rogers Shoal Suite 595','Apt. 815','South Brian','Maryland','97428','Norway'),(26,'749 Adkins Mountain','Suite 775','Jacobfort','Louisiana','89808','Niue'),(27,'0580 Daniel Land Suite 792','Apt. 936','South Allenbury','Colorado','58787','North Macedonia'),(28,'44010 Joshua Motorway Apt. 951','Apt. 987','East Michaelmouth','Pennsylvania','36842','Northern Mariana Islands'),(29,'1499 Lisa Mountain','Apt. 388','Lake Robinport','Mississippi','73769','Kenya'),(30,'87027 Haley Spring Apt. 850','Suite 058','East Angela','Virginia','38690','Mali'),(31,'10959 Christian Plains','Suite 579','Johnsonport','Washington','59607','Cocos (Keeling) Islands'),(32,'706 Shelly Parkways Apt. 345','Suite 033','Lake Jenniferside','Montana','08985','Timor-Leste'),(33,'883 Allen Junction','Suite 102','Rushfort','Georgia','19117','Ukraine'),(34,'80584 Edwards Wall','Apt. 319','East Bobbychester','Minnesota','15326','Colombia'),(35,'6663 Caleb Cove Apt. 953','Suite 174','South Mollyfort','Michigan','45092','Romania'),(36,'8509 Hunt Springs','Apt. 010','New Dawn','Florida','97491','United Arab Emirates'),(37,'93991 Wendy Ramp Apt. 431','Apt. 880','West Lisahaven','North Carolina','90558','Denmark'),(38,'10693 Raven Shoal','Suite 367','East Aaronchester','North Carolina','61510','Kuwait'),(39,'4323 Houston Island','Apt. 351','South Samuel','Oklahoma','37915','Tonga'),(40,'9463 Gates Port Suite 413','Suite 679','Stephenview','Montana','56094','Djibouti'),(41,'39619 Angela Flat Apt. 305','Apt. 957','Melissafurt','Missouri','89735','Western Sahara'),(42,'874 Williams Brooks Apt. 486','Apt. 074','Ramosshire','Tennessee','38532','Sudan'),(43,'3672 Dean Rue Suite 008','Apt. 095','Lindseyborough','Nevada','79785','Angola'),(44,'514 Andrea Trail','Apt. 222','West Matthewchester','Arizona','83548','Moldova'),(45,'837 Swanson Walks','Suite 232','East Sheila','Michigan','94818','Burundi'),(46,'7348 Adams Flat','Apt. 002','Port Amyside','Indiana','44651','Dominica'),(47,'325 Dennis Flats Apt. 198','Suite 538','South Brenda','Hawaii','89303','Malaysia'),(48,'160 Tasha Crossroad Apt. 225','Suite 382','Port Angelatown','California','54441','Egypt'),(49,'54125 Wilson Course','Apt. 428','Lewisberg','Montana','33583','Central African Republic'),(50,'096 Rhonda Isle','Apt. 555','South Davidton','Pennsylvania','99896','Qatar');
/*!40000 ALTER TABLE `address` ENABLE KEYS */;
UNLOCK TABLES;

--
-- Table structure for table `branch`
--

DROP TABLE IF EXISTS `branch`;
/*!40101 SET @saved_cs_client     = @@character_set_client */;
/*!40101 SET character_set_client = utf8 */;
CREATE TABLE `branch` (
  `branch_id` int NOT NULL AUTO_INCREMENT,
  `address_id` int DEFAULT NULL,
  `branch_name` varchar(255) DEFAULT NULL,
  `branch_phone` varchar(255) DEFAULT NULL,
  PRIMARY KEY (`branch_id`),
  KEY `address_id` (`address_id`),
  CONSTRAINT `branch_ibfk_1` FOREIGN KEY (`address_id`) REFERENCES `address` (`address_id`)
) ENGINE=InnoDB AUTO_INCREMENT=11 DEFAULT CHARSET=utf8mb4 COLLATE=utf8mb4_0900_ai_ci;
/*!40101 SET character_set_client = @saved_cs_client */;

--
-- Dumping data for table `branch`
--

LOCK TABLES `branch` WRITE;
/*!40000 ALTER TABLE `branch` DISABLE KEYS */;
INSERT INTO `branch` VALUES (1,8,'East Travis Branch','227-480-2618x5555'),(2,18,'Christopherview Branch','001-226-864-0999x316'),(3,41,'North Tommyfurt Branch','523-224-5552x75317'),(4,15,'New Andreaburgh Branch','423-706-3163x19578'),(5,40,'Frenchmouth Branch','001-742-975-1403'),(6,14,'Rodgersberg Branch','001-766-240-5694x488'),(7,14,'Ronaldbury Branch','309.416.5955'),(8,2,'New Rebeccashire Branch','855.586.1239'),(9,21,'Lake Traci Branch','(510)823-0322x8750'),(10,48,'North Barbaraside Branch','001-781-469-8377x43406');
/*!40000 ALTER TABLE `branch` ENABLE KEYS */;
UNLOCK TABLES;

--
-- Table structure for table `customer`
--

DROP TABLE IF EXISTS `customer`;
/*!40101 SET @saved_cs_client     = @@character_set_client */;
/*!40101 SET character_set_client = utf8 */;
CREATE TABLE `customer` (
  `customer_id` int NOT NULL,
  `address_id` int DEFAULT NULL,
  `email` varchar(255) DEFAULT NULL,
  `first_name` varchar(255) DEFAULT NULL,
  `last_name` varchar(255) DEFAULT NULL,
  `middle_name` varchar(255) DEFAULT NULL,
  `phone` varchar(255) DEFAULT NULL,
  PRIMARY KEY (`customer_id`),
  KEY `address_id` (`address_id`),
  CONSTRAINT `customer_ibfk_1` FOREIGN KEY (`address_id`) REFERENCES `address` (`address_id`)
) ENGINE=InnoDB DEFAULT CHARSET=utf8mb4 COLLATE=utf8mb4_0900_ai_ci;
/*!40101 SET character_set_client = @saved_cs_client */;

--
-- Dumping data for table `customer`
--

LOCK TABLES `customer` WRITE;
/*!40000 ALTER TABLE `customer` DISABLE KEYS */;
INSERT INTO `customer` VALUES (1,1,'grichardson@gmail.com','Greg','Richardson','Christopher','(248)229-8065'),(2,20,'eriley@gmail.com','Erica','Riley','Lawrence','534.839.6723x8045'),(3,31,'lmooney@yahoo.com','Lauren','Mooney','Robert','902.444.6636x93370'),(4,45,'kbrown@yahoo.com','Kristen','Brown','Linda','4177928639'),(5,16,'sphillips@yahoo.com','Stacie','Phillips','Kimberly','001-764-344-2566x889'),(6,8,'lsmith@yahoo.com','Laurie','Smith','Mary','9565326793'),(7,15,'apratt@aol.com','Alicia','Pratt','Natalie','001-545-681-1702'),(8,47,'cmiller@yahoo.com','Christopher','Miller','Christopher','556-220-5002x082'),(9,21,'cfitzpatrick@gmail.com','Cody','Fitzpatrick','Rebecca','5009362373'),(10,29,'jjohnson@aol.com','Jenny','Johnson','Alexandra','496.278.7647'),(11,34,'kanderson@aol.com','Kyle','Anderson','Arthur','3393382040'),(12,46,'cferguson@gmail.com','Cynthia','Ferguson','Joseph','+1-854-649-8707x723'),(13,24,'jnelson@yahoo.com','Jonathan','Nelson','Adrian','974.428.7579x495'),(14,1,'cgarcia@aol.com','Caitlyn','Garcia','Jennifer','(670)636-6795x897'),(15,22,'asmith@aol.com','Anna','Smith','Daisy','856.211.7481x8908'),(16,44,'sford@gmail.com','Sean','Ford','Joseph','923.784.4210x247'),(17,26,'anelson@gmail.com','Angela','Nelson','James','001-688-383-9952'),(18,31,'bwilliams@aol.com','Benjamin','Williams','Daniel','806-800-6547'),(19,41,'ydurham@aol.com','Yesenia','Durham','Paul','+1-793-420-1977x4816'),(20,6,'nnunez@aol.com','Natasha','Nunez','Christopher','+1-606-838-3970x993'),(21,5,'mjenkins@aol.com','Michael','Jenkins','Matthew','+1-322-808-4668x778'),(22,1,'lbates@yahoo.com','Laurie','Bates','Kevin','489-503-7890'),(23,47,'fbrennan@aol.com','Frederick','Brennan','Christopher','(589)431-6118x8971'),(24,31,'grivera@gmail.com','Gregory','Rivera','Willie','992-941-3030'),(25,4,'mlambert@gmail.com','Mark','Lambert','Timothy','919-755-3924'),(26,1,'rjohnson@yahoo.com','Robert','Johnson','William','001-857-786-6946'),(27,24,'athomas@yahoo.com','Angel','Thomas','Michael','760.561.5218x58376'),(28,37,'cwebb@aol.com','Craig','Webb','Dustin','001-281-418-2621x54078'),(29,35,'ajackson@aol.com','Andrew','Jackson','Victoria','(442)777-7042'),(30,15,'aelliott@yahoo.com','Annette','Elliott','Madison','001-323-820-6088x98712'),(31,34,'kshort@gmail.com','Karen','Short','Laurie','+1-730-289-2449x609'),(32,5,'tglass@yahoo.com','Tristan','Glass','Phillip','(657)402-1421x5644'),(33,32,'bjones@aol.com','Barbara','Jones','Bryan','(489)617-7775'),(34,20,'jfrancis@aol.com','Justin','Francis','Paula','001-792-713-6740x248'),(35,46,'ctaylor@aol.com','Christopher','Taylor','James','001-742-346-1207x3750'),(36,30,'spark@gmail.com','Steven','Park','David','+1-344-672-0040x45262'),(37,1,'ljohnson@gmail.com','Lisa','Johnson','Tammy','(749)745-1536x6625'),(38,14,'kwagner@yahoo.com','Kevin','Wagner','Glenda','(448)259-1028x8719'),(39,41,'jmarquez@gmail.com','Jorge','Marquez','Wayne','230-391-4982x00268'),(40,33,'vmoore@yahoo.com','Virginia','Moore','Desiree','+1-869-429-2934'),(41,3,'dhill@aol.com','Dana','Hill','Betty','739.281.1285'),(42,31,'jevans@yahoo.com','Joseph','Evans','Christopher','463-795-4791x700'),(43,40,'whiggins@yahoo.com','William','Higgins','Bobby','7495565657'),(44,21,'vjones@gmail.com','Virginia','Jones','Micheal','001-971-763-6574x46708'),(45,43,'awillis@gmail.com','Ashley','Willis','Isaiah','3037342833'),(46,41,'mdouglas@aol.com','Maria','Douglas','Matthew','838-454-3684x759'),(47,14,'rgardner@yahoo.com','Robert','Gardner','Eric','812-505-4622'),(48,39,'dking@gmail.com','David','King','Melissa','001-793-805-5061x359'),(49,9,'ccox@yahoo.com','Curtis','Cox','Lawrence','669.727.7171'),(50,40,'gshaw@aol.com','George','Shaw','Thomas','598-250-6407'),(51,37,'kwright@yahoo.com','Krista','Wright','James','779.758.5050x2353'),(52,25,'alee@aol.com','Adrienne','Lee','Lisa','001-274-461-1149x32707'),(53,30,'rallen@yahoo.com','Ryan','Allen','Michael','+1-929-436-3900x6057'),(54,39,'jmorrow@aol.com','Joshua','Morrow','Tina','376.430.4188x376'),(55,42,'ebenson@yahoo.com','Elizabeth','Benson','Kelly','9732807847'),(56,20,'cpatel@gmail.com','Courtney','Patel','Thomas','554-340-4546x47207'),(57,7,'trichardson@aol.com','Tiffany','Richardson','Paula','+1-356-858-9065x048'),(58,17,'munderwood@gmail.com','Michael','Underwood','Cynthia','814.676.0125'),(59,45,'kdavis@aol.com','Kristine','Davis','Amanda','+1-435-405-6196x715'),(60,40,'cparker@aol.com','Carla','Parker','David','001-913-329-5132'),(61,4,'dsmith@yahoo.com','Daniel','Smith','Jenna','(330)401-0348x5051'),(62,48,'khoward@gmail.com','Kenneth','Howard','Bailey','587.545.2031'),(63,16,'bwillis@gmail.com','Bradley','Willis','Jennifer','001-551-982-5201'),(64,30,'anash@aol.com','Allison','Nash','Mary','587.264.9032x8670'),(65,29,'tbryant@gmail.com','Travis','Bryant','Derek','(782)981-7652'),(66,50,'fgreen@aol.com','Francisco','Green','Mark','+1-264-748-9530'),(67,13,'kesparza@yahoo.com','Karen','Esparza','Katherine','(203)707-3796x196'),(68,15,'krandall@gmail.com','Kristine','Randall','Joshua','(904)962-9153x586'),(69,20,'ahart@yahoo.com','Andrea','Hart','Frank','(300)778-0393x452'),(70,14,'mgutierrez@yahoo.com','Mary','Gutierrez','Robert','(375)878-8200x362'),(71,21,'wnichols@aol.com','William','Nichols','Brittney','(860)577-9177x70827'),(72,50,'aho@gmail.com','Amy','Ho','Hailey','906-810-0974x1490'),(73,24,'jlindsey@aol.com','Justin','Lindsey','Daniel','767-782-7489x35471'),(74,11,'borozco@yahoo.com','Becky','Orozco','Alexander','+1-771-761-6776x73576'),(75,14,'arichardson@aol.com','Andrew','Richardson','Adam','974-253-7812'),(76,6,'lweaver@yahoo.com','Luis','Weaver','David','758.963.8589x0184'),(77,25,'jglover@aol.com','Joanna','Glover','Cassidy','957.364.4531'),(78,24,'cmooney@yahoo.com','Charles','Mooney','Angie','(961)271-1013x70500'),(79,45,'hpalmer@yahoo.com','Haley','Palmer','Tyler','738.269.3981x879'),(80,34,'djensen@aol.com','Douglas','Jensen','Cassandra','220.386.5766x68302'),(81,17,'kmurphy@yahoo.com','Kelly','Murphy','Karen','001-905-672-2623x07520'),(82,17,'jthomas@aol.com','John','Thomas','Heidi','+1-354-240-6634x83718'),(83,4,'sbowman@aol.com','Samantha','Bowman','Gregory','972.924.0514x2270'),(84,42,'wfernandez@gmail.com','Willie','Fernandez','Laura','+1-928-341-0713'),(85,40,'amurray@yahoo.com','Autumn','Murray','Tara','273-716-4842x2274'),(86,24,'ktorres@yahoo.com','Karen','Torres','Joseph','+1-584-619-0397'),(87,33,'mwarren@gmail.com','Matthew','Warren','Lauren','809-988-9415x767'),(88,4,'dfitzgerald@aol.com','Derek','Fitzgerald','William','+1-363-437-8795'),(89,35,'aharrison@yahoo.com','Ashley','Harrison','Mary','991.841.3722x20559'),(90,22,'jthompson@yahoo.com','Jennifer','Thompson','Kyle','929.839.8046'),(91,22,'kjohnson@yahoo.com','Katherine','Johnson','Angela','546-866-9348x605'),(92,15,'jrodriguez@aol.com','John','Rodriguez','Jeffrey','+1-325-897-8889'),(93,49,'ajackson@yahoo.com','Amy','Jackson','Danielle','425.949.3601x483'),(94,19,'dbrowning@yahoo.com','Devon','Browning','Derek','5406848302'),(95,39,'khall@aol.com','Karen','Hall','Joseph','+1-694-505-1512'),(96,46,'jmiller@yahoo.com','Jennifer','Miller','James','001-584-839-1873x759'),(97,14,'nhenry@yahoo.com','Natalie','Henry','Debra','+1-336-894-4407x182'),(98,42,'vjones@yahoo.com','Victor','Jones','Thomas','492.410.7634x985'),(99,46,'khayes@gmail.com','Katherine','Hayes','David','7662864377'),(100,14,'smelendez@gmail.com','Shannon','Melendez','Maria','474.849.6290x6310'),(101,5,'jmayer@yahoo.com','Joan','Mayer','Alan','001-858-406-9613x1897'),(102,7,'erios@aol.com','Edward','Rios','Kyle','(916)261-9853x20794'),(103,13,'mking@aol.com','Michelle','King','Alexandra','(353)639-2994'),(104,11,'sgarcia@gmail.com','Sheila','Garcia','David','828.382.1482x81445'),(105,19,'mmyers@aol.com','Michele','Myers','Louis','(888)324-2878'),(106,8,'rlucas@yahoo.com','Rhonda','Lucas','Emily','+1-946-381-8518x8585'),(107,16,'lmcknight@yahoo.com','Lori','Mcknight','Lauren','+1-654-971-7029x79122'),(108,37,'mhanson@aol.com','Michael','Hanson','Donald','5456751593'),(109,49,'rmorgan@aol.com','Rhonda','Morgan','Charles','472.882.7149'),(110,27,'rsheppard@yahoo.com','Raymond','Sheppard','Andrew','001-841-858-9937x086'),(111,41,'jbarrett@aol.com','James','Barrett','Amber','7289962447'),(112,42,'ywiley@yahoo.com','Yolanda','Wiley','Scott','858.978.6879x851'),(113,36,'dfletcher@yahoo.com','Daniel','Fletcher','Douglas','606.390.6353x134'),(114,11,'wpacheco@gmail.com','Wendy','Pacheco','Debra','001-798-283-9442'),(115,22,'clopez@aol.com','Christopher','Lopez','Ian','694.630.7831'),(116,14,'emccormick@yahoo.com','Erika','Mccormick','Paul','(367)822-8107x130'),(117,8,'jsaunders@yahoo.com','James','Saunders','Corey','001-431-328-7144x74437'),(118,38,'jrichards@yahoo.com','Jennifer','Richards','Olivia','001-716-655-9601x958'),(119,30,'jhull@gmail.com','Jonathan','Hull','Andrew','8063884562'),(120,1,'cgilbert@gmail.com','Christine','Gilbert','Michelle','+1-748-931-7855x66312'),(121,23,'ksanchez@aol.com','Keith','Sanchez','Joseph','+1-691-494-1796x20746'),(122,19,'jgonzalez@gmail.com','Jeff','Gonzalez','Nicole','+1-440-823-5613'),(123,11,'rwilkins@yahoo.com','Richard','Wilkins','Donald','+1-876-621-7107x827'),(124,13,'charris@aol.com','Cindy','Harris','Aaron','328-903-2370x2884'),(125,46,'rgarcia@yahoo.com','Raymond','Garcia','Michelle','925.443.6446'),(126,12,'mharris@aol.com','Mark','Harris','Brandon','+1-657-956-3533x6852'),(127,4,'nandrews@gmail.com','Nicholas','Andrews','Richard','(358)924-8323x1731'),(128,6,'mmartin@aol.com','Michelle','Martin','Joshua','375.537.3584x5437'),(129,7,'afuller@gmail.com','Aaron','Fuller','Antonio','285.450.9441x66376'),(130,13,'ecortez@gmail.com','Evan','Cortez','Charles','001-601-957-8990x2405'),(131,1,'tsteele@aol.com','Tammy','Steele','Mackenzie','331.573.2668x674'),(132,8,'mmiller@yahoo.com','Michelle','Miller','Cathy','001-759-349-8846'),(133,18,'kbaldwin@gmail.com','Karen','Baldwin','Lisa','525.253.7870'),(134,46,'byoung@aol.com','Brandon','Young','Sarah','511.762.8248x06583'),(135,30,'kwhitaker@aol.com','Kelly','Whitaker','Penny','285-299-9654'),(136,14,'jweeks@yahoo.com','John','Weeks','Donna','5699133996'),(137,38,'bwalter@yahoo.com','Brooke','Walter','Nicholas','+1-411-686-5580'),(138,15,'rfoster@aol.com','Roy','Foster','Stacey','821.397.5006'),(139,2,'nle@gmail.com','Nathaniel','Le','Dominique','001-615-695-3483x723'),(140,41,'dvillanueva@gmail.com','David','Villanueva','Breanna','663.561.2596x5100'),(141,39,'pgallagher@yahoo.com','Phillip','Gallagher','Rebecca','212-381-7744'),(142,26,'mallen@yahoo.com','Michelle','Allen','Craig','609-373-2669'),(143,20,'msosa@gmail.com','Michael','Sosa','Michael','(471)235-5976x048'),(144,46,'mcarr@aol.com','Monica','Carr','Joshua','(904)229-1337x44881'),(145,10,'mhood@aol.com','Michael','Hood','Rebecca','+1-702-684-4015x106'),(146,15,'jfrey@gmail.com','Jermaine','Frey','Kellie','(546)426-5805'),(147,13,'awilson@yahoo.com','Amy','Wilson','William','001-976-734-0440'),(148,22,'bwong@gmail.com','Brenda','Wong','Kimberly','821-799-3330x8343'),(149,27,'lcarr@yahoo.com','Laura','Carr','Melissa','5359110044'),(150,10,'djackson@gmail.com','David','Jackson','Brenda','673.563.8235x09102'),(151,3,'treed@aol.com','Tammy','Reed','Terry','(867)480-9881x9863'),(152,21,'lmelendez@gmail.com','Lauren','Melendez','Seth','(808)483-6559'),(153,25,'manderson@yahoo.com','Matthew','Anderson','Ashlee','526-477-6054'),(154,33,'dgarcia@yahoo.com','David','Garcia','Craig','001-961-272-9424x36419'),(155,28,'kdurham@gmail.com','Kelly','Durham','Jeffrey','334-475-0197x2809'),(156,29,'twheeler@yahoo.com','Theresa','Wheeler','Jill','312.926.2677x38735'),(157,4,'brogers@aol.com','Brandon','Rogers','Jennifer','216-940-4022x6651'),(158,49,'eberg@aol.com','Erin','Berg','Marissa','2715737146'),(159,6,'jhahn@aol.com','Jimmy','Hahn','Lisa','+1-779-747-8532x19245'),(160,23,'dalvarez@aol.com','Darryl','Alvarez','Destiny','001-260-872-2642x03893'),(161,50,'sdavid@aol.com','Steven','David','Jessica','001-566-582-7557'),(162,43,'wgarcia@gmail.com','William','Garcia','Daniel','3362761313'),(163,20,'kfloyd@yahoo.com','Kathleen','Floyd','Thomas','(526)589-2744x76746'),(164,33,'dmoore@yahoo.com','Dwayne','Moore','Alexandra','387.773.9051x83693'),(165,22,'awilliams@yahoo.com','Amanda','Williams','Paul','690-305-1209x3672'),(166,5,'kbright@yahoo.com','Kathleen','Bright','Kristina','+1-432-657-2812x01250'),(167,17,'jfleming@aol.com','Jared','Fleming','Jennifer','(442)678-2515x587'),(168,8,'clopez@gmail.com','Calvin','Lopez','John','+1-621-282-4014x5706'),(169,1,'tbradley@gmail.com','Tamara','Bradley','Laura','+1-952-258-5368x16385'),(170,38,'rgarrett@gmail.com','Richard','Garrett','Seth','681.454.9971'),(171,38,'aroach@gmail.com','Angela','Roach','Sergio','+1-205-603-2935x300'),(172,38,'mthompson@gmail.com','Mike','Thompson','Linda','623-411-7245x023'),(173,5,'jhopkins@aol.com','John','Hopkins','Anthony','7386787989'),(174,49,'drobbins@gmail.com','Daniel','Robbins','Jennifer','(402)565-7538x7315'),(175,38,'mbarr@aol.com','Mary','Barr','Russell','607-749-6927x14220'),(176,48,'rholmes@yahoo.com','Robert','Holmes','Kathy','2655561471'),(177,48,'rgarcia@aol.com','Robert','Garcia','Kristin','702.563.1122x6507'),(178,47,'wsmith@gmail.com','William','Smith','Kevin','626-399-2029x970'),(179,9,'jhiggins@gmail.com','Joshua','Higgins','Tony','7046252556'),(180,34,'cboyer@aol.com','Christine','Boyer','Alexander','(876)298-9518x900'),(181,37,'mwade@aol.com','Michael','Wade','Mary','201-790-8300'),(182,18,'djackson@yahoo.com','David','Jackson','Jesse','879-241-3124'),(183,37,'smiller@aol.com','Samantha','Miller','Frank','871.938.1306x76685'),(184,26,'rhenderson@yahoo.com','Rebecca','Henderson','Amanda','001-419-201-4145'),(185,27,'landerson@yahoo.com','Louis','Anderson','Tiffany','564.509.4931x333'),(186,13,'ebuchanan@yahoo.com','Erica','Buchanan','Timothy','+1-316-722-1350x0928'),(187,13,'mdavis@yahoo.com','Melissa','Davis','Allen','+1-641-496-2558x56408'),(188,3,'ltorres@gmail.com','Lauren','Torres','Stephen','+1-682-989-9521'),(189,1,'kwilson@gmail.com','Karen','Wilson','Jessica','(363)770-7356x9767'),(190,34,'pklein@aol.com','Pedro','Klein','Adam','504.653.3052x1357'),(191,48,'rperez@yahoo.com','Robert','Perez','Monica','(660)618-7834x5430'),(192,3,'mboyle@yahoo.com','Matthew','Boyle','Ashley','9252712016'),(193,23,'ssnyder@aol.com','Shelley','Snyder','Stephanie','001-813-880-1460x99876'),(194,36,'tmcgee@aol.com','Thomas','Mcgee','Nina','507-440-8971x58781'),(195,45,'imorales@yahoo.com','Isaac','Morales','Steven','(204)517-8571x2204'),(196,18,'tbryant@yahoo.com','Tara','Bryant','Richard','3376154235'),(197,27,'sleonard@gmail.com','Stephanie','Leonard','John','278-457-9862x961'),(198,50,'nbrown@gmail.com','Nicole','Brown','Ashley','710.753.5211'),(199,47,'amcpherson@yahoo.com','Aimee','Mcpherson','Molly','415.678.4037'),(200,48,'dmunoz@yahoo.com','Dale','Munoz','Jimmy','(254)558-6197');
/*!40000 ALTER TABLE `customer` ENABLE KEYS */;
UNLOCK TABLES;

--
-- Table structure for table `customer_seq`
--

DROP TABLE IF EXISTS `customer_seq`;
/*!40101 SET @saved_cs_client     = @@character_set_client */;
/*!40101 SET character_set_client = utf8 */;
CREATE TABLE `customer_seq` (
  `next_val` bigint DEFAULT NULL
) ENGINE=InnoDB DEFAULT CHARSET=utf8mb4 COLLATE=utf8mb4_0900_ai_ci;
/*!40101 SET character_set_client = @saved_cs_client */;

--
-- Dumping data for table `customer_seq`
--

LOCK TABLES `customer_seq` WRITE;
/*!40000 ALTER TABLE `customer_seq` DISABLE KEYS */;
INSERT INTO `customer_seq` VALUES (201);
/*!40000 ALTER TABLE `customer_seq` ENABLE KEYS */;
UNLOCK TABLES;

--
-- Table structure for table `transaction`
--

DROP TABLE IF EXISTS `transaction`;
/*!40101 SET @saved_cs_client     = @@character_set_client */;
/*!40101 SET character_set_client = utf8 */;
CREATE TABLE `transaction` (
  `transaction_id` int NOT NULL,
  `account_id` int DEFAULT NULL,
  `amount` int DEFAULT NULL,
  `balance_at_transaction` int DEFAULT NULL,
  `category` varchar(255) DEFAULT NULL,
  `date` varchar(255) DEFAULT NULL,
  `details` varchar(255) DEFAULT NULL,
  `status` varchar(255) DEFAULT NULL,
  `account_number` varchar(255) DEFAULT NULL,
  PRIMARY KEY (`transaction_id`),
  KEY `account_number` (`account_number`),
  KEY `account_id` (`account_id`),
  CONSTRAINT `transaction_ibfk_1` FOREIGN KEY (`account_number`) REFERENCES `account` (`account_number`),
  CONSTRAINT `transaction_ibfk_2` FOREIGN KEY (`account_id`) REFERENCES `customer` (`customer_id`)
) ENGINE=InnoDB DEFAULT CHARSET=utf8mb4 COLLATE=utf8mb4_0900_ai_ci;
/*!40101 SET character_set_client = @saved_cs_client */;

--
-- Dumping data for table `transaction`
--

LOCK TABLES `transaction` WRITE;
/*!40000 ALTER TABLE `transaction` DISABLE KEYS */;
INSERT INTO `transaction` VALUES (1,62,806,6530,'Utilities','2025-01-04','Huge nearly market network industry.','Pending','ZYKM84212695237095'),(2,4,202,3707,'Shopping','2025-01-05','Million including area result will.','Completed','ILHF47464733212125'),(3,45,603,8513,'Shopping','2025-01-18','Doctor cover do. Product throw threat.','Failed','MZYO86448848231572'),(4,8,116,3181,'Salary','2025-01-22','Financial discover discussion part.','Completed','NQSW90712152191437'),(5,75,149,5451,'Utilities','2025-01-06','In clear later fish.','Pending','PTIS25882360673863'),(6,149,391,8479,'Shopping','2025-01-12','Half many body television mention ago cause.','Pending','USYP66013030028005'),(7,172,632,3618,'Investment','2025-01-13','And central either evidence recognize.','Failed','PSEW85671212068947'),(8,28,172,9534,'Salary','2025-01-09','Nearly ready start PM trouble through assume.','Completed','DLRT31996899169321'),(9,85,986,8044,'Utilities','2025-01-02','Bill sea ever serious all perhaps suddenly style.','Pending','TUCZ55894430791961'),(10,155,247,9603,'Shopping','2025-01-17','Several miss book artist.','Completed','OKXQ55938585478316'),(11,125,224,422,'Utilities','2025-01-24','Deal actually clear.','Failed','NEPG96597907976334'),(12,186,620,4287,'Salary','2025-01-16','Rather dinner may forget impact leg.','Completed','AYFY64813860436757'),(13,150,176,9687,'Salary','2025-01-13','Data study simply class establish.','Failed','YZGR25053933014335'),(14,24,755,6428,'Investment','2025-01-09','Body dream remain around laugh.','Completed','FXCR61486688293798'),(15,152,349,8851,'Salary','2025-01-17','No size only particularly little.','Completed','DXDL03744117186858'),(16,177,223,1459,'Shopping','2025-01-17','Degree president matter exactly law.','Pending','ONNU28166389079509'),(17,154,168,856,'Utilities','2025-01-06','By institution skin between group interest.','Failed','AWRF58353457417128'),(18,18,738,6107,'Investment','2025-01-02','Theory upon play top discussion tax leg.','Pending','WDUG70794143382139'),(19,103,172,2409,'Utilities','2025-01-08','Read have win.','Failed','JGWV61190927076914'),(20,76,770,7427,'Shopping','2025-01-19','Night weight everyone shake any tax.','Completed','JHDK42917411723363'),(21,15,135,91,'Investment','2025-01-20','Politics foot road table. Rule together but.','Completed','FNYU06052316546865'),(22,136,961,7650,'Shopping','2025-01-01','Nearly tough program they.','Pending','EOPC65907227036717'),(23,31,462,6581,'Salary','2025-01-25','Fill participant night.','Pending','LPAE64408929768087'),(24,127,45,7329,'Shopping','2025-01-21','Reach expert economic family theory music I.','Completed','HYTK87867330217261'),(25,186,372,4964,'Salary','2025-01-12','Common care reach until section usually thought.','Pending','DJRY37327992780578'),(26,108,62,9732,'Investment','2025-01-25','Mrs magazine purpose if suffer worker former at.','Pending','RBRF01109394497566'),(27,120,867,6601,'Salary','2025-01-21','Simple state data receive reality.','Pending','QOFP23492611004189'),(28,90,845,675,'Shopping','2025-01-22','Notice into either. Quite adult military.','Failed','WQST59754819806658'),(29,130,437,8000,'Shopping','2025-01-12','Stay letter imagine choice. Admit spend easy day.','Failed','FTJQ71879971029175'),(30,152,45,2234,'Salary','2025-01-25','Our second total very song condition.','Completed','DXDL03744117186858'),(31,60,912,6849,'Shopping','2025-01-23','Institution sing look loss.','Completed','CXYT09648689520725'),(32,74,881,3955,'Investment','2025-01-09','Learn score edge father project.','Pending','TAVX34181990896142'),(33,156,166,3478,'Salary','2025-01-15','Ready push worker protect national.','Failed','SLWU27350098005436'),(34,88,767,4394,'Salary','2025-01-19','Somebody begin maintain base music notice.','Failed','DJXQ12207209152455'),(35,170,178,1207,'Salary','2025-01-24','Change poor lot have. Huge arm own should while.','Completed','LYKY68168658015464'),(36,111,923,2047,'Utilities','2025-01-14','Draw help three figure kitchen along.','Pending','IFDW36555874140452'),(37,182,80,9798,'Shopping','2025-01-15','Happy brother look fall assume section myself.','Failed','DLES40518840773932'),(38,154,179,6377,'Salary','2025-01-01','Effect even citizen see article while what.','Pending','AWRF58353457417128'),(39,58,22,9645,'Salary','2025-01-19','Side tough help protect everything.','Pending','ZBCK36516393402434'),(40,170,118,2598,'Investment','2025-01-15','Medical effort view any phone who away present.','Failed','QIBG23059348246331'),(41,166,294,3092,'Utilities','2025-01-01','Economy one thousand throughout necessary reduce.','Failed','AVCF22505782162285'),(42,32,884,9738,'Shopping','2025-01-16','Vote especially democratic hour tough son far.','Completed','EIBO53038057167310'),(43,126,394,3647,'Shopping','2025-01-08','Manage campaign which view.','Failed','DBOL83536223357915'),(44,102,975,3108,'Utilities','2025-01-14','Smile court million identify audience ask social.','Pending','TCEZ74335985492746'),(45,174,458,2260,'Utilities','2025-01-07','Major respond early.','Failed','ARBP64828864392194'),(46,18,278,8944,'Shopping','2025-01-01','Station him life during campaign.','Failed','WDUG70794143382139'),(47,38,776,5480,'Utilities','2025-01-16','Executive shake trip rich. Care run five.','Failed','UGCY90029209346628'),(48,37,944,5755,'Salary','2025-01-02','Technology impact hit win.','Completed','VKPZ84690687853288'),(49,165,996,2586,'Investment','2025-01-21','Fish particular avoid high everyone.','Completed','KXIR05936492184189'),(50,152,697,6264,'Investment','2025-01-06','Available administration edge low simply nor.','Failed','TLWB52077856933182'),(51,177,782,5676,'Salary','2025-01-15','Them news position day sure study.','Completed','FIOV15778699380339'),(52,59,682,7071,'Salary','2025-01-12','End avoid grow only large there happen do.','Failed','DNGM25959450772636'),(53,107,240,3357,'Utilities','2025-01-20','Game part throw generation.','Pending','NEHR08582474565209'),(54,189,483,9487,'Salary','2025-01-24','Night common finish system forget later Mrs.','Pending','OCTC65321375037145'),(55,43,690,5420,'Investment','2025-01-04','Building purpose my sea story. Stay perhaps free.','Pending','QYXB61748139290743'),(56,92,715,2935,'Salary','2025-01-13','Life remain responsibility candidate hard deal.','Completed','KWMI02833088176994'),(57,30,283,9771,'Investment','2025-01-10','Expect floor soldier. Throw price ever best.','Failed','XQPB64854988690500'),(58,198,82,2424,'Investment','2025-01-15','Arrive expert through rock.','Completed','URGK04612197269302'),(59,192,882,3443,'Shopping','2025-01-10','Himself us practice sure teacher generation.','Completed','SLGG77402933992225'),(60,134,312,8154,'Investment','2025-01-24','And how clear industry official important.','Pending','XWPD22203063193088'),(61,122,720,9337,'Salary','2025-01-17','Team best maintain food.','Completed','UYWO12330463709585'),(62,160,913,3971,'Shopping','2025-01-09','Edge including can themselves manager listen.','Failed','DJJR74855414417146'),(63,39,38,3633,'Salary','2025-01-14','Its around game end second world.','Failed','GJJB31141662718291'),(64,48,715,3702,'Utilities','2025-01-08','Energy will house attorney.','Failed','TEJB74856614701192'),(65,175,425,309,'Salary','2025-01-23','Pick sit let until sure if significant watch.','Failed','QJBC29271743532979'),(66,117,467,7386,'Shopping','2025-01-24','See shake idea window set identify one.','Completed','QQYA57782163049885'),(67,140,50,6119,'Utilities','2025-01-13','Should focus history.','Failed','RNXT78229982151261'),(68,123,495,5472,'Utilities','2025-01-12','Bit along something.','Failed','YZMG07540615582636'),(69,47,716,4365,'Investment','2025-01-18','Value effort citizen interest.','Failed','WXGL16684904588250'),(70,187,264,2008,'Salary','2025-01-13','Water section ever author energy sometimes.','Completed','RPXK61329953609218'),(71,113,241,5867,'Salary','2025-01-19','Newspaper someone why common conference white.','Failed','NIIX42120137414012'),(72,182,530,3531,'Utilities','2025-01-03','Machine sense ok lawyer.','Completed','DLES40518840773932'),(73,19,168,2514,'Salary','2025-01-04','Energy democratic cold may scene single ahead.','Pending','RJYM04882116671947'),(74,29,227,3316,'Investment','2025-01-10','Authority class manage everyone.','Completed','KDWH00448530561767'),(75,45,937,2457,'Shopping','2025-01-25','Although their inside go machine current place.','Pending','JCMT34032916650058'),(76,91,110,7659,'Shopping','2025-01-20','Brother go size military inside play.','Completed','NJBI37986596484853'),(77,108,290,2604,'Investment','2025-01-08','Model garden gun along so tough.','Completed','QAHW48419151937131'),(78,124,546,2762,'Shopping','2025-01-14','Help nothing know term state reason seem.','Failed','MMWW24583204090763'),(79,76,98,9367,'Utilities','2025-01-10','Hard challenge month face face sea cut paper.','Completed','YOVP66561041114961'),(80,46,405,4431,'Salary','2025-01-09','Fact wall manage second campaign.','Failed','XXJW79257316845967'),(81,199,993,3047,'Utilities','2025-01-08','Nearly cell this message player cell.','Completed','UJOB42057442483891'),(82,134,545,9443,'Shopping','2025-01-01','Turn wait test create. Morning air difficult.','Pending','XWPD22203063193088'),(83,103,775,6130,'Investment','2025-01-10','Piece administration detail.','Pending','JGWV61190927076914'),(84,114,164,2236,'Utilities','2025-01-07','Sea culture boy surface Democrat.','Pending','ABRB07702142214354'),(85,66,287,262,'Shopping','2025-01-20','Hospital family hair page international.','Failed','JIVK38797805787111'),(86,181,220,2880,'Shopping','2025-01-22','Case measure firm pick national station way.','Pending','ETVC25311432463129'),(87,66,530,1772,'Investment','2025-01-24','Hard agreement author.','Completed','JIVK38797805787111'),(88,35,39,100,'Utilities','2025-01-11','Cost project hand yet ever thing.','Completed','VCQJ65698981689008'),(89,13,566,1328,'Salary','2025-01-20','Sit decide special would others let between.','Completed','BSKB74120590025187'),(90,88,955,3746,'Investment','2025-01-09','Walk among speech center this ahead later.','Completed','EELD05726099495868'),(91,35,348,8556,'Utilities','2025-01-23','Reduce firm begin summer.','Pending','WVWM96814268185062'),(92,37,360,2295,'Utilities','2025-01-02','Over scene total five.','Pending','PKOZ50016046616134'),(93,3,966,6711,'Salary','2025-01-11','Seek modern trip fear tough.','Failed','HAXT22334230921092'),(94,71,362,297,'Utilities','2025-01-07','Time before of watch nothing.','Failed','LNOO72602456563103'),(95,66,330,1387,'Shopping','2025-01-19','Interest affect top floor worry.','Pending','JIVK38797805787111'),(96,136,99,9866,'Utilities','2025-01-11','Both forget true theory.','Completed','EOPC65907227036717'),(97,74,935,9121,'Investment','2025-01-20','Reduce follow hope above.','Failed','XKQJ87734490917561'),(98,188,817,4867,'Investment','2025-01-09','Generation compare laugh cup three.','Completed','EUWL73149870905279'),(99,33,934,7034,'Shopping','2025-01-13','Eat anything be health follow material wind.','Completed','UEPX33785530865624'),(100,147,907,3267,'Shopping','2025-01-25','Government during bill. Truth image main easy.','Completed','FPSD49209605176231'),(101,183,151,1514,'Utilities','2025-01-21','Under arrive cause authority discussion.','Failed','CIHD30554661998991'),(102,147,401,1241,'Investment','2025-01-07','Their mouth mention hair player.','Failed','JVIL11550682662641'),(103,13,84,5533,'Salary','2025-01-24','Two sport have several.','Completed','GQGW19412506530906'),(104,174,546,5394,'Shopping','2025-01-21','Wear road including chance popular way.','Completed','ARBP64828864392194'),(105,141,980,3548,'Investment','2025-01-21','Red we it world when. Local business well thus.','Completed','ZJJY25061418295564'),(106,147,189,8600,'Utilities','2025-01-07','Newspaper bill have statement loss send.','Failed','FPSD49209605176231'),(107,53,463,2383,'Salary','2025-01-07','Itself term best.','Pending','YQDV23485642384521'),(108,34,94,6201,'Shopping','2025-01-09','Almost would rule money.','Failed','ZHHX96113454085855'),(109,138,939,1213,'Investment','2025-01-08','Current such social rise anything.','Failed','XDOZ41532233945302'),(110,9,875,834,'Salary','2025-01-17','Reality yet different.','Pending','ZGHH93899381021136'),(111,57,216,6457,'Investment','2025-01-04','Card enough apply Congress down anything.','Completed','AWLK14443376016116'),(112,177,623,8012,'Shopping','2025-01-03','Coach pass election language.','Completed','LRFP49361113906760'),(113,52,207,7053,'Shopping','2025-01-09','Newspaper whatever store.','Completed','KQAF34938671185773'),(114,54,814,8127,'Salary','2025-01-05','Join political fall step.','Pending','XNVV62050510730023'),(115,154,950,1308,'Shopping','2025-01-05','Create reflect make. Bar guy across receive.','Completed','VSMH36909053538841'),(116,91,814,5170,'Utilities','2025-01-10','Leader seem do great do. Fact black idea one.','Pending','WMCG66364427469799'),(117,34,966,8229,'Shopping','2025-01-24','Whose anyone enjoy bag wait always.','Pending','BHRV85053816362008'),(118,137,123,8162,'Utilities','2025-01-14','Contain great understand see two.','Failed','UZQN99807183470711'),(119,3,965,6283,'Utilities','2025-01-11','Old wide story leg create the really.','Pending','ARGN11097086069087'),(120,190,498,6240,'Salary','2025-01-15','Assume term general share.','Completed','KUXZ09388165554945'),(121,162,928,4878,'Utilities','2025-01-15','Provide herself arm all girl sort interesting.','Failed','JVYY40305277936004'),(122,109,293,2116,'Investment','2025-01-18','Total throughout operation wide remain we wind.','Completed','MJQQ25181166012793'),(123,82,630,9250,'Salary','2025-01-10','College school arm professor painting low.','Failed','PRNH70111168906766'),(124,178,38,6696,'Investment','2025-01-18','State pull assume section.','Pending','YLSQ54349561552085'),(125,58,412,8931,'Salary','2025-01-04','People happy apply character.','Failed','ZYTA91712207895547'),(126,105,124,328,'Investment','2025-01-09','Change anything you concern time dream level.','Completed','ATMU99800093585350'),(127,166,726,6874,'Salary','2025-01-09','Forget father southern station action film.','Completed','APRJ42726909337206'),(128,163,607,5158,'Investment','2025-01-15','Free house stock card environmental group.','Failed','CXFP43722077476811'),(129,65,898,5228,'Shopping','2025-01-24','No section wall half picture attack place.','Pending','PYCE41196510489052'),(130,170,624,2338,'Utilities','2025-01-22','Worry interesting water.','Pending','LYKY68168658015464'),(131,120,559,6579,'Investment','2025-01-02','With statement deep care. Perhaps stay control.','Failed','QVHG95987333823761'),(132,176,764,2141,'Salary','2025-01-16','Skin high rate office pick food strong through.','Completed','VZXT70842837947997'),(133,31,747,5415,'Salary','2025-01-14','But dream company loss.','Failed','LPAE64408929768087'),(134,44,654,1571,'Salary','2025-01-08','World condition should although.','Completed','XEQC30176446240139'),(135,94,798,711,'Salary','2025-01-08','Nothing science lead federal six.','Failed','PZGT88312609433952'),(136,89,732,2352,'Investment','2025-01-05','Final hundred night miss executive individual.','Pending','ABXL45720195643623'),(137,200,532,3672,'Investment','2025-01-15','Industry word current four center.','Failed','HEAU27292211762530'),(138,33,140,7259,'Shopping','2025-01-14','Civil another floor edge quickly respond make.','Completed','UEPX33785530865624'),(139,137,699,2122,'Shopping','2025-01-07','Interesting wife four letter.','Failed','UZQN99807183470711'),(140,156,842,5489,'Utilities','2025-01-25','It gun agency small sort south activity.','Completed','DEDQ48320974774997'),(141,69,838,2281,'Salary','2025-01-25','Minute cover during successful our another same.','Failed','EJOY92441065684597'),(142,184,370,5268,'Shopping','2025-01-04','They share happen war score.','Failed','LCTC26764551506690'),(143,39,641,5980,'Shopping','2025-01-24','Identify red center dinner our yet unit degree.','Failed','PHBU28514963930311'),(144,10,321,5971,'Shopping','2025-01-17','From color wife group executive will trade.','Pending','BQMM02479529101713'),(145,37,963,9736,'Investment','2025-01-17','Third cause anything may.','Completed','VKPZ84690687853288'),(146,106,313,4784,'Utilities','2025-01-18','Front money more. Argue score question option.','Failed','EMJE36024336554116'),(147,24,154,6497,'Salary','2025-01-16','While song value machine citizen.','Pending','FXCR61486688293798'),(148,174,27,8869,'Salary','2025-01-19','Goal improve similar night choice such.','Failed','ARBP64828864392194'),(149,10,121,3772,'Salary','2025-01-17','Work worker finally available situation value.','Completed','BQMM02479529101713'),(150,67,575,6421,'Salary','2025-01-12','Possible court wide. Then must site.','Completed','PPIY24211659356251'),(151,107,29,8937,'Utilities','2025-01-17','Newspaper green go capital.','Completed','SDRR73952785453817'),(152,93,864,9779,'Investment','2025-01-14','Yeah ready assume take support lawyer.','Pending','ZKRJ89581084338443'),(153,79,469,2381,'Investment','2025-01-23','Hope hundred wait base voice him.','Failed','SLEU36782011852271'),(154,191,383,7888,'Investment','2025-01-18','Its likely her again top fish.','Completed','ATBH23278926778521'),(155,191,781,1861,'Investment','2025-01-22','Because inside still get eight technology.','Pending','ATBH23278926778521'),(156,59,288,7451,'Utilities','2025-01-15','One late true strong effect catch operation.','Failed','MGCW36691801371351'),(157,90,834,8513,'Salary','2025-01-12','Which local draw day per decide.','Failed','WQST59754819806658'),(158,118,573,1454,'Shopping','2025-01-12','Send carry city according effort.','Pending','XVFO26203221337995'),(159,70,314,7669,'Shopping','2025-01-10','True book lawyer end sort religious.','Completed','FYCE85742278146439'),(160,173,932,66,'Shopping','2025-01-17','Street size if. Newspaper foreign not team.','Pending','IQAC88663136112921'),(161,83,253,908,'Investment','2025-01-21','Might everybody why appear.','Pending','HJXO65180607660312'),(162,157,287,6850,'Investment','2025-01-14','Former stock current somebody sign she.','Completed','CXDU67980771979113'),(163,142,40,6860,'Salary','2025-01-22','Language newspaper how often detail drug.','Failed','BCAN78583855546887'),(164,93,932,455,'Shopping','2025-01-02','Nearly or yeah old.','Failed','ZKRJ89581084338443'),(165,97,641,6717,'Investment','2025-01-10','Story skill article subject first.','Pending','EUTF00410871734817'),(166,102,241,813,'Investment','2025-01-10','Media PM general already themselves really.','Pending','MYVD54996725285466'),(167,11,952,3332,'Investment','2025-01-03','Series image no may control later.','Completed','VTPC40277401683638'),(168,68,500,3391,'Investment','2025-01-24','Several economy what way cultural event material.','Completed','OBTX63897099956961'),(169,36,883,8954,'Shopping','2025-01-05','Week trouble understand enter or offer fear we.','Failed','EYYJ57035065316024'),(170,62,326,2177,'Investment','2025-01-17','Himself turn pretty director.','Failed','LLSP90463486540158'),(171,19,694,5406,'Utilities','2025-01-23','Face deep car produce.','Failed','RJYM04882116671947'),(172,155,549,7238,'Investment','2025-01-05','Democratic action anyone choice.','Completed','DVGT74607027834684'),(173,37,32,8626,'Salary','2025-01-13','Assume action fast agent.','Pending','VKPZ84690687853288'),(174,8,511,8506,'Salary','2025-01-17','Power wife piece.','Failed','NQSW90712152191437'),(175,63,224,9788,'Salary','2025-01-03','Significant body individual act might.','Completed','GWFY34402194156671'),(176,70,378,6208,'Utilities','2025-01-17','Pm start last leader ready support product.','Failed','SULR99937435418979'),(177,90,92,5096,'Investment','2025-01-19','Commercial product the rich right look.','Pending','BHFT25059701285029'),(178,168,694,3178,'Utilities','2025-01-01','Field win respond join return dog.','Failed','EGSO34805387408816'),(179,166,887,2234,'Salary','2025-01-12','Free window movement city Mr range view.','Pending','AVCF22505782162285'),(180,127,294,4076,'Salary','2025-01-11','Fire major truth order.','Pending','HYTK87867330217261'),(181,96,596,5850,'Investment','2025-01-21','Office everything cold myself.','Failed','YBUV87386180541196'),(182,77,465,3014,'Utilities','2025-01-18','Total trouble education door.','Completed','DVTA61529664442881'),(183,31,74,8446,'Investment','2025-01-17','Old policy impact rich.','Completed','LPAE64408929768087'),(184,87,204,1866,'Investment','2025-01-22','Sing family those past popular science newspaper.','Pending','UBDX60789217535083'),(185,198,225,4619,'Investment','2025-01-13','Eight recent by administration.','Failed','AIYR08560119539024'),(186,61,490,89,'Investment','2025-01-18','International response speech use respond.','Completed','LCCB18575810978067'),(187,23,969,7040,'Salary','2025-01-22','Actually defense foot identify.','Failed','KLVT08510861743516'),(188,1,1000,4875,'Shopping','2025-01-04','Prevent explain suffer model its assume add.','Completed','IVNA09571280221461'),(189,105,336,6469,'Shopping','2025-01-16','Six maybe lot produce garden.','Completed','FIPZ87805773566738'),(190,195,600,6230,'Shopping','2025-01-10','Speech although hospital.','Pending','PXAI83575424316124'),(191,124,343,7491,'Salary','2025-01-15','Resource official ok action.','Pending','MMWW24583204090763'),(192,161,917,1511,'Salary','2025-01-08','Game east thing. School laugh board boy.','Completed','UCWO70873731121926'),(193,117,882,6753,'Investment','2025-01-10','Card against project.','Failed','IDYC72094776769660'),(194,40,617,6039,'Investment','2025-01-14','Share power assume enjoy save bad as.','Pending','LPJO03349549779906'),(195,8,679,7790,'Utilities','2025-01-17','Mrs political new oil agreement fast in identify.','Failed','XCAM57161847889610'),(196,90,519,9457,'Shopping','2025-01-10','Finally professional score arm pass himself.','Failed','BHFT25059701285029'),(197,10,110,4715,'Salary','2025-01-02','Break sign head rate dark.','Pending','GAIP20905166924912'),(198,125,847,1626,'Utilities','2025-01-13','Fire thing fund evening. Also rate somebody.','Pending','IMKC10726927176905'),(199,103,621,6429,'Shopping','2025-01-15','Road dog every rule while.','Pending','JGWV61190927076914'),(200,73,571,676,'Shopping','2025-01-09','Light score exist peace man later.','Completed','PZDT28682123826777'),(201,50,826,1118,'Salary','2025-01-12','Ok debate your something moment option.','Pending','LMZQ41284183296595'),(202,177,453,3751,'Investment','2025-01-12','Management ago financial bank above.','Completed','ONNU28166389079509'),(203,56,345,9112,'Utilities','2025-01-14','Shoulder home man present star seem score.','Pending','IWXV00699657664601'),(204,132,442,6786,'Utilities','2025-01-15','Which while admit expect tell east sign.','Completed','SOPR57798544429332'),(205,85,393,8520,'Utilities','2025-01-13','Finish production hour red democratic any.','Pending','UOKO29392983181735'),(206,47,383,2824,'Utilities','2025-01-21','Have leader argue indicate style.','Failed','UCZF63792474353758'),(207,134,64,147,'Salary','2025-01-14','How forward run film affect military charge.','Pending','XWPD22203063193088'),(208,90,226,8920,'Utilities','2025-01-21','Though hot travel knowledge maybe dark list.','Failed','BHFT25059701285029'),(209,12,141,8039,'Salary','2025-01-12','Above edge among pattern.','Pending','BXQR22578421041220'),(210,82,495,5027,'Shopping','2025-01-16','Discussion more throw media while.','Failed','SJUU80510613284180'),(211,48,914,7037,'Shopping','2025-01-11','Hotel long hand turn place community.','Failed','VHWC52066514791612'),(212,147,736,9116,'Salary','2025-01-15','Identify cup on good perform write.','Completed','FPSD49209605176231'),(213,149,424,7711,'Salary','2025-01-07','Against second house kitchen space keep drop.','Failed','USYP66013030028005'),(214,96,720,8027,'Shopping','2025-01-21','Computer federal finally remain.','Failed','VNQS49636317787676'),(215,174,842,9294,'Shopping','2025-01-04','Authority let such relate store.','Pending','LYEU28612970379581'),(216,42,211,208,'Salary','2025-01-25','Glass break exactly activity bit more.','Pending','CWTY78998028678915'),(217,36,694,5035,'Salary','2025-01-07','Attention require there fight way state.','Failed','WOYT10309677370858'),(218,13,655,3348,'Investment','2025-01-11','Point offer page church option will east.','Pending','BSKB74120590025187'),(219,47,909,4469,'Investment','2025-01-06','Of I doctor huge high cold late.','Completed','WXGL16684904588250'),(220,106,197,8236,'Utilities','2025-01-07','Almost quite stay show.','Completed','LPSF31479945332112'),(221,157,344,7228,'Investment','2025-01-11','Hear maybe window.','Pending','CXDU67980771979113'),(222,93,743,6976,'Salary','2025-01-12','Lot bring after still smile food.','Completed','UQAL00382937713904'),(223,198,166,2490,'Shopping','2025-01-05','Democrat become bag really.','Completed','URGK04612197269302'),(224,96,956,2698,'Shopping','2025-01-07','Public remain agreement travel management.','Completed','VNQS49636317787676'),(225,85,868,4876,'Utilities','2025-01-06','Factor garden fund fact military relationship.','Completed','UOKO29392983181735'),(226,43,704,5437,'Salary','2025-01-24','Let list stuff. Small stage free.','Pending','EMVG35133677972524'),(227,46,449,3671,'Shopping','2025-01-14','Serious his prove long back technology not.','Completed','ABQI35094193571685'),(228,188,580,6206,'Investment','2025-01-11','Rich happy turn approach history.','Pending','RSLD77822743465755'),(229,142,569,270,'Salary','2025-01-21','End type color alone.','Failed','OMGL05433448781353'),(230,183,339,7122,'Salary','2025-01-08','Pay fine generation only affect or watch fear.','Completed','WMTB20081058738911'),(231,35,195,7007,'Investment','2025-01-02','So performance politics able.','Completed','FYZY01273737623026'),(232,31,556,6829,'Shopping','2025-01-21','Against defense follow process.','Completed','LPAE64408929768087'),(233,39,296,2664,'Shopping','2025-01-02','Audience from campaign kid.','Failed','TNYF06617652796248'),(234,177,865,1433,'Shopping','2025-01-04','Remember throughout let opportunity.','Completed','FIOV15778699380339'),(235,190,656,4077,'Salary','2025-01-05','Pretty question officer interest painting.','Pending','KQIT71208656472567'),(236,34,143,5876,'Salary','2025-01-20','Right current news process.','Completed','ZHHX96113454085855'),(237,14,84,8480,'Salary','2025-01-17','Anything fish raise organization.','Pending','UFGL69230134085202'),(238,125,452,3508,'Salary','2025-01-15','Indicate unit method.','Completed','NEPG96597907976334'),(239,113,448,4601,'Shopping','2025-01-04','Moment care management work western.','Pending','NIIX42120137414012'),(240,53,562,135,'Investment','2025-01-02','Lead by own financial week attorney.','Failed','RHKI07426905323206'),(241,165,119,9861,'Salary','2025-01-21','Board speak deal impact Mrs range year.','Failed','KXIR05936492184189'),(242,125,691,9656,'Salary','2025-01-11','Break to ground or.','Failed','NEPG96597907976334'),(243,80,378,5225,'Salary','2025-01-04','Contain institution once audience.','Completed','XDFX62710814088065'),(244,54,123,9157,'Utilities','2025-01-07','Difference century language black.','Pending','GMCG65890768121090'),(245,142,695,8572,'Shopping','2025-01-10','During series form. Arm grow thousand skin.','Completed','OMGL05433448781353'),(246,97,974,5359,'Investment','2025-01-23','Interview indeed entire.','Failed','QNZO36972310286007'),(247,189,491,3682,'Investment','2025-01-24','Could region way green.','Pending','EEYO00241131181620'),(248,173,580,6403,'Investment','2025-01-01','Bit see line think card too fire.','Completed','QQWF78120993663998'),(249,11,976,2200,'Investment','2025-01-18','Have catch firm any news.','Pending','LNZP24165416356856'),(250,147,971,461,'Shopping','2025-01-10','Attention trip between because.','Completed','JVIL11550682662641'),(251,128,953,3073,'Salary','2025-01-12','Maybe top important standard group.','Completed','DYPC16962723228321'),(252,66,889,8751,'Salary','2025-01-08','Look north realize write country get sea body.','Completed','JIVK38797805787111'),(253,73,218,2470,'Investment','2025-01-22','Few order wonder share then our year.','Pending','FMWP77253714766545'),(254,174,403,2877,'Investment','2025-01-18','Still store arrive laugh possible business.','Pending','LYEU28612970379581'),(255,181,57,9011,'Utilities','2025-01-05','Hard win clearly care. Debate Congress player.','Completed','ETVC25311432463129'),(256,48,749,1576,'Utilities','2025-01-01','Unit best project dog sound particularly air.','Failed','VHWC52066514791612'),(257,173,901,1299,'Investment','2025-01-01','Or recent no young music challenge.','Pending','IQAC88663136112921'),(258,181,43,6563,'Investment','2025-01-19','Follow western treatment happy.','Pending','ETVC25311432463129'),(259,138,416,2307,'Utilities','2025-01-03','Wife whole study process maintain.','Failed','XZQR83486860645365'),(260,99,987,9796,'Utilities','2025-01-13','Break yourself center after look past.','Pending','DDCG36001208578615'),(261,39,807,6392,'Utilities','2025-01-12','Movie capital return financial campaign.','Pending','TNYF06617652796248'),(262,185,133,5476,'Investment','2025-01-05','Security quickly where order toward.','Failed','HVXA20268400661820'),(263,49,966,2818,'Utilities','2025-01-22','Score give word road.','Completed','OWFS86416434373778'),(264,180,886,1510,'Salary','2025-01-04','Positive executive film. Nor star health notice.','Pending','WSGU69683567917469'),(265,92,222,5586,'Shopping','2025-01-24','Several piece later glass.','Failed','KWMI02833088176994'),(266,113,574,7910,'Investment','2025-01-16','See property despite Mrs simply left successful.','Failed','NIIX42120137414012'),(267,45,898,3722,'Salary','2025-01-10','Explain lot court.','Failed','JCMT34032916650058'),(268,197,238,6090,'Salary','2025-01-17','Very anything full spend pretty live.','Completed','GSOM29627185155242'),(269,163,419,4447,'Salary','2025-01-12','Role place she trial color.','Failed','XXLN66863883649063'),(270,100,223,4156,'Salary','2025-01-24','Anything TV green near society.','Completed','HMYG08893403618431'),(271,115,874,9844,'Investment','2025-01-13','Wait team for away organization day cup.','Pending','TYFD45731954250215'),(272,17,645,7456,'Utilities','2025-01-23','Term move strategy third daughter article hold.','Failed','QBJG52726850082177'),(273,13,816,4239,'Utilities','2025-01-20','Catch worry at station wide per.','Completed','GQGW19412506530906'),(274,149,296,7323,'Shopping','2025-01-03','Able opportunity tough just his stuff.','Failed','AHON09571058422149'),(275,20,857,8852,'Investment','2025-01-16','Week raise help seek central report.','Failed','DSBP35375101734534'),(276,93,364,6608,'Shopping','2025-01-08','Yeah seat mean design night.','Pending','ZKRJ89581084338443'),(277,184,293,6601,'Utilities','2025-01-01','Prepare reach cup though voice.','Pending','NVEM68597777057418'),(278,110,448,7857,'Salary','2025-01-21','From country threat grow.','Failed','WJKE29911226080604'),(279,17,84,5729,'Salary','2025-01-20','Author door game send develop save top.','Completed','QZFG11715842114244'),(280,98,158,4754,'Shopping','2025-01-09','Industry program these cause according give fire.','Failed','CWRA33049717966093'),(281,19,488,5774,'Salary','2025-01-17','Help old night game up join five.','Pending','XHRN74546410698595'),(282,107,170,8160,'Salary','2025-01-07','Reveal music already TV spring.','Pending','NEHR08582474565209'),(283,75,186,6086,'Utilities','2025-01-10','Purpose put agency reason lot common.','Failed','LWHJ49642988159296'),(284,179,783,1953,'Salary','2025-01-14','Modern factor each religious.','Completed','GETK30879327839584'),(285,162,542,8201,'Utilities','2025-01-05','Mind public pull green article arm.','Failed','JVYY40305277936004'),(286,87,714,626,'Salary','2025-01-08','Poor source rich bank. Available end physical.','Pending','GEGL09884526540377'),(287,122,59,6314,'Investment','2025-01-04','Mother past attorney more woman same last.','Failed','UYWO12330463709585'),(288,183,432,4356,'Shopping','2025-01-02','Look practice matter song the.','Pending','CIHD30554661998991'),(289,194,78,5207,'Investment','2025-01-02','Strategy ago already week significant discuss.','Completed','KSKG23266460348396'),(290,167,898,2669,'Shopping','2025-01-24','Check better unit front writer also measure.','Failed','PTOE82571079035076'),(291,77,169,8826,'Utilities','2025-01-09','Only carry huge machine black others.','Pending','IEVP83744414114153'),(292,192,152,3095,'Salary','2025-01-23','Bank police head hundred budget stand.','Completed','SLGG77402933992225'),(293,31,490,9935,'Shopping','2025-01-02','Good skill just article north require.','Failed','ADFF66504917403592'),(294,51,894,8599,'Investment','2025-01-15','Sure perform white show air.','Failed','RKHB76986948820999'),(295,148,831,7592,'Utilities','2025-01-16','Sure example choice as music speak author school.','Pending','NODG47805199136995'),(296,7,442,1360,'Utilities','2025-01-16','Work kitchen nice detail recognize care.','Pending','ZCGX93361084160143'),(297,95,408,8103,'Shopping','2025-01-05','Believe point much draw rate land third medical.','Failed','PCBP69322158367809'),(298,19,646,2635,'Shopping','2025-01-20','Prevent cell store interesting religious head.','Pending','RJYM04882116671947'),(299,173,685,1543,'Salary','2025-01-04','Man easy war seek.','Completed','QQWF78120993663998'),(300,109,143,4310,'Shopping','2025-01-17','Indicate at young bag good computer.','Completed','MJQQ25181166012793'),(301,186,60,4344,'Shopping','2025-01-19','Movie their miss among heavy dark president.','Failed','DJRY37327992780578'),(302,115,595,7717,'Salary','2025-01-23','Laugh six table laugh growth federal.','Completed','LCGF76156058627564'),(303,195,772,9094,'Salary','2025-01-11','Prepare at take stage contain.','Completed','TOUJ03059925227571'),(304,115,419,8411,'Salary','2025-01-09','While ten determine natural agent a since.','Failed','LCGF76156058627564'),(305,125,234,2244,'Shopping','2025-01-20','State education those.','Completed','CUUD86924487660372'),(306,106,203,1414,'Salary','2025-01-01','Evening firm apply huge.','Failed','NUMR86794476446692'),(307,121,493,2504,'Salary','2025-01-21','Trip specific listen lose. Put laugh no anything.','Completed','JEHT11098141100225'),(308,80,508,8600,'Salary','2025-01-11','Mean Democrat effort ok.','Pending','UPVD36200197503040'),(309,10,136,6144,'Shopping','2025-01-01','Billion control page.','Completed','BQMM02479529101713'),(310,155,120,2205,'Utilities','2025-01-18','How act home laugh work factor name.','Completed','DUQQ82688042773941'),(311,194,186,9217,'Investment','2025-01-18','Production method anyone analysis voice focus.','Failed','KSKG23266460348396'),(312,187,475,5869,'Investment','2025-01-10','And pay everything do.','Completed','KAGF07161350195310'),(313,52,246,4018,'Investment','2025-01-15','Cultural every war about myself born.','Pending','TDEJ08519146669962'),(314,177,52,2223,'Investment','2025-01-24','Where along idea assume.','Failed','ONNU28166389079509'),(315,197,419,4724,'Shopping','2025-01-14','Blue whose thing age activity.','Failed','IDEY21068158308062'),(316,200,828,5333,'Salary','2025-01-06','Nor policy debate real learn.','Completed','XBBJ03995867215031'),(317,107,850,8152,'Salary','2025-01-18','Increase culture financial perform it woman.','Completed','NEHR08582474565209'),(318,196,622,7041,'Shopping','2025-01-09','Drop me environmental each mention.','Pending','VFLH69779996260361'),(319,10,282,3888,'Utilities','2025-01-16','Player stay either house.','Pending','BQMM02479529101713'),(320,42,885,6535,'Salary','2025-01-16','Table marriage article yet.','Failed','ACKO03910038909204'),(321,28,828,9852,'Shopping','2025-01-01','New standard after this.','Failed','SBOS32742187337078'),(322,15,660,904,'Utilities','2025-01-13','Agent should difference argue buy.','Failed','PXEL27902231208613'),(323,93,380,8160,'Salary','2025-01-15','Method wonder meeting clearly today board moment.','Failed','ZKRJ89581084338443'),(324,177,531,8378,'Utilities','2025-01-17','Hour catch color need imagine street.','Pending','LRFP49361113906760'),(325,190,593,5433,'Shopping','2025-01-06','Reveal front would option agreement recently.','Completed','KQIT71208656472567'),(326,91,53,876,'Salary','2025-01-20','Head serious land will property player network.','Failed','NJBI37986596484853'),(327,182,837,370,'Utilities','2025-01-14','Fear both see close right same walk total.','Failed','DLES40518840773932'),(328,53,339,5690,'Salary','2025-01-21','Experience check model newspaper five bed that.','Failed','HKJT71007020305656'),(329,136,977,3105,'Salary','2025-01-22','Me address challenge north yes.','Pending','XNVM67136169788578'),(330,70,548,2071,'Investment','2025-01-04','People human they system too than pressure.','Completed','SULR99937435418979'),(331,10,663,2826,'Salary','2025-01-21','Star hotel event small strategy.','Completed','BQMM02479529101713'),(332,37,326,5008,'Salary','2025-01-23','Serious simply mean result gun carry eat.','Completed','VKPZ84690687853288'),(333,25,223,3729,'Salary','2025-01-07','Share water them method.','Pending','CAKI41612557211227'),(334,15,940,2584,'Shopping','2025-01-14','Blood between only employee nation fund.','Failed','PXEL27902231208613'),(335,148,179,6593,'Utilities','2025-01-18','Than unit officer less still.','Completed','VARW51100229810496'),(336,141,525,3207,'Investment','2025-01-18','Little as education but enjoy usually actually.','Pending','AJZQ66902865306588'),(337,59,696,9190,'Shopping','2025-01-09','Drug central think yet reflect worry assume.','Pending','GHLK44955723298071'),(338,167,866,9517,'Investment','2025-01-18','Nothing according growth imagine bar condition.','Pending','ONQT61506101428605'),(339,109,23,7892,'Shopping','2025-01-18','Mouth practice service agency star.','Completed','FCRN75711337322020'),(340,182,180,7280,'Utilities','2025-01-02','Like discuss spend college behind provide nor.','Failed','WTPJ66059617090575'),(341,168,816,7001,'Utilities','2025-01-02','Tend once seat list. Whose talk office probably.','Completed','AFXE06711889070152'),(342,104,468,3965,'Shopping','2025-01-11','Near whose partner worry or wait suddenly.','Pending','CDYZ22537979221782'),(343,146,193,3510,'Investment','2025-01-02','Maybe care themselves police behavior.','Pending','ISRZ73736482769880'),(344,129,1000,1000,'Utilities','2025-01-04','Drive well answer law human.','Completed','GOXH25043147919634'),(345,37,640,7249,'Utilities','2025-01-05','Dinner similar reflect traditional.','Failed','PKOZ50016046616134'),(346,28,128,5022,'Salary','2025-01-11','Phone spend dream common break project eye pass.','Failed','DLRT31996899169321'),(347,143,318,4517,'Investment','2025-01-24','Well position first ahead admit my move.','Failed','OASU05433322093938'),(348,133,556,2363,'Investment','2025-01-16','Letter girl million main evening final.','Pending','PQLD65932023428488'),(349,139,225,8790,'Utilities','2025-01-13','Cause dinner enough during.','Failed','ZJGU17296936717186'),(350,57,141,2400,'Investment','2025-01-16','Dog claim recognize side.','Completed','GBPR25206763323723'),(351,132,996,9946,'Utilities','2025-01-23','Remain responsibility book more.','Pending','GUYB26280427860470'),(352,136,177,3755,'Utilities','2025-01-10','Follow including artist behavior.','Failed','XNVM67136169788578'),(353,160,449,6428,'Investment','2025-01-04','Anything ago mind fine about.','Pending','ZZGA37180123735791'),(354,180,422,1022,'Salary','2025-01-24','Each painting reveal sign.','Completed','SWFL96238800894393'),(355,45,675,7072,'Investment','2025-01-11','Check night vote operation.','Failed','JCMT34032916650058'),(356,72,951,5593,'Salary','2025-01-08','Line little friend history I five probably.','Completed','XRYE00489500995084'),(357,49,499,4045,'Investment','2025-01-11','Mention religious state team.','Failed','OWFS86416434373778'),(358,148,488,1322,'Salary','2025-01-22','Both low authority may.','Pending','NODG47805199136995'),(359,190,149,1062,'Shopping','2025-01-13','At concern Democrat article the task.','Completed','KUXZ09388165554945'),(360,5,570,6515,'Shopping','2025-01-14','Physical true foot might.','Completed','ASKR97595053163697'),(361,92,698,5225,'Utilities','2025-01-22','None deal do.','Completed','URQH70665544403136'),(362,174,281,1625,'Investment','2025-01-07','Sometimes quality personal.','Completed','ARBP64828864392194'),(363,82,300,7344,'Utilities','2025-01-13','Simple thought behind rest herself ago camera.','Pending','SJUU80510613284180'),(364,93,144,8527,'Shopping','2025-01-17','Deep region against dream like service.','Completed','FWCU12417671911332'),(365,73,877,7235,'Investment','2025-01-13','Station raise low election together appear none.','Failed','PZDT28682123826777'),(366,23,298,4145,'Utilities','2025-01-24','Culture agreement hold management.','Completed','ZPLD44306906911667'),(367,12,625,5255,'Investment','2025-01-15','Building fly modern and side film address.','Failed','LFJN71159371540616'),(368,152,260,7448,'Utilities','2025-01-21','Control argue soon season base get.','Failed','DXDL03744117186858'),(369,22,543,8120,'Salary','2025-01-12','Parent sometimes TV whole employee purpose among.','Pending','LYYO11156554778411'),(370,182,287,4182,'Investment','2025-01-08','Less art myself whatever growth.','Failed','LOVH20651358005016'),(371,114,965,6565,'Shopping','2025-01-25','Nearly that film any for ground.','Failed','GFCB96802319915910'),(372,186,22,8449,'Shopping','2025-01-20','Health discussion off plan bag arm.','Pending','BYND08832589744452'),(373,36,798,932,'Salary','2025-01-20','Start grow range second growth out.','Pending','EYYJ57035065316024'),(374,181,16,969,'Shopping','2025-01-17','Upon up choice floor should set condition.','Failed','XDMG72825699278503'),(375,122,282,1270,'Shopping','2025-01-04','Support agree official bill there charge.','Pending','ODES60289381957990'),(376,169,707,4360,'Utilities','2025-01-18','Fear school all system.','Completed','TAWY37995219397009'),(377,155,214,6011,'Investment','2025-01-16','Must lead foreign man seek.','Pending','DUQQ82688042773941'),(378,147,358,5354,'Investment','2025-01-14','Owner position fall chance price glass group.','Failed','JVIL11550682662641'),(379,27,498,2159,'Utilities','2025-01-21','Hair strategy pick indeed participant wife.','Completed','VAXV61019713026957'),(380,67,619,6549,'Salary','2025-01-17','Floor call body friend fill culture also kind.','Failed','XWBE70627665961927'),(381,176,290,5332,'Shopping','2025-01-15','Great trade section.','Pending','SSNJ30410620858690'),(382,169,985,5530,'Salary','2025-01-13','Close eat student detail knowledge campaign.','Pending','UXRQ54272734177594'),(383,124,398,9486,'Investment','2025-01-23','Could owner film concern cost message.','Pending','YYTB68799800863132'),(384,120,513,6174,'Salary','2025-01-03','Image decade manage nice have physical he.','Failed','GRJV50545072155179'),(385,138,565,3920,'Utilities','2025-01-06','Play senior six scene poor church.','Pending','XDOZ41532233945302'),(386,82,301,4201,'Shopping','2025-01-06','Fill moment within along.','Pending','SJUU80510613284180'),(387,154,611,7737,'Salary','2025-01-02','Step door site finally crime.','Failed','USGY22009611170139'),(388,68,50,2140,'Investment','2025-01-09','View amount relationship nearly.','Completed','RZOV78460173694591'),(389,74,752,5433,'Salary','2025-01-25','Peace relationship page member accept couple.','Pending','VWVS51022184805910'),(390,126,564,6876,'Shopping','2025-01-23','Population respond then election ball.','Completed','PVPY57320995064600'),(391,67,25,8443,'Salary','2025-01-20','Need expert them toward operation data wife push.','Completed','EOBD74630414290515'),(392,74,91,2619,'Investment','2025-01-19','Thing soldier unit radio lose worker bad.','Failed','XKQJ87734490917561'),(393,24,310,6429,'Shopping','2025-01-24','Available when perhaps any.','Completed','EPRS42966373591478'),(394,25,758,764,'Salary','2025-01-05','Behavior institution forward.','Pending','OZWV55851289384824'),(395,164,483,9821,'Salary','2025-01-02','Focus institution else also agree however should.','Completed','GKOM23940901216390'),(396,15,110,6372,'Investment','2025-01-06','Indeed TV because high smile table success.','Pending','FNYU06052316546865'),(397,37,447,9043,'Utilities','2025-01-02','Nice star factor.','Pending','VKPZ84690687853288'),(398,199,455,6985,'Shopping','2025-01-07','Computer moment condition you.','Completed','UJOB42057442483891'),(399,132,255,8845,'Shopping','2025-01-09','Guy message same voice see.','Failed','GUYB26280427860470'),(400,34,609,5443,'Shopping','2025-01-01','Society key deal. Congress care across remember.','Failed','JGCX85509222667266');
/*!40000 ALTER TABLE `transaction` ENABLE KEYS */;
UNLOCK TABLES;

--
-- Table structure for table `transaction_seq`
--

DROP TABLE IF EXISTS `transaction_seq`;
/*!40101 SET @saved_cs_client     = @@character_set_client */;
/*!40101 SET character_set_client = utf8 */;
CREATE TABLE `transaction_seq` (
  `next_val` bigint DEFAULT NULL
) ENGINE=InnoDB DEFAULT CHARSET=utf8mb4 COLLATE=utf8mb4_0900_ai_ci;
/*!40101 SET character_set_client = @saved_cs_client */;

--
-- Dumping data for table `transaction_seq`
--

LOCK TABLES `transaction_seq` WRITE;
/*!40000 ALTER TABLE `transaction_seq` DISABLE KEYS */;
INSERT INTO `transaction_seq` VALUES (401);
/*!40000 ALTER TABLE `transaction_seq` ENABLE KEYS */;
UNLOCK TABLES;

--
-- Table structure for table `user_auth`
--

DROP TABLE IF EXISTS `user_auth`;
/*!40101 SET @saved_cs_client     = @@character_set_client */;
/*!40101 SET character_set_client = utf8 */;
CREATE TABLE `user_auth` (
  `user_id` varchar(255) NOT NULL,
  `customer_id` int DEFAULT NULL,
  `password` varchar(255) DEFAULT NULL,
  PRIMARY KEY (`user_id`),
  KEY `customer_id` (`customer_id`),
  CONSTRAINT `user_auth_ibfk_1` FOREIGN KEY (`customer_id`) REFERENCES `customer` (`customer_id`)
) ENGINE=InnoDB DEFAULT CHARSET=utf8mb4 COLLATE=utf8mb4_0900_ai_ci;
/*!40101 SET character_set_client = @saved_cs_client */;

--
-- Dumping data for table `user_auth`
--

LOCK TABLES `user_auth` WRITE;
/*!40000 ALTER TABLE `user_auth` DISABLE KEYS */;
INSERT INTO `user_auth` VALUES ('aelliott',30,'Tlr8E2F@)6'),('afuller',129,'+0jMJ+d244'),('aharrison',89,'f8QOE(Y6$K'),('ahart',69,'gu7G73AHx!'),('aho',72,'9q5iZJLq^J'),('ajackson',29,'$el8RKMsME'),('ajackson1',93,'#zJ$5eYt2h'),('alee',52,'c63MNjn5(8'),('amcpherson',199,'Zep*3YSp*^'),('amurray',85,'@1!DvNovMz'),('anash',64,'Oa70BnD2O$'),('anelson',17,'&vP+A!2sf4'),('apratt',7,'%SmZVVn$x5'),('arichardson',75,'02ewoCSv#U'),('aroach',171,'HK6Nw3lMH('),('asmith',15,')!xv&0ZiWS'),('athomas',27,'@g4RNEbnG^'),('awilliams',165,'_8OhLo9n20'),('awillis',45,'@i6vmHUmCU'),('awilson',147,'*F*RQVt35R'),('bjones',33,'axp62Upd_!'),('borozco',74,'$ypI2XKp(U'),('brogers',157,'wA8jISl%z!'),('bwalter',137,'n466lGeU9*'),('bwilliams',18,')cXld*qD9J'),('bwillis',63,'dnHe20%K%6'),('bwong',148,'9%K)U^l6&4'),('byoung',134,'&8Y+Zt^feN'),('cboyer',180,'N&3$xSf)s_'),('ccox',49,'pRa6WT7d(k'),('cferguson',12,'5V6Ph#0h*I'),('cfitzpatrick',9,'Q@A0*Y_n@L'),('cgarcia',14,'qi0Jvhc1+4'),('cgilbert',120,'$3HQ2$gZrR'),('charris',124,'9)CmG7Lk^4'),('clopez',115,'(_0L1vuY!w'),('clopez1',168,'+*0CsAWt^i'),('cmiller',8,'+^RV6)WrcE'),('cmooney',78,'K(Q4dEm3%q'),('cparker',60,'tKdh2AHb%P'),('cpatel',56,'j8NiQsCs_7'),('ctaylor',35,'$GE45xRjZ@'),('cwebb',28,'%P2TEJIrP*'),('dalvarez',160,'&rL*X^+c+6'),('dbrowning',94,'0T@2SRqx(y'),('dfitzgerald',88,'+k8aoZhm^b'),('dfletcher',113,'%jMR#Dr4K0'),('dgarcia',154,'Pf(6%oVe!q'),('dhill',41,'rm7QNpbo0#'),('djackson',150,'&xW8OH#D6c'),('djackson1',182,'DmE5ArY%#9'),('djensen',80,'f6gI1Z3B&i'),('dking',48,'iLH(i3Cj)&'),('dmoore',164,'%@KNS7VKGc'),('dmunoz',200,'!@rh2Zn3gB'),('drobbins',174,'#34Pb^umsE'),('dsmith',61,'lcx7VuzBR!'),('dvillanueva',140,'GDh^1cRu+^'),('ebenson',55,'_d+mL5dtq9'),('eberg',158,'x(&6LcoCDh'),('ebuchanan',186,'*wRWMqJs77'),('ecortez',130,'xmQ$gB2r*2'),('emccormick',116,'_G$!Uiegx1'),('eriley',2,'Dn47M6zHs_'),('erios',102,'zH61sRos^S'),('fbrennan',23,'^vV1IG(e27'),('fgreen',66,'57t^Gvmy!U'),('grichardson',1,'7W6@B8ev@y'),('grivera',24,'b%*6THw%(@'),('gshaw',50,'o$d2EKk+eU'),('hpalmer',79,'#D6Kx#(C)%'),('imorales',195,'JLM3zaUp4^'),('jbarrett',111,'cp1iWI_hZ%'),('jevans',42,'x6WT3fy()0'),('jfleming',167,'7E#9XPouh+'),('jfrancis',34,'#P4cuLg4!6'),('jfrey',146,')7GZW0rs%2'),('jglover',77,'0t$GGLli_*'),('jgonzalez',122,'8e3Jwyji_v'),('jhahn',159,'^vxOYDY6*6'),('jhiggins',179,'ID2pHu#y(0'),('jhopkins',173,'K(3uNtUa)f'),('jhull',119,'^9+*I#Jc_O'),('jjohnson',10,'$+7ex0BsNr'),('jlindsey',73,'Tw8N)@qI!E'),('jmarquez',39,')f8MUr+jtl'),('jmayer',101,'Dok6GwGd#t'),('jmiller',96,'^crsu%RVK3'),('jmorrow',54,'1vb_2Bqp5E'),('jnelson',13,'o7rA$HrF+k'),('jrichards',118,'mo$q(L2j+7'),('jrodriguez',92,'r!%0mTBkkL'),('jsaunders',117,'Vf1Dmp0FB@'),('jthomas',82,'#8jGH4h_2s'),('jthompson',90,'(*e0Qev95%'),('jweeks',136,'%3XvmP#s*y'),('kanderson',11,'^6jSYw@^Eh'),('kbaldwin',133,'!wL*y8QM04'),('kbright',166,'*7UCX@mA6K'),('kbrown',4,'N!#n0cfiQX'),('kdavis',59,')o4TXwEgp!'),('kdurham',155,'$U2AlMe7E3'),('kesparza',67,'G6Atd5dc$9'),('kfloyd',163,'d$3lSD9p_6'),('khall',95,'b+7rPz9f2_'),('khayes',99,'^4RVPEIHMs'),('khoward',62,'r@6XAcPI^x'),('kjohnson',91,'_9fg(qRxg2'),('kmurphy',81,'!B3EsHjWa5'),('krandall',68,'Sb^+3RN5*_'),('ksanchez',121,'E@9lQjaL+_'),('kshort',31,'*LK4I2tM!5'),('ktorres',86,'U_2VcPPris'),('kwagner',38,'8_94Vw3@Ur'),('kwhitaker',135,'Kec6)uRc&0'),('kwilson',189,'@2iWn2Z%qK'),('kwright',51,'A_c1GHCoV0'),('landerson',185,'^3ZGjXsq%k'),('lbates',22,'NQ32$MYu@6'),('lcarr',149,'m(z6VlTc45'),('ljohnson',37,'&hKDWav#G3'),('lmcknight',107,'%qYeC7*P7r'),('lmelendez',152,'&xhkOL49u4'),('lmooney',3,'VaW9HSOkd*'),('lsmith',6,'p@Wz9OmIL@'),('ltorres',188,'*iqK^qNO0I'),('lweaver',76,'^^4e%sJkcn'),('mallen',142,'C^8C3kbXKt'),('manderson',153,'(5rBUbLv74'),('mbarr',175,'#0q#^K_Diu'),('mboyle',192,'Sz0GPZcdB&'),('mcarr',144,'+8dEi6wD0O'),('mdavis',187,'@7!h4Qf&K3'),('mdouglas',46,'$1#Lnd&*(D'),('mgutierrez',70,'J5Ff%tM!&d'),('mhanson',108,'@b5Z^GIdZ4'),('mharris',126,'!auvdDBbM4'),('mhood',145,'$0SS1jt7Dj'),('mjenkins',21,'Uxi&5JbsrE'),('mking',103,'G%#2XC(lYF'),('mlambert',25,'Q^Pc+mjc@9'),('mmartin',128,'0*_6GZtj05'),('mmiller',132,'Kb9U$L)hi$'),('mmyers',105,'S_*8rGiH8%'),('msosa',143,'e@5NUNfagp'),('mthompson',172,'fkb0TVZ8%@'),('munderwood',58,'&XJIULf(m8'),('mwade',181,'&8uhNHiD)r'),('mwarren',87,'03&8AWshRA'),('nandrews',127,'w5QQ3rmb!5'),('nbrown',198,'E$5BvqMIAo'),('nhenry',97,'s*34k0Rd)6'),('nle',139,'!+Y542l(mQ'),('nnunez',20,'!E5P^Z6h_0'),('pgallagher',141,'1CEOz2DO$N'),('pklein',190,'H$3(FMw+($'),('rallen',53,'(4SFYG$+r6'),('rfoster',138,'(^m2(GlhhO'),('rgarcia',125,'u&K3ZyEyR+'),('rgarcia1',177,'($6vjJmaVA'),('rgardner',47,'aY9tVp%M^7'),('rgarrett',170,'!LC8F@cxr6'),('rhenderson',184,'Nes04I4o!$'),('rholmes',176,'+1mC@vAYx!'),('rjohnson',26,'q(m8Ze90fP'),('rlucas',106,'s$3QG1ezc+'),('rmorgan',109,'@EU*tBM(v4'),('rperez',191,'_189M0vf)3'),('rsheppard',110,'461i@RvH!r'),('rwilkins',123,'s#3xLjlH)W'),('sbowman',83,'x76HcsBs#0'),('sdavid',161,'@!1WwsveGg'),('sford',16,'A3B)NLqw*q'),('sgarcia',104,'VO79Q21g!q'),('sleonard',197,'I1Urr(mp@D'),('smelendez',100,'!fU6r!Gf!5'),('smiller',183,'H*#8PEBhoc'),('spark',36,'B42a)&Lw^9'),('sphillips',5,')213Cls)yi'),('ssnyder',193,'+c1)TmLhz_'),('tbradley',169,'Tz@9XLwqb*'),('tbryant',65,'&8CWztQeS4'),('tbryant1',196,'g7)HBzbM%m'),('tglass',32,'cx77GPofy_'),('tmcgee',194,'@H2ETC&cFU'),('treed',151,'Oe06QDXuZ@'),('trichardson',57,'s06W7BWg%2'),('tsteele',131,'N7umnUsn+u'),('twheeler',156,'3w7kMOdk^^'),('vjones',44,'7vPSlCo%%J'),('vjones1',98,'##Z9sEFvqV'),('vmoore',40,'@pwMNM4ls4'),('wfernandez',84,'4IJvUF69#m'),('wgarcia',162,'I)6QSbZMVd'),('whiggins',43,'^2SGpArrEE'),('wnichols',71,'C3$j@5Rpq&'),('wpacheco',114,'OX7VOs(OL#'),('wsmith',178,'pm1E2fHPR)'),('ydurham',19,'2XLZHby9+6'),('ywiley',112,'W5NKFBa1@B');
/*!40000 ALTER TABLE `user_auth` ENABLE KEYS */;
UNLOCK TABLES;
/*!40103 SET TIME_ZONE=@OLD_TIME_ZONE */;

/*!40101 SET SQL_MODE=@OLD_SQL_MODE */;
/*!40014 SET FOREIGN_KEY_CHECKS=@OLD_FOREIGN_KEY_CHECKS */;
/*!40014 SET UNIQUE_CHECKS=@OLD_UNIQUE_CHECKS */;
/*!40101 SET CHARACTER_SET_CLIENT=@OLD_CHARACTER_SET_CLIENT */;
/*!40101 SET CHARACTER_SET_RESULTS=@OLD_CHARACTER_SET_RESULTS */;
/*!40101 SET COLLATION_CONNECTION=@OLD_COLLATION_CONNECTION */;
/*!40111 SET SQL_NOTES=@OLD_SQL_NOTES */;

-- Dump completed on 2025-01-26 17:15:59
