-- MySQL dump 10.13  Distrib 5.7.24, for osx11.1 (x86_64)
--
-- Host: localhost    Database: banking_db
-- ------------------------------------------------------
-- Server version	9.1.0

/*!40101 SET @OLD_CHARACTER_SET_CLIENT=@@CHARACTER_SET_CLIENT */;
/*!40101 SET @OLD_CHARACTER_SET_RESULTS=@@CHARACTER_SET_RESULTS */;
/*!40101 SET @OLD_COLLATION_CONNECTION=@@COLLATION_CONNECTION */;
/*!40101 SET NAMES utf8 */;
/*!40103 SET @OLD_TIME_ZONE=@@TIME_ZONE */;
/*!40103 SET TIME_ZONE='+00:00' */;
/*!40014 SET @OLD_UNIQUE_CHECKS=@@UNIQUE_CHECKS, UNIQUE_CHECKS=0 */;
/*!40014 SET @OLD_FOREIGN_KEY_CHECKS=@@FOREIGN_KEY_CHECKS, FOREIGN_KEY_CHECKS=0 */;
/*!40101 SET @OLD_SQL_MODE=@@SQL_MODE, SQL_MODE='NO_AUTO_VALUE_ON_ZERO' */;
/*!40111 SET @OLD_SQL_NOTES=@@SQL_NOTES, SQL_NOTES=0 */;

--
-- Table structure for table `Accounts`
--

DROP TABLE IF EXISTS `Accounts`;
/*!40101 SET @saved_cs_client     = @@character_set_client */;
/*!40101 SET character_set_client = utf8 */;
CREATE TABLE `Accounts` (
  `account_number` varchar(50) NOT NULL,
  `account_type` varchar(50) DEFAULT NULL,
  `routing_number` varchar(50) DEFAULT NULL,
  `customer_id` int DEFAULT NULL,
  `branch_id` int DEFAULT NULL,
  `balance` decimal(15,2) DEFAULT NULL,
  `created_date` date DEFAULT NULL,
  `international_swift_code` varchar(15) DEFAULT NULL,
  `over_draft` tinyint(1) DEFAULT NULL,
  `low_bal` tinyint(1) DEFAULT NULL,
  PRIMARY KEY (`account_number`),
  KEY `branch_id` (`branch_id`),
  KEY `customer_id` (`customer_id`),
  CONSTRAINT `accounts_ibfk_1` FOREIGN KEY (`branch_id`) REFERENCES `Branches` (`branch_id`),
  CONSTRAINT `accounts_ibfk_2` FOREIGN KEY (`customer_id`) REFERENCES `Customers` (`customer_id`)
) ENGINE=InnoDB DEFAULT CHARSET=utf8mb4 COLLATE=utf8mb4_0900_ai_ci;
/*!40101 SET character_set_client = @saved_cs_client */;

--
-- Dumping data for table `Accounts`
--

LOCK TABLES `Accounts` WRITE;
/*!40000 ALTER TABLE `Accounts` DISABLE KEYS */;
INSERT INTO `Accounts` VALUES ('AALY67200912499448','Checking','116758440',8,1,7363.61,'2022-02-18','JDCZGBZC4SS',1,1),('AEAT44286429937277','Reserve','054493579',153,4,5745.40,'2023-02-08','FJZEGBV3',1,0),('AEQF36669175049324','Checking','101592705',96,4,8148.83,'2025-01-05','MKPVGB0ARN2',1,1),('AHBS19935104016768','Reserve','041945991',44,5,1595.46,'2021-07-21','YIRTGB3R1YA',1,0),('AHNH71579842588084','Checking','119057371',112,8,3569.69,'2022-06-24','WVZEGBKO',1,0),('AIBQ02759237818494','Growth','071738615',128,6,4424.10,'2022-03-13','HGPWGBSEF3V',0,1),('ALWQ34338665414569','Growth','116409100',138,1,8272.39,'2024-04-16','AZFOGB2S',1,0),('ARVH07945300507443','Checking','066411840',23,7,7923.77,'2024-12-30','CUOTGBUEZIT',1,0),('AVOE25530888648117','Checking','103950426',113,8,1594.58,'2020-06-10','OVVBGBFI',1,0),('AXTP22419325379828','Reserve','021129232',16,2,1233.82,'2020-05-03','TUSWGB4LJC2',1,0),('AZPS07034230714591','Growth','068269265',113,8,4315.73,'2020-06-10','OVVBGBFI',1,0),('BBBN89773767236740','Reserve','055422277',43,5,9741.55,'2024-10-08','LRZPGBUI',1,1),('BIHQ97671537946716','Growth','079585666',165,10,2124.77,'2021-11-29','HZWKGBNP',0,1),('BJQX96590297768143','Growth','023015577',25,5,6726.30,'2022-11-20','JADQGBQZ',0,0),('BKLI11173622744212','Checking','116147543',109,8,8146.02,'2020-09-14','UDORGBWYKYZ',1,0),('BQRA50990872995501','Reserve','011196453',156,6,789.20,'2021-12-19','VQAKGBXF',0,1),('BTXX53127080472022','Growth','063672404',34,8,8461.57,'2022-12-30','HMBGGB80',0,1),('BVAI93858434590680','Reserve','024101244',192,6,7452.47,'2022-12-12','SDDYGB12TD4',1,0),('BXZH94950508394137','Checking','047295904',75,1,4912.73,'2024-04-23','ZLPZGBS6JM4',1,1),('BYTS02757671912010','Reserve','102850763',32,7,7767.48,'2021-09-08','EIWGGBMOQL5',1,0),('BZNG12733636914485','Growth','093906690',40,2,6580.53,'2022-03-14','QSOMGBT8SLQ',0,1),('CCKR35083239386206','Growth','094413328',90,10,1551.12,'2023-10-19','IFBJGBEW',1,1),('CDTC79783788639922','Growth','051957199',8,1,222.47,'2022-02-18','JDCZGBZC4SS',1,0),('CESK80756214771062','Reserve','072982774',174,4,6139.94,'2021-05-22','BBCYGBRR2D6',0,1),('CETI34805201836921','Growth','064264455',80,5,7228.29,'2022-03-29','RAVVGBLP2G6',0,0),('CEXL31643144220221','Reserve','090808885',29,2,9135.69,'2020-10-06','JEOKGBQ37GB',1,0),('CHOY04483997592938','Growth','049171563',90,10,1843.78,'2020-12-19','TGXSGBDW91A',1,0),('CHOY73015424855959','Checking','031551340',104,7,8604.63,'2020-05-28','IBODGB9XNJX',1,1),('CIHB81681630822289','Growth','047600230',20,4,5398.00,'2024-02-25','WIXYGB8D',1,1),('CJXS64718623120863','Growth','059570361',128,2,8213.91,'2020-12-09','JKWEGBXD',1,0),('CLHO11022208291101','Growth','128095939',27,10,8646.42,'2023-01-07','SYNQGBQX',0,1),('CTJV49048259014444','Reserve','082191746',8,3,4512.54,'2021-10-14','KUOGGBFX',0,1),('CUKV09664810464901','Checking','101100168',193,10,9040.57,'2021-02-20','WSERGBY5',1,0),('CUWS97629700359087','Growth','104845242',153,4,4486.45,'2023-02-08','FJZEGBV3',1,0),('CVPE38199348715596','Checking','035492272',153,4,8226.07,'2023-02-08','FJZEGBV3',0,0),('CWCL37090666045150','Reserve','098921971',144,7,9432.17,'2022-04-10','DGSIGBPNCB2',0,1),('CWLN82998831572308','Checking','038292136',174,10,1043.64,'2020-01-05','XOPBGBCP36R',1,0),('CYAR35546735461355','Checking','024692245',25,6,6867.32,'2021-06-16','TCQGGB5A',1,0),('CZDH51556907856195','Checking','091262307',108,7,8756.82,'2023-05-27','MEWGGB7T5RA',1,1),('DADJ66103959317930','Checking','028386816',41,9,6320.11,'2020-07-10','DCAMGBPB',0,0),('DEFH40460615515112','Growth','122732421',172,9,7817.90,'2021-09-13','TUWCGBLE7BO',0,0),('DFDS37084679292039','Checking','106418457',165,10,3718.17,'2021-11-29','HZWKGBNP',0,0),('DHUS38621933098977','Growth','085160114',153,1,5993.74,'2022-10-20','ENAPGBGW',0,0),('DILX72139778276973','Checking','072853382',179,6,261.36,'2020-08-08','UKSWGBOWELV',1,1),('DKMV10976485503435','Growth','115709649',128,4,3096.71,'2021-06-03','WJUIGBN0',0,0),('DMYX68965209310348','Checking','059427692',49,6,8813.02,'2020-05-24','EZNLGBHL',0,1),('DPMD43530896053917','Checking','020358839',105,2,5262.62,'2024-10-09','KJOIGB7I',0,0),('DPVN68543325795548','Reserve','115435845',100,8,4009.24,'2023-11-28','GDPAGBLK',1,1),('DPXE72858416639250','Reserve','027310566',73,5,2170.81,'2022-06-14','FDCIGBXKU6S',0,1),('DRUS94771280102260','Growth','022573793',190,2,8480.81,'2021-09-27','WHGGGBVGAMN',1,0),('DVEU34801642224984','Growth','078122758',193,10,9714.47,'2021-02-20','WSERGBY5',1,0),('DYOP11213865135661','Checking','052508644',190,2,9672.53,'2021-09-27','WHGGGBVGAMN',0,1),('DZJL70431361453891','Checking','010332700',90,10,2804.16,'2020-12-19','TGXSGBDW91A',1,0),('DZMK25952665981302','Checking','070361591',111,5,7235.88,'2022-07-17','CCRFGBPE',0,1),('ECIG77303897872491','Growth','085476264',161,10,7704.26,'2020-01-02','NUQOGB55',1,0),('EEGR41032810112404','Checking','012118896',128,2,3784.56,'2020-12-09','JKWEGBXD',1,1),('EENU98720152795066','Checking','106158047',27,10,3849.18,'2023-01-07','SYNQGBQX',0,1),('EKWK68711276797328','Growth','067940682',104,7,9786.80,'2020-05-28','IBODGB9XNJX',0,0),('ELPE66779775288005','Growth','018964390',2,9,6259.94,'2024-05-05','SDCQGBBIYBX',0,1),('ENMH69974755639287','Reserve','019974363',111,5,6906.31,'2022-07-17','CCRFGBPE',1,0),('EPXS06706750396960','Reserve','121656896',152,4,2134.95,'2021-02-08','GGWHGB5D',1,1),('EQWT42740248437723','Checking','033686035',143,7,1265.17,'2021-06-12','AMLXGBW3',1,1),('EVCS59617598810403','Reserve','091471619',193,4,7196.02,'2023-02-15','LBNKGBOQ4LS',1,1),('FBEO67484195915965','Checking','114891396',163,10,1808.38,'2020-10-07','RBXLGB28',0,1),('FEKJ27866711846672','Growth','056520372',174,10,3433.17,'2020-06-26','CTCNGBC2',1,0),('FFXQ33566190148825','Reserve','112430296',165,10,1653.18,'2021-11-29','HZWKGBNP',0,0),('FJRU26053475596896','Checking','105914350',64,2,3445.98,'2021-03-29','PVMBGBZK',0,1),('FOGA36223620976764','Reserve','014345405',54,10,507.39,'2021-06-24','YIDIGBDS2C1',1,1),('FPMZ86240362719780','Growth','070749579',67,7,5517.10,'2020-09-07','SAXQGBOUL3U',1,1),('FRQL11766707822310','Growth','059993003',30,2,7922.46,'2021-06-14','KZWCGBAX',0,0),('FTCU20560028890732','Reserve','026687368',153,1,6147.13,'2022-10-20','ENAPGBGW',0,1),('FTCU90130875275874','Reserve','072821343',160,8,5774.42,'2022-04-15','TNFWGBPNQ8D',1,1),('FTFS45414050284528','Reserve','055583637',20,4,7165.52,'2024-02-25','WIXYGB8D',1,0),('GCQD18751467787910','Checking','069926390',40,2,5096.33,'2022-03-14','QSOMGBT8SLQ',1,0),('GDCQ70919551871171','Checking','120787038',172,7,9925.19,'2023-08-22','AJRUGBJES0B',0,1),('GDXL91685794759313','Checking','041121692',29,2,3695.26,'2020-10-06','JEOKGBQ37GB',1,0),('GGUQ57480916276822','Reserve','047762880',23,7,4088.88,'2024-12-30','CUOTGBUEZIT',1,1),('GKLA91195519632110','Checking','071940209',124,3,1658.53,'2022-12-06','MSTWGBGTCIC',1,0),('GKVZ28667550929948','Reserve','042134918',30,2,6627.52,'2021-06-14','KZWCGBAX',1,0),('GLBS47112072496842','Checking','061660531',197,1,1471.89,'2020-09-13','BNSHGBU3R0S',0,1),('GLZO07120371909074','Reserve','122916548',174,10,5743.69,'2020-01-05','XOPBGBCP36R',1,0),('GMEM53323031686185','Growth','096949696',62,4,6244.38,'2020-02-25','HVCAGB5K',1,0),('GPNJ74396839926496','Reserve','098858769',172,9,4062.95,'2021-09-13','TUWCGBLE7BO',0,1),('GQNS36793898265724','Growth','110231536',52,2,2053.20,'2021-07-16','XNAZGBJ4',1,0),('GVBM77021515794643','Checking','093454799',139,6,1613.27,'2021-12-16','NNHPGBEB',0,1),('GWNI17838735586469','Checking','080842314',41,6,8327.36,'2022-10-08','BTFVGBC5',0,1),('GZVN14235380188435','Reserve','041666539',124,3,9702.56,'2022-12-06','MSTWGBGTCIC',0,0),('HANJ25798906967845','Reserve','087179129',196,3,1096.76,'2023-05-02','YOLCGBAF',1,0),('HAUC91426686915467','Reserve','086345271',68,3,6356.63,'2024-09-18','UXJEGBZP1YO',1,1),('HFZA26595413500178','Reserve','047766022',56,9,7025.87,'2024-10-29','KVQYGBZKSTA',0,1),('HKTK92306114355175','Growth','106186543',73,5,6119.96,'2022-06-14','FDCIGBXKU6S',1,0),('HKTS47720155857174','Reserve','116476450',82,5,3967.68,'2024-05-21','MDLPGB0X',0,1),('HPXW62674270356310','Growth','018236057',172,7,1052.85,'2023-08-22','AJRUGBJES0B',1,0),('HQFE07784054885457','Checking','076157123',52,2,7858.19,'2021-07-16','XNAZGBJ4',0,0),('HRHR67022508801337','Growth','125795601',44,5,5258.15,'2021-07-21','YIRTGB3R1YA',1,0),('HSCD63148413213135','Reserve','026046239',128,6,8619.05,'2022-03-13','HGPWGBSEF3V',0,0),('HWUD87511047081878','Growth','062147464',91,2,942.52,'2023-03-29','PMORGBK0NCW',0,0),('HZZA59321416811082','Checking','093604963',25,5,4067.52,'2022-11-20','JADQGBQZ',0,1),('IAPB94167370903831','Checking','110638980',95,3,8808.89,'2022-02-11','AVDSGBJBIV1',1,1),('ICNB64176728604862','Growth','081364752',111,5,4453.43,'2022-07-17','CCRFGBPE',1,0),('IDLF03105906255319','Checking','095317546',100,8,1738.22,'2023-11-28','GDPAGBLK',1,0),('IDSM69353809733131','Growth','103324641',143,7,2869.26,'2021-06-12','AMLXGBW3',0,0),('IFME08512784344146','Reserve','018791068',139,6,8107.20,'2021-12-16','NNHPGBEB',1,0),('IFQH83689978475108','Growth','033891804',95,3,1881.25,'2022-02-11','AVDSGBJBIV1',0,0),('IONU25419156018358','Reserve','038657645',46,10,2763.68,'2024-07-16','IJXRGB08U17',1,1),('IQCZ54840590032259','Reserve','014732814',108,7,1179.42,'2023-05-27','MEWGGB7T5RA',1,1),('ISKR92104247961260','Checking','036764446',90,10,4591.49,'2023-10-19','IFBJGBEW',1,0),('IVUR29846046440056','Checking','057833819',16,2,8177.58,'2020-05-03','TUSWGB4LJC2',1,1),('IXJT72284187907611','Reserve','030599837',143,7,1860.03,'2021-06-12','AMLXGBW3',1,0),('JAKU02192467438652','Growth','120305986',159,7,4090.69,'2021-10-26','XNATGBOE',0,0),('JEAY89481105696371','Reserve','128901722',128,2,7953.40,'2020-12-09','JKWEGBXD',1,0),('JIQK11291853429527','Checking','062202749',193,4,5690.77,'2023-02-15','LBNKGBOQ4LS',0,0),('JKZX52389483000052','Checking','015381594',46,10,7861.84,'2024-07-16','IJXRGB08U17',1,1),('JPDR26608355844421','Checking','029840539',172,9,2285.80,'2021-09-13','TUWCGBLE7BO',0,0),('JRZL69117571082074','Checking','024226705',128,6,3532.88,'2022-03-13','HGPWGBSEF3V',1,1),('JXFS55271049299592','Checking','010076163',20,4,4260.00,'2024-02-25','WIXYGB8D',0,0),('JYTH01609969790703','Reserve','091358460',94,3,1056.69,'2023-09-14','VCPVGBSW',1,1),('KDWJ32952374441579','Checking','091603898',142,3,5829.97,'2022-11-16','QFIZGBH0',1,0),('KEGA98224818965042','Reserve','125063948',190,2,385.02,'2021-09-27','WHGGGBVGAMN',0,1),('KEOT72300087401412','Growth','059948074',17,4,8598.00,'2023-11-28','FNXRGBKXGAL',1,0),('KFWO78420424811285','Checking','066302250',62,10,9677.99,'2022-10-20','IFPGGBG1RB1',0,0),('KJNY64704893926776','Checking','081870262',17,4,9501.90,'2023-11-28','FNXRGBKXGAL',1,1),('KMDX99747130279541','Reserve','052978711',3,2,6277.50,'2022-09-10','ISAXGBJ0',0,0),('KNLX20484989037342','Growth','042376501',77,10,6016.03,'2022-01-15','ETBEGBDU',0,1),('KTCX45903722376328','Growth','044933722',75,1,398.27,'2024-04-23','ZLPZGBS6JM4',1,1),('KTUQ27457526800651','Reserve','013048376',159,7,750.63,'2021-10-26','XNATGBOE',0,0),('KUHV38219144556505','Checking','024021133',163,4,7504.31,'2020-10-27','XVACGB4FUS7',1,1),('LCSG93674180333625','Reserve','069228043',109,8,4085.11,'2020-09-14','UDORGBWYKYZ',1,1),('LEIS82145385055926','Growth','085446498',105,2,7088.03,'2024-10-09','KJOIGB7I',1,1),('LENH21651531050656','Reserve','079741552',91,2,8410.09,'2023-03-29','PMORGBK0NCW',0,0),('LEYW58234645691963','Checking','110800190',44,5,6757.33,'2021-07-21','YIRTGB3R1YA',1,1),('LGCQ46231639675502','Reserve','086324001',140,9,1363.83,'2024-10-09','TESJGBH0G6V',0,0),('LHEQ43964308377875','Reserve','040698511',62,10,3017.80,'2022-10-20','IFPGGBG1RB1',0,0),('LHJR09190069780521','Checking','048148186',73,7,7660.53,'2022-05-01','WYHSGBAS',1,0),('LKWU42044513127340','Reserve','014141667',96,4,816.22,'2025-01-05','MKPVGB0ARN2',0,1),('LMQE24726879493770','Reserve','125409405',105,2,1598.86,'2024-10-09','KJOIGB7I',0,0),('LNDJ12892094840127','Checking','128864607',82,5,360.24,'2024-05-21','MDLPGB0X',1,0),('LNPI64787229275409','Growth','016058402',193,4,6994.79,'2023-02-15','LBNKGBOQ4LS',1,1),('LSXL19179462915724','Growth','048983697',28,7,5786.50,'2025-01-07','HFJMGBMJ75V',0,1),('LUCC30569323034640','Growth','072058789',73,7,2210.93,'2022-05-01','WYHSGBAS',0,0),('LXBU90662294451247','Growth','089851775',46,9,984.47,'2022-08-01','JLYKGB6U61E',1,0),('LYCL09447130616892','Growth','092253881',14,9,6245.52,'2020-07-10','JHEQGBK7',1,1),('LZAI77528405633153','Checking','036206865',174,10,3282.12,'2020-06-26','CTCNGBC2',1,1),('MFZD01764747170382','Checking','022594044',94,3,1704.38,'2023-09-14','VCPVGBSW',1,1),('MIEF96699419201444','Growth','040149329',184,3,4409.58,'2022-09-26','JBBSGBDG',1,0),('MKCI56788129099452','Reserve','062647207',190,4,4188.88,'2023-03-19','AIFTGBJNQOG',0,1),('MKQW62673182816767','Checking','109881573',8,3,647.17,'2021-10-14','KUOGGBFX',1,0),('MOOB69176042847751','Growth','121323530',3,2,1165.04,'2022-09-10','ISAXGBJ0',0,1),('MPOF54712415202880','Checking','103242163',153,1,7607.97,'2022-10-20','ENAPGBGW',1,1),('MTDB92058835977908','Growth','090141102',108,7,6946.04,'2023-05-27','MEWGGB7T5RA',0,1),('NBEV77197541086495','Growth','095108137',190,4,6234.47,'2023-03-19','AIFTGBJNQOG',1,1),('NBTI32594310929708','Checking','054535084',30,2,4119.25,'2021-06-14','KZWCGBAX',1,1),('NCRF54455163240362','Reserve','115739279',25,5,8626.32,'2022-11-20','JADQGBQZ',1,1),('NKDI04373485011576','Growth','048090959',198,7,2165.48,'2020-04-12','NBMAGBDN',0,0),('NMDY05142833792934','Reserve','109490579',49,6,7425.73,'2020-05-24','EZNLGBHL',0,0),('NMQF21626848611550','Checking','062448613',184,3,9699.58,'2022-09-26','JBBSGBDG',0,0),('NORK66727533280128','Checking','112297484',54,10,7091.64,'2021-06-24','YIDIGBDS2C1',0,1),('NTLZ01775744447779','Checking','069836532',34,8,9383.21,'2022-12-30','HMBGGB80',0,1),('NYYG32616810602052','Checking','100473294',89,8,6233.27,'2022-04-29','YCBRGBFHIT2',0,1),('OBFQ85958397058468','Reserve','119326565',179,6,2494.93,'2020-08-08','UKSWGBOWELV',0,0),('OCWK38757318939357','Reserve','082445751',161,10,363.22,'2020-01-02','NUQOGB55',0,0),('ODSH40766310405189','Reserve','113500895',1,2,7910.13,'2020-06-02','OMYZGBFA',0,0),('OICA65357464940997','Growth','097206558',23,4,1140.15,'2021-06-22','MQIUGBNS9B0',0,0),('OMPG37203018978421','Reserve','032254280',112,8,6969.54,'2022-06-24','WVZEGBKO',0,0),('ONIM30973622122628','Reserve','096091683',77,10,6300.07,'2022-01-15','ETBEGBDU',0,0),('OOER94256219640221','Checking','123825515',56,9,2240.67,'2024-10-29','KVQYGBZKSTA',0,1),('OOKE76029237565394','Growth','039255897',174,4,8448.77,'2021-05-22','BBCYGBRR2D6',0,0),('OOUC60511985916110','Checking','103188654',68,3,9287.16,'2024-09-18','UXJEGBZP1YO',0,0),('OUQR71815401156895','Growth','041712810',196,3,3548.31,'2023-05-02','YOLCGBAF',0,1),('PEZW30745411214114','Growth','021567331',32,7,9134.82,'2021-09-08','EIWGGBMOQL5',0,0),('PFNF33307483423744','Growth','101510350',124,3,4467.43,'2022-12-06','MSTWGBGTCIC',0,1),('PFTQ31246883423064','Checking','037238337',80,5,5771.68,'2022-03-29','RAVVGBLP2G6',1,0),('PGGR62581438563040','Checking','108313644',190,4,920.20,'2023-03-19','AIFTGBJNQOG',0,0),('PJUP50900921687323','Reserve','010486601',138,1,3906.43,'2024-04-16','AZFOGB2S',0,1),('PKLA06374356995198','Growth','068232179',65,9,8860.42,'2024-11-17','KBZZGBE0',1,1),('PKZX99667015477250','Reserve','081714849',66,10,316.57,'2020-04-19','AKBAGBO7',0,1),('PMND26038873700768','Reserve','021717385',67,7,9797.73,'2020-09-07','SAXQGBOUL3U',0,0),('PQUD85550302984285','Checking','024701589',128,4,2619.46,'2021-06-03','WJUIGBN0',1,0),('PVDL99513548932687','Reserve','029777110',2,9,1455.97,'2024-05-05','SDCQGBBIYBX',0,1),('PVPQ56144690924100','Growth','089959758',197,1,1332.29,'2020-09-13','BNSHGBU3R0S',0,0),('PWJG77674994556733','Growth','054688643',82,5,7922.51,'2024-05-21','MDLPGB0X',0,1),('PWWZ62601973930112','Reserve','021242520',73,7,7183.71,'2022-05-01','WYHSGBAS',0,0),('PXHI88360797787203','Reserve','069315260',80,5,9523.39,'2022-03-29','RAVVGBLP2G6',1,0),('QFCY75546239042292','Checking','064679749',88,2,5930.51,'2020-06-06','YQOGGB9Y',0,0),('QFPK54849592402000','Checking','089959172',23,4,6988.38,'2021-06-22','MQIUGBNS9B0',1,1),('QGJH97929143603980','Growth','090658530',104,5,6070.19,'2023-08-21','IFLUGBOFBPW',1,1),('QHNQ18675682235527','Reserve','128621112',88,2,2501.71,'2020-06-06','YQOGGB9Y',1,0),('QITU24251525942932','Growth','124924075',103,3,7238.00,'2021-02-12','YEPOGBJU',0,0),('QJVP38341915737298','Growth','010245680',160,8,7702.84,'2022-04-15','TNFWGBPNQ8D',1,0),('QKNF04669455029880','Growth','015516576',29,2,7712.52,'2020-10-06','JEOKGBQ37GB',1,1),('QMOL38326115733709','Reserve','056367852',75,1,6872.21,'2024-04-23','ZLPZGBS6JM4',0,1),('QOLV03187193439080','Growth','078989467',192,6,1501.68,'2022-12-12','SDDYGB12TD4',0,1),('QPPA06365450001254','Checking','057979168',91,2,6118.18,'2023-03-29','PMORGBK0NCW',1,1),('QRUT10159851034074','Growth','095644442',100,8,5755.61,'2023-11-28','GDPAGBLK',0,1),('QUWJ06584619475621','Reserve','078324640',65,9,3153.54,'2024-11-17','KBZZGBE0',1,0),('QXCM32471135967298','Reserve','086455873',172,7,378.40,'2023-08-22','AJRUGBJES0B',0,0),('QYEK42090956870811','Reserve','126538980',193,10,9095.53,'2021-02-20','WSERGBY5',1,1),('QYJQ92026170132463','Growth','063404122',89,8,755.85,'2022-04-29','YCBRGBFHIT2',0,0),('RBIH16642973432053','Growth','041868654',144,7,2151.98,'2022-04-10','DGSIGBPNCB2',0,0),('RITN35328701327509','Growth','127581868',64,2,9274.98,'2021-03-29','PVMBGBZK',1,1),('RSKE56810834477664','Growth','057468019',62,10,5394.86,'2022-10-20','IFPGGBG1RB1',1,1),('RVFT29199360791151','Reserve','108353882',46,9,8517.92,'2022-08-01','JLYKGB6U61E',1,0),('RYHU11827062177354','Checking','104197107',28,7,4166.70,'2025-01-07','HFJMGBMJ75V',1,0),('SFLY03697114154958','Reserve','057442501',113,8,5665.42,'2020-06-10','OVVBGBFI',0,1),('SOVJ67940338684163','Reserve','057231686',4,10,152.39,'2023-02-02','BEDUGBEK',1,0),('SPHG46358502787078','Reserve','119406184',184,3,4721.57,'2022-09-26','JBBSGBDG',1,0),('SSKL00407943075241','Checking','018700567',174,4,3845.47,'2021-05-22','BBCYGBRR2D6',0,1),('SSVC91131688738619','Checking','072702844',43,5,1620.37,'2024-10-08','LRZPGBUI',0,1),('STRO08898598259369','Checking','015030858',73,5,6939.46,'2022-06-14','FDCIGBXKU6S',0,1),('SVPX70427201004535','Growth','060361394',142,3,1535.19,'2022-11-16','QFIZGBH0',1,0),('SWZD05118672714645','Growth','026958165',23,7,2935.43,'2024-12-30','CUOTGBUEZIT',1,0),('SXPH40630346749491','Reserve','115415894',23,4,5611.71,'2021-06-22','MQIUGBNS9B0',0,1),('SZCY83257151821904','Checking','062324494',14,9,8433.02,'2020-07-10','JHEQGBK7',1,1),('TBQT12144317829304','Checking','012147207',161,10,736.01,'2020-01-02','NUQOGB55',0,0),('TFRG72409694212640','Checking','025713314',33,2,6069.83,'2023-08-24','HJLDGBDC',0,0),('TGYW02360726722066','Growth','098435234',179,6,4180.57,'2020-08-08','UKSWGBOWELV',1,1),('TIZM81722220799184','Reserve','111809747',163,10,9801.75,'2020-10-07','RBXLGB28',1,0),('TKRI59528177725149','Growth','072516564',96,4,7902.69,'2025-01-05','MKPVGB0ARN2',1,1),('TLKO40622337701223','Checking','091913038',4,10,968.79,'2023-02-02','BEDUGBEK',1,0),('TRPR50919548780389','Checking','123407687',3,2,897.48,'2022-09-10','ISAXGBJ0',1,0),('TUDD70319169331513','Growth','033478272',94,3,7947.48,'2023-09-14','VCPVGBSW',1,1),('TVRU71678157837937','Growth','123092652',66,10,8251.93,'2020-04-19','AKBAGBO7',0,1),('TXUA74040002264829','Growth','090628528',112,8,4413.37,'2022-06-24','WVZEGBKO',1,0),('TZLH37359276307525','Checking','034280760',104,5,7066.99,'2023-08-21','IFLUGBOFBPW',0,1),('UJAL92256064722506','Checking','076301115',152,4,6552.94,'2021-02-08','GGWHGB5D',1,0),('ULXF82262816324450','Reserve','063125142',104,5,5743.92,'2023-08-21','IFLUGBOFBPW',1,1),('UUQP13614881818948','Checking','108271508',192,6,9964.40,'2022-12-12','SDDYGB12TD4',1,1),('UWXR56717099168879','Growth','069332201',140,9,1513.11,'2024-10-09','TESJGBH0G6V',0,0),('UXKQ77105569520402','Growth','126316513',174,10,999.00,'2020-01-05','XOPBGBCP36R',0,0),('UXLI37116757765100','Growth','123116855',1,2,2908.45,'2020-06-02','OMYZGBFA',1,0),('UYUN41184144868062','Growth','050241741',8,3,869.28,'2021-10-14','KUOGGBFX',0,0),('VGXX16695457021081','Growth','080948315',56,9,859.52,'2024-10-29','KVQYGBZKSTA',0,1),('VIEO26771192756772','Checking','129186494',196,3,5673.17,'2023-05-02','YOLCGBAF',1,0),('VIRN08302255609053','Reserve','098814444',52,2,5923.82,'2021-07-16','XNAZGBJ4',1,0),('VJTV46119988666674','Checking','059357869',138,1,9881.43,'2024-04-16','AZFOGB2S',1,0),('VJUV56790769034920','Checking','096790557',65,9,814.31,'2024-11-17','KBZZGBE0',0,1),('VKUJ16140891264774','Checking','040184782',140,9,2350.53,'2024-10-09','TESJGBH0G6V',1,0),('VLEQ98671009723041','Growth','032892257',41,6,8473.14,'2022-10-08','BTFVGBC5',1,1),('VPEA22018350047135','Growth','021336452',88,2,2202.86,'2020-06-06','YQOGGB9Y',0,0),('VPZA31463787020703','Growth','097682127',109,8,4078.52,'2020-09-14','UDORGBWYKYZ',1,0),('VTOP70220165706951','Growth','103689962',68,3,7794.50,'2024-09-18','UXJEGBZP1YO',1,1),('VYRK53529388020760','Growth','059845407',54,10,7380.73,'2021-06-24','YIDIGBDS2C1',1,0),('VYRP50979345786499','Checking','113899205',103,3,3958.40,'2021-02-12','YEPOGBJU',0,0),('WBTI07072798103664','Reserve','058521638',95,3,2019.60,'2022-02-11','AVDSGBJBIV1',0,1),('WFAE26245126841531','Reserve','066658629',90,10,9890.15,'2023-10-19','IFBJGBEW',0,1),('WFME45625461389855','Reserve','065626319',62,4,5106.46,'2020-02-25','HVCAGB5K',1,1),('WKFX86086698189620','Reserve','119419456',174,10,3557.35,'2020-06-26','CTCNGBC2',1,0),('WLCG37531198077446','Growth','034103902',33,2,3183.60,'2023-08-24','HJLDGBDC',0,0),('WNVP26288757681960','Growth','037546650',41,9,7546.59,'2020-07-10','DCAMGBPB',0,0),('WOJC61504788385464','Reserve','100001598',25,6,3931.83,'2021-06-16','TCQGGB5A',0,1),('WRAC03501346507497','Growth','059807801',43,5,6689.17,'2024-10-08','LRZPGBUI',1,0),('WTVT70808937494038','Reserve','120384237',128,4,4738.21,'2021-06-03','WJUIGBN0',1,0),('WUMB75763984812505','Growth','044618937',46,10,3777.35,'2024-07-16','IJXRGB08U17',0,1),('WUTD93316679091965','Reserve','072268359',27,10,3749.90,'2023-01-07','SYNQGBQX',0,0),('WVDD45675074210843','Reserve','061540952',41,9,508.36,'2020-07-10','DCAMGBPB',1,1),('WXXK33044809257823','Checking','052896466',66,10,3924.54,'2020-04-19','AKBAGBO7',1,0),('WZYF76341054450240','Reserve','126726381',197,1,1581.04,'2020-09-13','BNSHGBU3R0S',1,1),('XAHX99410848553157','Checking','025586732',159,7,8391.40,'2021-10-26','XNATGBOE',0,0),('XAIX32704531055659','Reserve','103934222',17,4,145.48,'2023-11-28','FNXRGBKXGAL',0,1),('XDMH91875596954153','Reserve','075669777',90,10,8096.93,'2020-12-19','TGXSGBDW91A',1,1),('XDOA34810480665733','Checking','080434557',198,7,9121.76,'2020-04-12','NBMAGBDN',0,1),('XEVW08831227688622','Reserve','056183560',103,3,9293.56,'2021-02-12','YEPOGBJU',0,1),('XFDQ71829592494786','Reserve','037535975',89,8,9579.25,'2022-04-29','YCBRGBFHIT2',1,1),('XHAY09831395569864','Checking','077601940',160,8,785.51,'2022-04-15','TNFWGBPNQ8D',1,1),('XIFJ48399748334461','Reserve','047455595',64,2,8419.97,'2021-03-29','PVMBGBZK',1,0),('XJVX59326967827390','Reserve','108450057',34,8,9443.85,'2022-12-30','HMBGGB80',0,1),('XLPC50315660902364','Growth','087088689',152,4,6577.30,'2021-02-08','GGWHGB5D',0,1),('XMTV97214531913185','Reserve','093394024',40,2,3811.78,'2022-03-14','QSOMGBT8SLQ',1,1),('XNCA56005779196408','Growth','126856235',5,1,2010.71,'2020-12-15','KBBXGBJ6LR7',0,1),('XOWZ81534183334113','Reserve','019304629',142,3,3753.09,'2022-11-16','QFIZGBH0',0,1),('XSLA27250579930714','Checking','112251831',62,4,5399.84,'2020-02-25','HVCAGB5K',1,1),('XTLH71851307856560','Growth','031178891',163,10,3466.01,'2020-10-07','RBXLGB28',1,1),('XVXR01728575077157','Checking','115985450',1,2,7829.11,'2020-06-02','OMYZGBFA',1,0),('XWPJ52793383896651','Reserve','104686045',8,1,4947.70,'2022-02-18','JDCZGBZC4SS',1,1),('XXIX81218264842665','Checking','059361952',156,6,8852.00,'2021-12-19','VQAKGBXF',1,1),('XYHB54196321431905','Reserve','044405085',41,6,7955.37,'2022-10-08','BTFVGBC5',1,0),('YARN96047474540993','Reserve','051242642',198,7,8532.61,'2020-04-12','NBMAGBDN',1,0),('YBWC07627226385242','Growth','023156177',16,2,4974.25,'2020-05-03','TUSWGB4LJC2',0,1),('YCLV36891638253015','Growth','034051339',177,10,7546.48,'2020-03-14','IEQDGB3Y',0,1),('YCVH34391027125540','Reserve','031299327',163,4,4073.53,'2020-10-27','XVACGB4FUS7',0,0),('YDMB77584488966951','Growth','030435645',139,6,876.38,'2021-12-16','NNHPGBEB',0,1),('YMMG38639906876540','Checking','059920979',2,9,6883.43,'2024-05-05','SDCQGBBIYBX',0,1),('YOPA13757340482028','Growth','066719416',156,6,7768.07,'2021-12-19','VQAKGBXF',0,0),('YOQQ66918995894519','Growth','046718178',25,6,7426.87,'2021-06-16','TCQGGB5A',0,1),('YQHI43390620029315','Growth','127906993',4,10,3438.31,'2023-02-02','BEDUGBEK',1,1),('YVQT21163435389450','Growth','069003310',49,6,1352.52,'2020-05-24','EZNLGBHL',0,1),('YXOO63824862515038','Checking','087753503',46,9,8232.62,'2022-08-01','JLYKGB6U61E',0,1),('YZJW87557706024644','Growth','049936892',163,4,3856.90,'2020-10-27','XVACGB4FUS7',0,0),('ZBDO09967582140329','Checking','044627164',177,10,1090.38,'2020-03-14','IEQDGB3Y',1,1),('ZCES63636438768331','Reserve','097191854',104,7,7473.40,'2020-05-28','IBODGB9XNJX',0,1),('ZDRZ55997752766699','Checking','058091359',77,10,6102.70,'2022-01-15','ETBEGBDU',1,1),('ZDTM43196294736269','Checking','067800667',32,7,7689.47,'2021-09-08','EIWGGBMOQL5',1,1),('ZGUM98768551748028','Reserve','084549354',5,1,9516.72,'2020-12-15','KBBXGBJ6LR7',0,1),('ZHME43887850766678','Checking','071042893',144,7,3051.26,'2022-04-10','DGSIGBPNCB2',1,0),('ZOUU73942735298798','Reserve','110838175',14,9,8676.65,'2020-07-10','JHEQGBK7',0,1),('ZQIS02425742615057','Reserve','097460873',28,7,9624.38,'2025-01-07','HFJMGBMJ75V',1,1),('ZQKU03787279594198','Reserve','091220695',177,10,2006.24,'2020-03-14','IEQDGB3Y',1,0),('ZTAH09170022685476','Checking','080716181',5,1,4703.85,'2020-12-15','KBBXGBJ6LR7',1,1),('ZYBS71032986724679','Checking','094937202',67,7,7707.45,'2020-09-07','SAXQGBOUL3U',1,0),('ZZXY27554970862207','Reserve','101145903',33,2,947.07,'2023-08-24','HJLDGBDC',0,0);
/*!40000 ALTER TABLE `Accounts` ENABLE KEYS */;
UNLOCK TABLES;

--
-- Table structure for table `Addresses`
--

DROP TABLE IF EXISTS `Addresses`;
/*!40101 SET @saved_cs_client     = @@character_set_client */;
/*!40101 SET character_set_client = utf8 */;
CREATE TABLE `Addresses` (
  `address_id` int NOT NULL AUTO_INCREMENT,
  `line1` varchar(100) DEFAULT NULL,
  `line2` varchar(100) DEFAULT NULL,
  `city` varchar(75) DEFAULT NULL,
  `state` varchar(50) DEFAULT NULL,
  `postal` varchar(50) DEFAULT NULL,
  `country` varchar(75) DEFAULT NULL,
  PRIMARY KEY (`address_id`)
) ENGINE=InnoDB AUTO_INCREMENT=51 DEFAULT CHARSET=utf8mb4 COLLATE=utf8mb4_0900_ai_ci;
/*!40101 SET character_set_client = @saved_cs_client */;

--
-- Dumping data for table `Addresses`
--

LOCK TABLES `Addresses` WRITE;
/*!40000 ALTER TABLE `Addresses` DISABLE KEYS */;
INSERT INTO `Addresses` VALUES (1,'07642 Maria Lake Apt. 742','Apt. 140','South Diamondmouth','Colorado','17507','Romania'),(2,'0460 Pierce Falls','Apt. 137','South Ronnie','Indiana','63322','Cambodia'),(3,'99918 Cardenas Knoll Suite 241','Apt. 576','Lake Ashley','Oklahoma','88093','Russian Federation'),(4,'5119 Miller Forks','Suite 115','Alicialand','Pennsylvania','22395','Costa Rica'),(5,'400 Thomas Fort','Suite 038','Brockfurt','New Hampshire','79012','Papua New Guinea'),(6,'48568 Reynolds Causeway Suite 079','Suite 266','Smithchester','Hawaii','83784','Papua New Guinea'),(7,'955 Lawson Manor','Apt. 929','South Sara','Missouri','70799','Cape Verde'),(8,'664 Barajas Street Suite 121','Suite 741','East John','Vermont','29714','Azerbaijan'),(9,'66295 Mahoney Street','Suite 571','Port Luisshire','New Jersey','04782','Qatar'),(10,'4530 Martinez Estates','Suite 163','New John','Nevada','29152','Switzerland'),(11,'4291 Chavez Islands Apt. 044','Apt. 172','Jamesfort','Kentucky','42247','Nepal'),(12,'80790 Coleman Heights','Suite 539','Briantown','Alaska','98652','Tonga'),(13,'232 Jacob Common Suite 549','Apt. 918','Lauramouth','Missouri','19131','Qatar'),(14,'189 Maurice Field Suite 291','Suite 249','Port Edwardfort','Nebraska','92827','Mozambique'),(15,'087 Dominguez Mission Apt. 328','Apt. 439','East Stacy','Wisconsin','16324','Bermuda'),(16,'54267 Coleman Villages','Suite 377','Kyleborough','Michigan','66429','Cape Verde'),(17,'58935 Scott Plains','Suite 951','West Sarahmouth','South Carolina','93801','Albania'),(18,'70368 Ronnie Brooks Apt. 506','Apt. 456','Port Kyleshire','Montana','16326','Antigua and Barbuda'),(19,'805 Smith Forest','Apt. 409','East Dianeport','Louisiana','19957','Spain'),(20,'2027 Hunter Meadows Suite 174','Suite 723','South Christinaland','Connecticut','81577','Suriname'),(21,'14733 Wright Green Apt. 159','Suite 896','West Kristinview','Kansas','35429','Saint Barthelemy'),(22,'28443 Ethan Trail Apt. 790','Apt. 842','West Taylorland','Arizona','46386','Somalia'),(23,'014 Shepherd Tunnel Suite 105','Apt. 773','New Benjamin','Mississippi','79086','Belize'),(24,'7647 Mark Turnpike','Apt. 472','Lake James','Pennsylvania','50268','Colombia'),(25,'400 Downs Squares Apt. 540','Apt. 864','Turnerside','West Virginia','94594','Korea'),(26,'5371 Thompson Wells','Suite 066','Lake Casey','New Mexico','15192','Liberia'),(27,'883 Tommy Inlet','Apt. 091','Swansonchester','New Mexico','63140','Malta'),(28,'031 Jonathan Stream','Apt. 592','South Justin','Indiana','67916','Niger'),(29,'1703 Davis Ramp','Apt. 919','Gutierrezshire','Pennsylvania','63586','Saint Pierre and Miquelon'),(30,'71266 Boone Court Suite 338','Suite 156','West Ronaldville','Alabama','53202','Cook Islands'),(31,'846 Ferrell Orchard Apt. 388','Suite 901','East Kathrynport','South Carolina','13568','Eritrea'),(32,'94711 Kimberly Lodge','Suite 559','Wigginsburgh','Oregon','84322','Indonesia'),(33,'7105 Martin Mill Suite 974','Apt. 391','New Kathrynfurt','Kentucky','49369','Seychelles'),(34,'79347 Richardson Highway Apt. 495','Apt. 760','Sarahville','South Carolina','23775','Bhutan'),(35,'190 Odonnell Freeway','Apt. 255','Lake Brian','Minnesota','84091','Monaco'),(36,'734 Kenneth Park','Suite 420','Andersonborough','Missouri','43008','Cayman Islands'),(37,'90794 Maldonado Mews','Suite 101','Breannaburgh','Texas','39658','Uzbekistan'),(38,'20994 Garcia Trafficway','Apt. 930','Riverahaven','Pennsylvania','39527','Liberia'),(39,'92372 Sydney Parks Apt. 920','Suite 876','South Julie','Wyoming','80194','Cape Verde'),(40,'45211 Wendy Summit Apt. 673','Apt. 932','East Johnfurt','Florida','09990','Georgia'),(41,'56186 Elizabeth Stravenue Apt. 363','Apt. 061','Collinshaven','Arizona','02030','Italy'),(42,'39422 Henderson Locks','Apt. 789','Dixonland','Nevada','14787','El Salvador'),(43,'0327 Jeffrey Junctions','Apt. 525','Port Kimberly','Tennessee','52365','Trinidad and Tobago'),(44,'1086 Morales Track','Apt. 123','Port Angelicaport','Florida','68277','Suriname'),(45,'20251 Doyle Plain','Suite 571','North David','New Mexico','46324','Montenegro'),(46,'2847 Morales Turnpike Suite 084','Apt. 518','Andradeland','North Carolina','58907','Iraq'),(47,'286 Craig Ferry','Suite 277','Danielview','Michigan','03253','Mongolia'),(48,'072 Alexandra Causeway Suite 962','Apt. 315','New Sarahhaven','West Virginia','85878','Croatia'),(49,'8215 Deleon Square Apt. 940','Apt. 103','Gordonport','New Jersey','76637','Turkmenistan'),(50,'1878 Joshua Shoal','Suite 419','South Brian','Michigan','08317','Monaco');
/*!40000 ALTER TABLE `Addresses` ENABLE KEYS */;
UNLOCK TABLES;

--
-- Table structure for table `AuthToken`
--

DROP TABLE IF EXISTS `AuthToken`;
/*!40101 SET @saved_cs_client     = @@character_set_client */;
/*!40101 SET character_set_client = utf8 */;
CREATE TABLE `AuthToken` (
  `user_id` varchar(50) NOT NULL,
  `password` varchar(50) DEFAULT NULL,
  `customer_id` int DEFAULT NULL,
  PRIMARY KEY (`user_id`),
  KEY `customer_id` (`customer_id`),
  CONSTRAINT `authtoken_ibfk_1` FOREIGN KEY (`customer_id`) REFERENCES `Customers` (`customer_id`)
) ENGINE=InnoDB DEFAULT CHARSET=utf8mb4 COLLATE=utf8mb4_0900_ai_ci;
/*!40101 SET character_set_client = @saved_cs_client */;

--
-- Dumping data for table `AuthToken`
--

LOCK TABLES `AuthToken` WRITE;
/*!40000 ALTER TABLE `AuthToken` DISABLE KEYS */;
INSERT INTO `AuthToken` VALUES ('aarmstrong','_YJDZBpuN1',31),('abarker','rw_P4Jml(C',158),('abrown','pKo6rRIrB(',126),('aburke','k3NV!Kek*q',78),('achambers','lU0%X9Pt0a',183),('acohen','$Q3DZURw)O',25),('afreeman','x%_g0CQcn7',73),('agibbs','+nR_^IQnX4',165),('ahoward','_8VD1UiuxZ',10),('ajackson','H(5MDcD^H!',53),('alopez','ad5VOB5c&G',140),('amartinez','id(0QCXwfu',153),('amoody','8Dyr3dUk(r',129),('aortiz','&@9Jbxrox1',30),('apeterson','1!C1Z3l*T@',161),('asingh','JK7er3skU#',5),('awells','N3)R@rbG)!',118),('awheeler','*5iUrGh_Y+',63),('balvarado','q4j(wZV^*k',97),('bbauer','O_1MW6ca@N',199),('bberry','k$jw!iVec7',200),('bbyrd','gh!x7X2h9M',107),('bcruz','^3(x0EOj^g',82),('bflores','%PnNflen^1',180),('bholmes','+r3+0Ug@OB',19),('bhull','dqU6MJyJ$8',38),('brichardson','#(&5FnQm(z',62),('carnold','0u7pCUfn)K',192),('cdaugherty','qwLxz!+I(6',162),('cdavis','#%0YmZZy0*',14),('cdavis1','%H2EuI%yRY',160),('cjohnson','xZAB8em8&0',11),('cleonard','k@$3)Lk7Sm',93),('clucero','zs^J64Sy)4',65),('cmcguire','@Y0DKbYUZ!',49),('cmoore','MR!VA+j7&9',133),('cskinner','Ff5&toLn(Q',61),('csmith','63VUjPRy#4',120),('cstone','Sl8W9ooQ_N',16),('cwarren','^I4DSvB8Q5',94),('dcrawford','$U13%yZq07',125),('dhumphrey','Q@$1Hpihc4',109),('djohnson','(zlMOLdA3m',191),('djones','_3iWbtIpd5',9),('dkaiser','*38_Ka+raq',74),('dmartinez','oX4Z8NpcI!',182),('dparker','&m&7zRk+ub',55),('dperry','yh&2XL2cyQ',172),('droman','Mh7RJmZ@+_',90),('dshah','9AN9@mxn^g',130),('dturner','(siP866du9',43),('dwatson','TG4q%Ccy_#',100),('dwilliams','j19ERYo$L*',131),('eanderson','^$G!jGvN3l',174),('ebishop','(2)PKBQdz!',177),('ebush','(5FIAEsirH',15),('echavez','clNrbgYv+3',99),('ejensen','TEL@3Jt+iu',45),('ematthews','@^mo%Cr53_',123),('emurray','a4XuLVt!*v',144),('esmith','f8#Xo%&#$8',91),('ffranklin','yCxNTYhv)8',24),('fkim','u(1WYuJl*a',164),('gcox','zySjHsDb!3',168),('ggonzalez','DzqCNWuW)4',187),('gjohnson','@77^++Vu*s',3),('gnorman','2oYRGZkN!D',42),('gthomas','okV$^2AdQR',124),('gwaters','OZO54KaxV+',157),('gwheeler','B29G1xWrd&',37),('hblake',')1#aPxyq#6',7),('hburke','wH&FO9We#9',96),('imason','b9r^3qLx%7',170),('jbailey','I#yWD&j7^5',60),('jbonilla','#6L)ltAP8#',39),('jbriggs','1bwIaZ13!+',68),('jbrooks','w9Z5dSYd*d',166),('jbrown','Sk_X1UPkdN',89),('jbryant','waApqd%v_4',8),('jcamacho','YM^G6WfVD&',197),('jcasey','Q25KGVx8*g',142),('jclements','1v5hBiki%C',147),('jcoleman','1sUV6Kj)Q+',4),('jcollins','lBI4FuAdI$',66),('jellis','i&^6QdifQ!',185),('jerickson','gjl+JSOR!9',132),('jguerra','Ub&Lb5OjPE',29),('jhahn','+0kVfvg3)7',152),('jhamilton','_7Qx3aRDno',198),('jhardy','_^m%Dcg!C2',110),('jharrington','+9_PMPeMh#',40),('jhill','z!@8fVvN(7',121),('jjohnson',')H$QG@$uL2',151),('jjohnson1','$*XJ#wEH_0',193),('jjones','z%A3flxwnD',136),('jlynch','%f#uU5Nmc!',176),('jmartin','$7BtXn@awi',108),('jnelson','&9!nhPvn@%',154),('jpaul','T)GD7RauBH',128),('jphillips','M92vIEkw*d',138),('jriley','6#h25I+m#S',36),('jsmith','M4FE6YkbY%',156),('jsweeney','^7hEdu1)@e',178),('jthompson','ng7T!DIlm^',159),('jwalker','$m5q$gBmd+',51),('kbarron','Z&1Tui#6!^',57),('kday','7#9Hm(_)$T',127),('khernandez','qUQs*8Sv&8',111),('klopez','z2+UV)&p((',169),('kmartin','#h&!V5Fntu',139),('kmccarthy','*mGAI*ta0^',105),('kmorris','Z1MOvld0)O',101),('kreed','dUD7aBZ7@1',80),('kstone','Ve)0V&RmF&',64),('ldavis','!hXn_iwe66',17),('lgonzalez','wm%1PFk(A)',150),('lhill','W)5HCbtw+)',196),('ljones','Y4^8vWAl9#',75),('llittle','%q3ZiA1cwW',83),('lmartin','Q^5zO^ej6H',190),('lpalmer','+I*s9$Af8e',87),('lrice','J*J3XKhbKp',171),('madams','7wqXU@Vq**',194),('mbailey',')*oRML%e9t',34),('mbradley','J)e5RWvwPj',56),('mferguson','^2WQ&x(tFM',116),('mgraham','*CjX_mRXA7',184),('mhernandez','3IEL6DTx@+',146),('mking','))4YVB&ono',141),('mlopez','3&1Ts(q2eP',47),('mmorgan','(YFQ2kZj#a',148),('modom','jXWNQt!j!6',46),('mortiz','E+63cNww6X',1),('mprice','5i+4MFewDb',32),('msantos','_b8WFc9_vD',181),('mthompson','FQS^7szya_',52),('mvargas','kjxG$BCa_8',145),('ndominguez','^8JSCqPG1f',135),('nmartin','VOk1&)Yh*4',122),('nwaller',')6S*MvBA5%',167),('osmith','Ec5H)LmN_#',26),('palexander','%#VOSmGv65',84),('pfranco','4fEB*K@0+L',27),('pgrimes','!4oaGazDRY',98),('phanson','^3Dclx$BPy',114),('polson','^)$2*Rv8fR',2),('pwatkins','(KGg#BXx+2',58),('randerson','@9qPpfSI#u',137),('revans','$P$!M#EXx0',189),('rgriffith','&Q3p0WBuUx',117),('rhenderson','*tTSeg_HP8',41),('rjacobs','zDRJZaui$6',86),('rkelley','*9PCb&r6@9',67),('rkennedy','r4G@(vo#@u',20),('rmathews','@t7%Wvfck6',149),('rmelendez','J#XMQ0qX+0',155),('rnguyen','+3XZ+cwq)P',104),('rrussell','H7AGlZsM^c',6),('rsaunders','l(6PLnha@0',50),('rschneider','MiZix*O(!3',186),('rwilliams',')#B4)ZdyNB',28),('rwilliams1','w79s2Ft4R@',76),('rwilson','dHk7qZMq@%',195),('sdaniels','9f9^lCGN$6',179),('sfloyd','qf31sQKMx)',102),('sgarrett','y$_6SJociF',95),('sjohnson','H$3HQv6k*Z',54),('smason','@GoZJzYmj5',69),('smelendez','z(Hqf7KbfY',22),('smiller','#%2JnPaLTf',33),('soliver','!y3EJgIvX3',21),('spadilla',')uXfo%t7d8',35),('spayne','oA6Hs*oA*&',103),('sperez','!2zQMwR8(E',134),('spugh','pG%*3OCqMn',106),('sreynolds','@d_1WXyaAs',70),('ssanders','$PNT^Xo828',113),('ssmith','w8LrzS95_+',173),('sstewart','X980QhWyH@',92),('svega','^tQkR6QvF^',77),('syang','b%74+JJgOO',85),('tblack','OD11rtPp)r',175),('tburke','*DePUpX*#3',23),('tcastillo','TA$8bhVkS3',115),('tgibbs','8G2X*fO)*p',18),('thiggins','$zaw@HlZ3m',81),('thumphrey','+9IbfRZIqg',188),('tmorgan','+tbY!hJac0',143),('tparsons','r$I5268f!M',88),('twilliams','OnSz7S#5B_',48),('twilliams1','@fMHZKQv(4',59),('vgarrett','s+8LsibJT_',79),('vmcknight','8B#3^NjwQ@',13),('vsmith','S2#XZkTd%C',71),('wfisher','!JKvZikkO4',72),('wjohnson','!R9E6FKm8%',12),('wjohnson1','_v@bO7KpaC',119),('woliver','4+9SPZ2w*7',44),('wpennington','Sy6B#F(zc@',112),('wvelasquez',')h4NCNzJ@3',163);
/*!40000 ALTER TABLE `AuthToken` ENABLE KEYS */;
UNLOCK TABLES;

--
-- Table structure for table `Branches`
--

DROP TABLE IF EXISTS `Branches`;
/*!40101 SET @saved_cs_client     = @@character_set_client */;
/*!40101 SET character_set_client = utf8 */;
CREATE TABLE `Branches` (
  `branch_id` int NOT NULL AUTO_INCREMENT,
  `address_id` int DEFAULT NULL,
  `branch_name` varchar(50) DEFAULT NULL,
  `branch_phone` varchar(25) DEFAULT NULL,
  PRIMARY KEY (`branch_id`),
  KEY `address_id` (`address_id`),
  CONSTRAINT `branches_ibfk_1` FOREIGN KEY (`address_id`) REFERENCES `Addresses` (`address_id`)
) ENGINE=InnoDB AUTO_INCREMENT=11 DEFAULT CHARSET=utf8mb4 COLLATE=utf8mb4_0900_ai_ci;
/*!40101 SET character_set_client = @saved_cs_client */;

--
-- Dumping data for table `Branches`
--

LOCK TABLES `Branches` WRITE;
/*!40000 ALTER TABLE `Branches` DISABLE KEYS */;
INSERT INTO `Branches` VALUES (1,21,'South Robertostad Branch','784-442-1886'),(2,21,'New Mathew Branch','2407222146'),(3,48,'New Joseland Branch','780-457-6087x187'),(4,11,'Ericport Branch','(434)350-1414x09113'),(5,36,'Seanfurt Branch','001-823-265-6776x174'),(6,39,'North Michaelchester Branch','(302)888-5102'),(7,40,'South Lisa Branch','373.893.8763x144'),(8,33,'Christopherland Branch','7759776033'),(9,31,'North Jennifer Branch','623-515-1368x50393'),(10,2,'Amyborough Branch','936.726.0813x072');
/*!40000 ALTER TABLE `Branches` ENABLE KEYS */;
UNLOCK TABLES;

--
-- Table structure for table `Customers`
--

DROP TABLE IF EXISTS `Customers`;
/*!40101 SET @saved_cs_client     = @@character_set_client */;
/*!40101 SET character_set_client = utf8 */;
CREATE TABLE `Customers` (
  `customer_id` int NOT NULL AUTO_INCREMENT,
  `first_name` varchar(50) DEFAULT NULL,
  `middle_name` varchar(50) DEFAULT NULL,
  `last_name` varchar(50) DEFAULT NULL,
  `email` varchar(50) DEFAULT NULL,
  `phone` varchar(25) DEFAULT NULL,
  `address_id` int DEFAULT NULL,
  PRIMARY KEY (`customer_id`),
  KEY `address_id` (`address_id`),
  CONSTRAINT `customers_ibfk_1` FOREIGN KEY (`address_id`) REFERENCES `Addresses` (`address_id`)
) ENGINE=InnoDB AUTO_INCREMENT=201 DEFAULT CHARSET=utf8mb4 COLLATE=utf8mb4_0900_ai_ci;
/*!40101 SET character_set_client = @saved_cs_client */;

--
-- Dumping data for table `Customers`
--

LOCK TABLES `Customers` WRITE;
/*!40000 ALTER TABLE `Customers` DISABLE KEYS */;
INSERT INTO `Customers` VALUES (1,'Megan','Michael','Ortiz','kevin26@example.com','208.324.6747x5419',23),(2,'Peter','Michael','Olson','randalllaurie@example.net','857.974.4805x5777',37),(3,'Gabrielle','Cheryl','Johnson','patriciaharris@example.net','(929)596-7106x85455',47),(4,'Jessica','Felicia','Coleman','nicholasgraves@example.com','917.862.1215',46),(5,'Abigail','Anthony','Singh','jessica44@example.com','319-895-7218',11),(6,'Robert','Kathryn','Russell','meganjenkins@example.com','463-753-3832',50),(7,'Heather','Sara','Blake','clayton19@example.org','505-464-9184x11009',42),(8,'Justin','Isaiah','Bryant','wardjennifer@example.net','+1-648-284-6569x5492',46),(9,'Douglas','Jessica','Jones','terrellfelicia@example.org','(616)921-8264',49),(10,'Alison','Robert','Howard','fweaver@example.com','(814)830-0753',42),(11,'Carol','Virginia','Johnson','williamskimberly@example.net','461-543-4533x572',22),(12,'Walter','Charles','Johnson','icrane@example.com','+1-738-488-0451x40877',16),(13,'Victor','Jamie','Mcknight','melindanavarro@example.com','890.843.0333',30),(14,'Carol','Amy','Davis','wbutler@example.org','367-640-2825',43),(15,'Emily','Pamela','Bush','breanna59@example.com','(211)837-8298x4637',45),(16,'Corey','Randy','Stone','xwhite@example.net','838.998.6277x83622',10),(17,'Lori','Ruben','Davis','pvilla@example.net','(849)857-5644x721',27),(18,'Thomas','Steven','Gibbs','vramos@example.com','001-933-654-5010x66677',22),(19,'Barbara','Elizabeth','Holmes','eweber@example.org','783.352.8184x519',4),(20,'Russell','Kelly','Kennedy','elizabeth75@example.net','218.521.7772',7),(21,'Sarah','Kimberly','Oliver','jenniferjohnson@example.org','697-776-9562',18),(22,'Stephanie','Austin','Melendez','gaildavis@example.net','001-730-948-9048',24),(23,'Tracy','Dakota','Burke','klittle@example.org','828.244.0692',16),(24,'Felicia','Ronald','Franklin','shannonharper@example.org','(770)508-5467',12),(25,'Amber','Mary','Cohen','toconnell@example.org','(477)568-1118',7),(26,'Olivia','Kenneth','Smith','joannholden@example.net','(741)581-2266x068',32),(27,'Peter','Sara','Franco','patelbrandi@example.net','709.903.2477x0257',49),(28,'Robert','Christopher','Williams','jwest@example.net','001-898-792-9699x16112',38),(29,'Jennifer','Jason','Guerra','richardhannah@example.net','+1-667-887-5272x847',17),(30,'Andrew','Joseph','Ortiz','dianecooper@example.org','+1-688-440-1032x184',37),(31,'Aaron','Joseph','Armstrong','jessica31@example.org','8627909513',23),(32,'Melinda','William','Price','elijah95@example.com','286.923.2574',10),(33,'Steven','Jeffrey','Miller','phillipsjennifer@example.com','001-582-312-6826x4702',27),(34,'Maria','Austin','Bailey','carl35@example.net','(809)689-6927',19),(35,'Sean','Keith','Padilla','taylorlaura@example.net','353.494.2748x073',20),(36,'Jeremy','Shannon','Riley','onguyen@example.net','001-324-885-0188',21),(37,'George','Mark','Wheeler','nicolejones@example.net','(418)312-6214x3667',44),(38,'Barbara','Christopher','Hull','moralesdevin@example.org','6729631256',17),(39,'John','Donna','Bonilla','jordanperry@example.org','756.230.8123',33),(40,'Jeffrey','James','Harrington','stephennelson@example.com','001-238-986-0983x0062',24),(41,'Richard','Darren','Henderson','wpatel@example.com','725.286.4094',40),(42,'Gabriel','David','Norman','sanchezbrittany@example.org','(946)850-1615',42),(43,'Daniel','Melissa','Turner','carolyn05@example.com','634-452-4151x7795',43),(44,'Whitney','Sabrina','Oliver','lopeznicole@example.net','672.431.2194',3),(45,'Emily','Anthony','Jensen','kodonnell@example.com','001-858-496-4771',42),(46,'Matthew','Kristy','Odom','jessicacraig@example.com','9474774412',38),(47,'Madison','James','Lopez','morgancontreras@example.org','967.976.1193',4),(48,'Taylor','Lisa','Williams','stevensmiranda@example.net','336.250.6546x023',23),(49,'Catherine','Brandon','Mcguire','thomas45@example.net','001-919-942-0226x5665',4),(50,'Rebecca','Paul','Saunders','toddmcbride@example.com','+1-481-382-5240',28),(51,'Juan','Susan','Walker','michael13@example.net','(353)619-4899',37),(52,'Maria','Manuel','Thompson','brodriguez@example.net','001-623-775-5282x3623',43),(53,'Ana','Dana','Jackson','danny37@example.com','589-801-7271',42),(54,'Sharon','Erika','Johnson','igray@example.com','974.565.6055',35),(55,'Denise','Michael','Parker','toni27@example.net','+1-667-369-5986',42),(56,'Melissa','Kristen','Bradley','sharpshannon@example.net','259.442.1429',24),(57,'Kelly','Tanner','Barron','adudley@example.org','735.559.7814x21846',49),(58,'Patty','Amanda','Watkins','brendacooper@example.com','658-658-5993x5945',29),(59,'Tom','Sherri','Williams','donald33@example.net','(727)312-5110x111',38),(60,'Jennifer','Jorge','Bailey','laurabrown@example.com','001-436-274-5846x428',1),(61,'Crystal','Jackie','Skinner','mark79@example.com','590.324.7437x010',27),(62,'Brittany','Jason','Richardson','dillonchristopher@example.net','+1-334-640-6954x75662',27),(63,'Alexander','Joseph','Wheeler','david62@example.org','553.652.1912x4913',33),(64,'Kathleen','Claire','Stone','idavidson@example.com','706-609-5544',12),(65,'Christina','Andre','Lucero','kristinarush@example.com','477.206.4981x13733',50),(66,'Jackson','Jason','Collins','younglisa@example.com','001-530-949-5158x2165',25),(67,'Renee','Robert','Kelley','andersonjean@example.org','851.912.1915x755',31),(68,'Juan','Kelly','Briggs','nicolestanton@example.com','597.772.7201x91360',25),(69,'Sean','Heather','Mason','joshuamoore@example.net','976.257.9366',50),(70,'Shannon','Dana','Reynolds','patricktran@example.net','397.494.6510x84074',2),(71,'Victoria','Renee','Smith','joshuaruiz@example.com','717.381.7891',20),(72,'Wyatt','Ruben','Fisher','kevinsims@example.org','(788)759-4180x9461',26),(73,'Angela','Caitlyn','Freeman','joshua93@example.net','(305)869-1074',31),(74,'Donna','Rebecca','Kaiser','csmith@example.com','472.814.7673',38),(75,'Lauren','Stephen','Jones','kimberly59@example.org','268-825-6270x30983',10),(76,'Randall','Deborah','Williams','katrinajohns@example.com','293.846.1493',16),(77,'Scott','Paul','Vega','webertara@example.net','+1-728-779-8761',44),(78,'Austin','David','Burke','annking@example.net','752.994.1600',39),(79,'Veronica','Amy','Garrett','qevans@example.net','(601)257-5505',18),(80,'Kathy','James','Reed','rebecca91@example.com','4036581795',31),(81,'Tony','Makayla','Higgins','brendawhitaker@example.org','(329)984-5390x273',11),(82,'Bryan','Tiffany','Cruz','klee@example.net','001-854-335-0365',17),(83,'Lauren','Amanda','Little','cmoore@example.org','001-591-761-1909',49),(84,'Patrick','Susan','Alexander','mpeters@example.com','001-974-959-2480x864',18),(85,'Stephanie','Mario','Yang','tbrown@example.org','001-348-282-8359',40),(86,'Richard','Melissa','Jacobs','adrian85@example.net','252.965.9831',35),(87,'Laurie','Jill','Palmer','jamesgraves@example.net','977.230.1788',22),(88,'Teresa','Justin','Parsons','ldavis@example.net','618-364-8369',1),(89,'Jacob','Sara','Brown','paula76@example.org','+1-507-463-8469',22),(90,'Danielle','Michael','Roman','tammy20@example.com','(599)896-8348x300',18),(91,'Erica','Megan','Smith','jenkinsdavid@example.net','5478554814',32),(92,'Samuel','Jose','Stewart','fwilliams@example.net','379-605-7498',11),(93,'Carol','Robert','Leonard','charles16@example.com','(408)306-1253x658',22),(94,'Christy','James','Warren','smithjennifer@example.org','911-454-2846x338',18),(95,'Susan','Kathryn','Garrett','melissastewart@example.com','870.437.3236',16),(96,'Holly','Melanie','Burke','tking@example.com','941-830-0469x74041',16),(97,'Brett','James','Alvarado','shannonlauren@example.com','612-510-3164x74202',39),(98,'Phillip','Roger','Grimes','maynardkathy@example.com','001-707-473-2575x628',5),(99,'Erica','Matthew','Chavez','tcisneros@example.net','(384)665-7904',43),(100,'Dominique','Manuel','Watson','robertwolfe@example.net','290.201.4764',20),(101,'Kelli','Kimberly','Morris','zlambert@example.com','001-661-712-8849x80872',17),(102,'Stephanie','Thomas','Floyd','joel93@example.net','(936)880-6905x9955',15),(103,'Sherry','Michelle','Payne','avillanueva@example.net','+1-499-201-2786x1533',7),(104,'Rebecca','Caleb','Nguyen','wgomez@example.org','8203201967',22),(105,'Kayla','Shane','Mccarthy','smithlaurie@example.com','378.388.6906x256',17),(106,'Shelley','Amanda','Pugh','tlewis@example.net','(578)894-4353',21),(107,'Brandon','Robert','Byrd','lindsay77@example.com','264.557.4866',33),(108,'John','Shelley','Martin','lauriegoodwin@example.com','001-964-885-3468x8131',33),(109,'David','Anne','Humphrey','mckaybrian@example.com','695.363.2682',49),(110,'Jacob','Michelle','Hardy','barbarastephens@example.net','001-624-764-9695',18),(111,'Kevin','Joshua','Hernandez','tammie40@example.net','+1-776-252-1104x4577',31),(112,'William','Jodi','Pennington','jasonbrady@example.net','7479770008',19),(113,'Stephanie','Jason','Sanders','johnsmith@example.com','887-490-8614x881',21),(114,'Patricia','Daniel','Hanson','ashleyle@example.net','495-559-5464x5700',36),(115,'Tamara','Michael','Castillo','kristinajacobs@example.com','9004757863',4),(116,'Mathew','Jamie','Ferguson','villaamanda@example.net','261-486-0113',36),(117,'Rachel','Anita','Griffith','jparker@example.org','001-975-302-0008',23),(118,'Ashley','Christopher','Wells','gabrielbauer@example.net','409.577.1838',29),(119,'Wanda','Nicole','Johnson','dortiz@example.com','+1-431-900-7150x052',45),(120,'Corey','Rickey','Smith','sarah69@example.com','804-792-0932x9482',2),(121,'Jacob','Taylor','Hill','cbartlett@example.org','001-296-696-0635x283',47),(122,'Nathan','Eric','Martin','brownjessica@example.net','698-515-9083',50),(123,'Evan','Raymond','Matthews','dhill@example.net','001-526-638-0885x71976',1),(124,'Grace','Tyler','Thomas','sara86@example.org','001-497-610-1184',41),(125,'Donna','Jessica','Crawford','chodge@example.org','(830)844-7879x37369',45),(126,'Alyssa','Eric','Brown','jcarter@example.org','001-596-650-2399x778',42),(127,'Katherine','Bridget','Day','paulreyes@example.org','816-905-5340x013',41),(128,'Joseph','Tammy','Paul','kelly18@example.org','001-959-441-0657x7077',31),(129,'Angie','Michelle','Moody','amandamorrison@example.net','+1-448-516-3894',40),(130,'Danielle','Jose','Shah','jeremy21@example.com','+1-230-378-3535x83368',30),(131,'Donald','Keith','Williams','valdezcarrie@example.com','001-470-704-9897x785',25),(132,'Jason','Kathryn','Erickson','fross@example.org','(289)824-9105',28),(133,'Christina','Patricia','Moore','wardchristopher@example.com','+1-580-935-7678x88060',22),(134,'Shelly','Catherine','Perez','jameshughes@example.org','+1-605-555-3013x882',18),(135,'Natalie','James','Dominguez','nathanwhite@example.org','001-624-939-6188x30212',43),(136,'Jessica','Amy','Jones','pramirez@example.org','+1-404-669-5449x8146',43),(137,'Ronald','Carlos','Anderson','william83@example.net','736.676.5359x1785',7),(138,'John','Gabriel','Phillips','afarmer@example.com','(256)492-0577x1035',7),(139,'Karen','Emily','Martin','seanmarshall@example.net','3855277465',20),(140,'Alicia','Douglas','Lopez','franklinpaul@example.com','9338500956',21),(141,'Megan','Ruben','King','travispeters@example.net','649-468-0771x259',22),(142,'John','Jennifer','Casey','sabrinaflores@example.com','908-506-5732',2),(143,'Tara','Erin','Morgan','ywallace@example.net','261.992.5991',39),(144,'Evan','Joseph','Murray','harmonrobert@example.net','567.228.5861',34),(145,'Mary','Jennifer','Vargas','dawnruiz@example.net','001-323-234-9021x78795',9),(146,'Maria','Anna','Hernandez','emilywhitehead@example.org','3962952462',43),(147,'Jessica','Laura','Clements','ebaird@example.com','(619)948-4070x8286',3),(148,'Michael','Cassandra','Morgan','rangelscott@example.com','+1-736-320-9532x161',22),(149,'Robert','Shannon','Mathews','kathryncherry@example.com','423-482-1206x725',29),(150,'Leah','Jonathan','Gonzalez','christina11@example.net','(307)588-5872x18196',33),(151,'Jill','Sarah','Johnson','ugibson@example.net','(630)570-3228',25),(152,'James','Toni','Hahn','sjohnson@example.org','513-561-2395x354',11),(153,'Ashley','Joseph','Martinez','nguyenpatrick@example.net','001-940-909-4895',7),(154,'Jose','Jennifer','Nelson','paulmeyer@example.net','408.719.2816x175',5),(155,'Rebecca','Linda','Melendez','fernandezjames@example.com','886-569-5504x85935',40),(156,'Jessica','Madison','Smith','rachel77@example.org','411-215-0078x5263',23),(157,'Grace','Laura','Waters','macdonaldvanessa@example.net','858.334.5740',48),(158,'Anthony','Michael','Barker','ygonzalez@example.org','(492)768-1767x175',16),(159,'Joel','Jessica','Thompson','jerry50@example.net','(255)234-2638x2251',6),(160,'Carlos','Michael','Davis','gcervantes@example.com','3456042978',34),(161,'Alexandra','Jacqueline','Peterson','panderson@example.org','658-900-8440x50539',24),(162,'Christine','Selena','Daugherty','david23@example.net','511-570-0618',36),(163,'Wendy','Marissa','Velasquez','tonythomas@example.org','568.745.9962x79413',30),(164,'Felicia','Mark','Kim','crystalhartman@example.com','(349)910-6282x411',24),(165,'Angela','Joshua','Gibbs','rebekah14@example.net','+1-957-319-0179x2003',15),(166,'Jorge','Shelia','Brooks','billy90@example.net','508.784.4163x27369',42),(167,'Nathan','Daniel','Waller','eevans@example.net','001-938-769-5943',4),(168,'Gregory','Paula','Cox','nicoleboyer@example.org','001-564-220-1008x7971',5),(169,'Kevin','David','Lopez','ilee@example.org','842-252-2455',30),(170,'Isaac','Tammy','Mason','lauren42@example.net','915.362.2806x332',6),(171,'Lindsay','Aaron','Rice','murphymarc@example.org','2435181869',50),(172,'David','Jennifer','Perry','danielleharris@example.net','(628)560-3486x36615',31),(173,'Stephanie','Sarah','Smith','mathewcarlson@example.com','+1-677-847-8153x75323',18),(174,'Emily','Nathan','Anderson','tomlong@example.net','001-231-579-8645x2782',45),(175,'Tanya','Martin','Black','jerrymoore@example.net','(869)607-2461x84087',6),(176,'John','Kristy','Lynch','donnatorres@example.com','(864)523-3771',32),(177,'Emily','Rachel','Bishop','obell@example.org','(646)981-6259x0201',43),(178,'Jennifer','Ronald','Sweeney','smartin@example.com','001-777-973-5094x47099',3),(179,'Sandra','Amanda','Daniels','jspencer@example.com','(572)944-2164x738',43),(180,'Brian','Eric','Flores','megan95@example.com','001-914-834-6062x84323',43),(181,'Maria','Mary','Santos','jamiewheeler@example.com','700-356-7768x99300',14),(182,'Douglas','Andrew','Martinez','smithjacob@example.com','(428)521-6099x572',37),(183,'Anthony','James','Chambers','uwilliams@example.com','944-505-6079',45),(184,'Meredith','James','Graham','elizabethadkins@example.net','+1-260-936-5353x16531',29),(185,'Justin','Jessica','Ellis','walkerchristopher@example.net','452-777-1074x6617',31),(186,'Randall','Pamela','Schneider','cellis@example.net','(288)523-2603x9634',15),(187,'Gary','Tiffany','Gonzalez','nicole96@example.com','001-642-419-7198x441',43),(188,'Thomas','Ryan','Humphrey','waltersjane@example.net','766.625.1910x0414',7),(189,'Ruben','Jimmy','Evans','rebeccagonzalez@example.org','+1-411-328-6699',32),(190,'Lisa','Zachary','Martin','elizabethwelch@example.net','954-603-4981',3),(191,'Doris','James','Johnson','bcraig@example.com','575-743-9436',36),(192,'Carla','Samantha','Arnold','iquinn@example.org','(370)736-0977',30),(193,'Joseph','Jose','Johnson','tkirk@example.org','(411)555-7906',17),(194,'Michael','Kyle','Adams','reedchelsea@example.org','(583)577-7006',37),(195,'Robert','Troy','Wilson','vbarron@example.com','239-963-1167x0501',33),(196,'Lisa','Angela','Hill','cdominguez@example.net','302-498-6106x044',21),(197,'John','Stephen','Camacho','kayla87@example.org','(863)741-2782',42),(198,'John','Miguel','Hamilton','johnsonholly@example.net','001-314-854-2403x04630',11),(199,'Brian','Stephanie','Bauer','williamsdonald@example.net','001-687-598-9449x1766',50),(200,'Brett','Jonathan','Berry','janicesimmons@example.net','724-595-9901',48);
/*!40000 ALTER TABLE `Customers` ENABLE KEYS */;
UNLOCK TABLES;

--
-- Table structure for table `Transactions`
--

DROP TABLE IF EXISTS `Transactions`;
/*!40101 SET @saved_cs_client     = @@character_set_client */;
/*!40101 SET character_set_client = utf8 */;
CREATE TABLE `Transactions` (
  `transaction_id` int NOT NULL AUTO_INCREMENT,
  `account_id` varchar(50) DEFAULT NULL,
  `amount` decimal(15,2) DEFAULT NULL,
  `date` date DEFAULT NULL,
  `status` varchar(50) DEFAULT NULL,
  `category` varchar(50) DEFAULT NULL,
  `service` varchar(50) DEFAULT NULL,
  `balance_at_time_of` decimal(15,2) DEFAULT NULL,
  PRIMARY KEY (`transaction_id`),
  KEY `account_id` (`account_id`),
  CONSTRAINT `transactions_ibfk_1` FOREIGN KEY (`account_id`) REFERENCES `Accounts` (`account_number`)
) ENGINE=InnoDB AUTO_INCREMENT=201 DEFAULT CHARSET=utf8mb4 COLLATE=utf8mb4_0900_ai_ci;
/*!40101 SET character_set_client = @saved_cs_client */;

--
-- Dumping data for table `Transactions`
--

LOCK TABLES `Transactions` WRITE;
/*!40000 ALTER TABLE `Transactions` DISABLE KEYS */;
INSERT INTO `Transactions` VALUES (1,'JIQK11291853429527',129.84,'2025-01-13','Completed','Salary','In-Branch',8867.88),(2,'VIRN08302255609053',590.00,'2025-01-08','Completed','Shopping','ATM',9767.46),(3,'XJVX59326967827390',80.50,'2025-01-06','Pending','Utilities','ATM',4742.20),(4,'KUHV38219144556505',967.63,'2025-01-04','Pending','Utilities','ATM',7334.19),(5,'BKLI11173622744212',415.55,'2025-01-01','Failed','Investment','In-Branch',3228.20),(6,'FRQL11766707822310',995.06,'2025-01-05','Pending','Salary','In-Branch',2806.84),(7,'PFNF33307483423744',904.25,'2025-01-10','Completed','Utilities','ATM',229.26),(8,'LGCQ46231639675502',234.57,'2025-01-05','Pending','Utilities','In-Branch',7668.43),(9,'EEGR41032810112404',479.54,'2025-01-14','Completed','Utilities','ATM',9673.25),(10,'QYJQ92026170132463',296.53,'2025-01-03','Pending','Shopping','Online',2454.94),(11,'BQRA50990872995501',423.45,'2025-01-07','Failed','Salary','Online',9644.90),(12,'IDSM69353809733131',345.07,'2025-01-13','Failed','Shopping','ATM',2596.51),(13,'ONIM30973622122628',629.07,'2025-01-10','Failed','Utilities','ATM',8785.84),(14,'ULXF82262816324450',622.41,'2025-01-01','Completed','Utilities','Online',3078.70),(15,'XNCA56005779196408',724.74,'2025-01-03','Completed','Investment','ATM',3488.48),(16,'FTFS45414050284528',992.70,'2025-01-10','Completed','Investment','Online',623.26),(17,'CLHO11022208291101',40.47,'2025-01-10','Failed','Shopping','Online',9936.75),(18,'SFLY03697114154958',973.62,'2025-01-05','Failed','Shopping','Online',6953.63),(19,'TIZM81722220799184',686.86,'2025-01-14','Pending','Utilities','ATM',825.39),(20,'RYHU11827062177354',616.46,'2025-01-01','Completed','Salary','ATM',5824.84),(21,'WLCG37531198077446',599.46,'2025-01-10','Pending','Shopping','Online',3517.25),(22,'IAPB94167370903831',72.23,'2025-01-04','Completed','Investment','Online',5885.49),(23,'ZQIS02425742615057',763.89,'2025-01-13','Completed','Utilities','Online',1191.61),(24,'ZTAH09170022685476',858.07,'2025-01-06','Pending','Utilities','Online',3801.25),(25,'FEKJ27866711846672',22.57,'2025-01-03','Failed','Utilities','In-Branch',4308.59),(26,'NBTI32594310929708',958.79,'2025-01-07','Completed','Utilities','ATM',6704.90),(27,'YBWC07627226385242',111.06,'2025-01-01','Pending','Shopping','ATM',7137.22),(28,'XXIX81218264842665',94.35,'2025-01-11','Completed','Shopping','ATM',9928.41),(29,'TBQT12144317829304',877.46,'2025-01-11','Completed','Investment','Online',8486.99),(30,'ZCES63636438768331',717.28,'2025-01-09','Completed','Investment','Online',7670.30),(31,'TLKO40622337701223',954.29,'2025-01-01','Completed','Investment','ATM',7971.82),(32,'NYYG32616810602052',430.52,'2025-01-02','Completed','Salary','Online',5428.51),(33,'NYYG32616810602052',930.37,'2025-01-12','Failed','Shopping','Online',2512.53),(34,'SOVJ67940338684163',501.70,'2025-01-06','Pending','Salary','ATM',1522.16),(35,'MKCI56788129099452',120.51,'2025-01-04','Failed','Investment','In-Branch',9871.43),(36,'WNVP26288757681960',770.48,'2025-01-01','Failed','Shopping','In-Branch',4991.71),(37,'KMDX99747130279541',324.51,'2025-01-14','Failed','Utilities','Online',3235.23),(38,'TIZM81722220799184',585.16,'2025-01-14','Completed','Salary','ATM',1103.26),(39,'BYTS02757671912010',895.54,'2025-01-10','Completed','Salary','ATM',5449.49),(40,'DMYX68965209310348',636.46,'2025-01-03','Pending','Utilities','ATM',7305.73),(41,'FBEO67484195915965',112.78,'2025-01-13','Pending','Investment','In-Branch',2587.60),(42,'XJVX59326967827390',145.27,'2025-01-05','Failed','Shopping','ATM',5546.84),(43,'HSCD63148413213135',106.54,'2025-01-12','Completed','Utilities','Online',2310.78),(44,'LXBU90662294451247',61.13,'2025-01-06','Pending','Utilities','In-Branch',1270.63),(45,'WUMB75763984812505',47.24,'2025-01-08','Failed','Utilities','ATM',940.41),(46,'QJVP38341915737298',771.95,'2025-01-07','Failed','Shopping','In-Branch',4120.54),(47,'LEIS82145385055926',462.03,'2025-01-04','Pending','Salary','In-Branch',9393.79),(48,'DPVN68543325795548',760.04,'2025-01-02','Completed','Shopping','ATM',8316.28),(49,'ZTAH09170022685476',367.14,'2025-01-10','Failed','Salary','In-Branch',8609.06),(50,'AHBS19935104016768',136.30,'2025-01-14','Completed','Salary','In-Branch',5941.57),(51,'DRUS94771280102260',897.10,'2025-01-14','Pending','Utilities','ATM',1231.09),(52,'PKZX99667015477250',785.64,'2025-01-02','Failed','Shopping','Online',591.45),(53,'VKUJ16140891264774',113.17,'2025-01-13','Failed','Shopping','Online',3053.18),(54,'SSKL00407943075241',609.60,'2025-01-07','Completed','Salary','Online',6413.33),(55,'GGUQ57480916276822',534.22,'2025-01-03','Completed','Utilities','Online',9236.91),(56,'CYAR35546735461355',807.83,'2025-01-08','Failed','Shopping','In-Branch',5977.98),(57,'TGYW02360726722066',808.57,'2025-01-08','Completed','Salary','ATM',8090.16),(58,'OOER94256219640221',823.74,'2025-01-13','Failed','Shopping','Online',8697.57),(59,'RYHU11827062177354',446.96,'2025-01-05','Failed','Shopping','ATM',3741.02),(60,'DYOP11213865135661',90.58,'2025-01-02','Failed','Shopping','Online',5691.51),(61,'TIZM81722220799184',51.74,'2025-01-05','Pending','Utilities','Online',4784.29),(62,'GVBM77021515794643',797.68,'2025-01-01','Completed','Salary','ATM',8415.87),(63,'SSKL00407943075241',430.38,'2025-01-05','Failed','Utilities','ATM',4306.93),(64,'DADJ66103959317930',154.22,'2025-01-11','Completed','Salary','In-Branch',4179.13),(65,'HQFE07784054885457',836.36,'2025-01-06','Completed','Salary','ATM',1431.06),(66,'VIRN08302255609053',488.09,'2025-01-03','Completed','Investment','In-Branch',420.61),(67,'KTCX45903722376328',831.48,'2025-01-05','Failed','Salary','ATM',6199.36),(68,'KUHV38219144556505',439.69,'2025-01-01','Failed','Shopping','In-Branch',16.42),(69,'YZJW87557706024644',660.38,'2025-01-10','Pending','Salary','Online',1788.54),(70,'CHOY73015424855959',208.60,'2025-01-11','Completed','Investment','Online',1131.07),(71,'DZMK25952665981302',870.56,'2025-01-09','Pending','Investment','In-Branch',9331.37),(72,'TVRU71678157837937',733.97,'2025-01-11','Completed','Investment','Online',7988.03),(73,'JPDR26608355844421',717.58,'2025-01-08','Completed','Salary','In-Branch',9285.13),(74,'NBEV77197541086495',961.40,'2025-01-04','Pending','Utilities','Online',5390.74),(75,'CJXS64718623120863',452.31,'2025-01-11','Completed','Utilities','ATM',5953.98),(76,'BTXX53127080472022',736.81,'2025-01-04','Failed','Utilities','Online',45.60),(77,'IQCZ54840590032259',434.55,'2025-01-11','Pending','Utilities','Online',1748.34),(78,'HFZA26595413500178',575.34,'2025-01-04','Pending','Salary','Online',4843.82),(79,'RSKE56810834477664',364.21,'2025-01-04','Failed','Shopping','In-Branch',9772.18),(80,'NKDI04373485011576',174.54,'2025-01-12','Pending','Salary','In-Branch',36.67),(81,'ENMH69974755639287',260.81,'2025-01-11','Failed','Shopping','In-Branch',5271.79),(82,'TXUA74040002264829',718.24,'2025-01-07','Pending','Salary','In-Branch',5546.74),(83,'JEAY89481105696371',253.08,'2025-01-13','Pending','Utilities','ATM',9858.45),(84,'ENMH69974755639287',790.24,'2025-01-13','Completed','Investment','Online',7912.68),(85,'MFZD01764747170382',32.90,'2025-01-13','Completed','Shopping','Online',5230.99),(86,'BBBN89773767236740',397.35,'2025-01-03','Pending','Salary','Online',3728.04),(87,'PXHI88360797787203',639.95,'2025-01-13','Completed','Salary','ATM',2289.30),(88,'IQCZ54840590032259',152.78,'2025-01-06','Failed','Utilities','ATM',7185.09),(89,'TKRI59528177725149',881.58,'2025-01-09','Completed','Investment','In-Branch',595.14),(90,'WKFX86086698189620',752.35,'2025-01-07','Pending','Investment','ATM',7798.89),(91,'QMOL38326115733709',60.40,'2025-01-12','Failed','Salary','ATM',2163.08),(92,'VTOP70220165706951',957.16,'2025-01-02','Completed','Utilities','ATM',6074.97),(93,'XVXR01728575077157',489.99,'2025-01-12','Completed','Investment','In-Branch',3383.17),(94,'QFCY75546239042292',448.59,'2025-01-11','Pending','Utilities','Online',8843.70),(95,'RYHU11827062177354',477.18,'2025-01-12','Failed','Salary','Online',1658.81),(96,'FRQL11766707822310',185.15,'2025-01-08','Completed','Utilities','In-Branch',4074.82),(97,'ISKR92104247961260',112.02,'2025-01-12','Pending','Investment','In-Branch',5553.06),(98,'WBTI07072798103664',964.27,'2025-01-14','Completed','Salary','ATM',3554.28),(99,'WKFX86086698189620',140.06,'2025-01-14','Pending','Utilities','Online',5350.79),(100,'XDMH91875596954153',74.10,'2025-01-10','Completed','Investment','In-Branch',1347.49),(101,'XAHX99410848553157',795.20,'2025-01-05','Completed','Investment','ATM',9742.61),(102,'TKRI59528177725149',275.38,'2025-01-07','Completed','Salary','Online',3221.98),(103,'CDTC79783788639922',758.21,'2025-01-09','Failed','Investment','In-Branch',5814.40),(104,'MKCI56788129099452',875.58,'2025-01-06','Pending','Utilities','In-Branch',6866.83),(105,'ISKR92104247961260',430.63,'2025-01-10','Pending','Investment','ATM',4657.80),(106,'LZAI77528405633153',35.37,'2025-01-09','Pending','Utilities','ATM',9148.00),(107,'RSKE56810834477664',885.13,'2025-01-06','Pending','Salary','Online',1186.30),(108,'CTJV49048259014444',586.64,'2025-01-12','Pending','Salary','In-Branch',1018.64),(109,'JEAY89481105696371',81.72,'2025-01-03','Pending','Shopping','In-Branch',9034.86),(110,'ENMH69974755639287',674.54,'2025-01-05','Completed','Utilities','In-Branch',2719.18),(111,'VJUV56790769034920',789.47,'2025-01-08','Failed','Shopping','In-Branch',7779.29),(112,'JEAY89481105696371',601.06,'2025-01-09','Completed','Shopping','Online',8451.82),(113,'UWXR56717099168879',279.82,'2025-01-10','Failed','Shopping','ATM',4176.92),(114,'BXZH94950508394137',576.39,'2025-01-10','Failed','Investment','ATM',1811.80),(115,'LUCC30569323034640',985.79,'2025-01-09','Failed','Shopping','ATM',5677.60),(116,'YZJW87557706024644',206.97,'2025-01-03','Completed','Shopping','ATM',1642.41),(117,'SFLY03697114154958',848.53,'2025-01-09','Completed','Utilities','Online',7537.40),(118,'ZGUM98768551748028',858.32,'2025-01-14','Pending','Investment','ATM',7175.81),(119,'XEVW08831227688622',578.84,'2025-01-04','Pending','Investment','Online',743.09),(120,'SZCY83257151821904',987.75,'2025-01-02','Pending','Utilities','In-Branch',8725.38),(121,'LENH21651531050656',469.56,'2025-01-06','Completed','Shopping','Online',1244.71),(122,'CZDH51556907856195',102.80,'2025-01-11','Failed','Salary','In-Branch',6922.64),(123,'JEAY89481105696371',189.25,'2025-01-01','Failed','Salary','Online',6699.88),(124,'JEAY89481105696371',966.01,'2025-01-07','Failed','Salary','ATM',3395.34),(125,'WVDD45675074210843',82.74,'2025-01-04','Pending','Utilities','In-Branch',2365.24),(126,'VJUV56790769034920',618.75,'2025-01-01','Pending','Salary','ATM',9688.98),(127,'BQRA50990872995501',109.56,'2025-01-03','Pending','Investment','In-Branch',1151.75),(128,'SSVC91131688738619',394.95,'2025-01-11','Failed','Utilities','Online',7153.62),(129,'XNCA56005779196408',564.98,'2025-01-13','Pending','Salary','ATM',7028.06),(130,'GGUQ57480916276822',604.16,'2025-01-04','Pending','Investment','Online',7146.76),(131,'KMDX99747130279541',859.68,'2025-01-11','Failed','Investment','ATM',6295.89),(132,'LXBU90662294451247',266.95,'2025-01-12','Completed','Utilities','ATM',4236.08),(133,'GDCQ70919551871171',291.54,'2025-01-07','Completed','Shopping','In-Branch',1365.84),(134,'WFAE26245126841531',79.46,'2025-01-05','Completed','Salary','ATM',5400.59),(135,'TZLH37359276307525',974.19,'2025-01-14','Completed','Investment','In-Branch',2592.81),(136,'FBEO67484195915965',782.93,'2025-01-11','Failed','Utilities','In-Branch',3250.07),(137,'ZZXY27554970862207',105.82,'2025-01-04','Pending','Utilities','In-Branch',5284.29),(138,'CVPE38199348715596',413.21,'2025-01-07','Completed','Shopping','In-Branch',9126.77),(139,'NYYG32616810602052',641.27,'2025-01-05','Failed','Salary','Online',2104.94),(140,'ZBDO09967582140329',823.85,'2025-01-06','Completed','Investment','Online',6878.31),(141,'LYCL09447130616892',168.89,'2025-01-09','Failed','Investment','Online',5600.40),(142,'JEAY89481105696371',810.61,'2025-01-07','Failed','Salary','Online',3436.81),(143,'WLCG37531198077446',53.43,'2025-01-01','Failed','Investment','ATM',592.33),(144,'SSVC91131688738619',288.41,'2025-01-14','Failed','Shopping','In-Branch',4069.47),(145,'DADJ66103959317930',405.08,'2025-01-11','Failed','Shopping','ATM',315.74),(146,'PGGR62581438563040',669.82,'2025-01-14','Completed','Shopping','ATM',7214.12),(147,'LYCL09447130616892',248.37,'2025-01-07','Failed','Investment','ATM',6126.77),(148,'JRZL69117571082074',82.48,'2025-01-13','Completed','Salary','In-Branch',1852.91),(149,'CLHO11022208291101',203.91,'2025-01-12','Pending','Salary','ATM',7166.89),(150,'ZGUM98768551748028',612.46,'2025-01-11','Failed','Shopping','Online',3135.14),(151,'LMQE24726879493770',446.16,'2025-01-10','Pending','Salary','ATM',4158.42),(152,'KFWO78420424811285',700.54,'2025-01-02','Pending','Investment','In-Branch',8227.45),(153,'NBTI32594310929708',94.20,'2025-01-09','Completed','Salary','ATM',8992.31),(154,'XMTV97214531913185',784.02,'2025-01-11','Failed','Utilities','Online',9063.41),(155,'JKZX52389483000052',360.41,'2025-01-01','Pending','Shopping','ATM',8749.24),(156,'CVPE38199348715596',164.57,'2025-01-10','Completed','Shopping','ATM',1017.76),(157,'VJTV46119988666674',924.34,'2025-01-09','Failed','Shopping','Online',3710.29),(158,'GKVZ28667550929948',583.74,'2025-01-10','Failed','Shopping','In-Branch',9115.87),(159,'NKDI04373485011576',30.42,'2025-01-04','Failed','Investment','ATM',6333.03),(160,'XJVX59326967827390',357.71,'2025-01-14','Completed','Investment','ATM',9840.83),(161,'GZVN14235380188435',26.56,'2025-01-14','Failed','Salary','ATM',3361.76),(162,'BBBN89773767236740',607.90,'2025-01-09','Completed','Salary','In-Branch',3856.42),(163,'YMMG38639906876540',87.28,'2025-01-11','Completed','Utilities','In-Branch',1437.76),(164,'TFRG72409694212640',560.14,'2025-01-01','Pending','Investment','In-Branch',9883.64),(165,'XXIX81218264842665',967.64,'2025-01-03','Completed','Salary','In-Branch',2058.55),(166,'VKUJ16140891264774',651.44,'2025-01-10','Pending','Shopping','In-Branch',7051.40),(167,'BKLI11173622744212',699.85,'2025-01-03','Completed','Investment','Online',5956.85),(168,'LZAI77528405633153',410.41,'2025-01-03','Failed','Shopping','ATM',3702.73),(169,'SVPX70427201004535',849.43,'2025-01-10','Pending','Utilities','ATM',3457.63),(170,'EEGR41032810112404',561.20,'2025-01-01','Completed','Salary','ATM',3398.77),(171,'XLPC50315660902364',963.69,'2025-01-10','Failed','Shopping','ATM',398.54),(172,'LSXL19179462915724',661.41,'2025-01-04','Pending','Utilities','In-Branch',8212.73),(173,'SFLY03697114154958',635.40,'2025-01-10','Failed','Salary','Online',9443.93),(174,'LEYW58234645691963',612.38,'2025-01-10','Pending','Salary','In-Branch',8551.08),(175,'DHUS38621933098977',186.99,'2025-01-02','Pending','Shopping','ATM',8414.54),(176,'XAHX99410848553157',319.54,'2025-01-04','Completed','Salary','ATM',3789.06),(177,'YOPA13757340482028',933.92,'2025-01-09','Completed','Utilities','Online',4244.60),(178,'IXJT72284187907611',237.88,'2025-01-08','Completed','Salary','Online',6045.55),(179,'WLCG37531198077446',711.50,'2025-01-10','Pending','Investment','In-Branch',3560.20),(180,'CTJV49048259014444',437.93,'2025-01-14','Pending','Investment','Online',3920.23),(181,'TKRI59528177725149',462.70,'2025-01-13','Failed','Shopping','ATM',5475.77),(182,'WFAE26245126841531',379.76,'2025-01-10','Pending','Utilities','In-Branch',6741.76),(183,'BVAI93858434590680',475.90,'2025-01-03','Completed','Investment','ATM',9947.31),(184,'UJAL92256064722506',306.90,'2025-01-07','Completed','Shopping','In-Branch',3185.82),(185,'KTUQ27457526800651',29.92,'2025-01-03','Completed','Salary','Online',3133.03),(186,'GGUQ57480916276822',313.52,'2025-01-09','Completed','Shopping','ATM',5366.94),(187,'RBIH16642973432053',844.83,'2025-01-13','Failed','Salary','In-Branch',3660.54),(188,'HWUD87511047081878',610.93,'2025-01-05','Completed','Shopping','Online',8578.31),(189,'YCLV36891638253015',904.47,'2025-01-11','Failed','Utilities','Online',4216.14),(190,'KMDX99747130279541',865.33,'2025-01-09','Failed','Investment','Online',2478.24),(191,'ZOUU73942735298798',695.30,'2025-01-01','Failed','Salary','Online',915.46),(192,'XLPC50315660902364',337.56,'2025-01-01','Failed','Investment','Online',3756.80),(193,'LKWU42044513127340',577.06,'2025-01-14','Completed','Utilities','Online',9812.29),(194,'VGXX16695457021081',941.68,'2025-01-01','Pending','Utilities','In-Branch',9076.86),(195,'MOOB69176042847751',363.73,'2025-01-13','Pending','Shopping','In-Branch',3928.48),(196,'LXBU90662294451247',254.72,'2025-01-11','Failed','Utilities','Online',6626.52),(197,'STRO08898598259369',511.58,'2025-01-06','Pending','Shopping','In-Branch',7919.83),(198,'FEKJ27866711846672',531.09,'2025-01-06','Completed','Investment','ATM',3210.34),(199,'NORK66727533280128',169.96,'2025-01-03','Pending','Utilities','In-Branch',19.32),(200,'UXLI37116757765100',393.37,'2025-01-08','Pending','Investment','ATM',5963.32);
/*!40000 ALTER TABLE `Transactions` ENABLE KEYS */;
UNLOCK TABLES;
/*!40103 SET TIME_ZONE=@OLD_TIME_ZONE */;

/*!40101 SET SQL_MODE=@OLD_SQL_MODE */;
/*!40014 SET FOREIGN_KEY_CHECKS=@OLD_FOREIGN_KEY_CHECKS */;
/*!40014 SET UNIQUE_CHECKS=@OLD_UNIQUE_CHECKS */;
/*!40101 SET CHARACTER_SET_CLIENT=@OLD_CHARACTER_SET_CLIENT */;
/*!40101 SET CHARACTER_SET_RESULTS=@OLD_CHARACTER_SET_RESULTS */;
/*!40101 SET COLLATION_CONNECTION=@OLD_COLLATION_CONNECTION */;
/*!40111 SET SQL_NOTES=@OLD_SQL_NOTES */;

-- Dump completed on 2025-01-20 10:13:37
